name,common_name,type,type_fr,ra_h,dec_deg,size_w_arcmin,size_h_arcmin,mag,filter,messier
NGC7814,,G,galaxie,0.0541,16.1454,4.37,1.88,10.6,sans,
NGC0016,,G,galaxie,0.1512,27.7294,1.74,0.85,12.0,sans,
NGC0023,,G,galaxie,0.1648,25.9238,1.55,1.22,11.98,sans,
NGC0024,,G,galaxie,0.1657,-24.9631,6.18,2.40,11.52,sans,
NGC0040,Bow-Tie nebula,PN,nebuleuse planetaire,0.217,72.5219,0.80,0.80,11.89,LP,
NGC0045,,G,galaxie,0.2344,-23.1821,6.18,4.44,10.44,sans,
NGC0055,,G,galaxie,0.2482,-39.1966,29.85,3.05,8.54,sans,
NGC0057,,G,galaxie,0.2586,17.3285,2.11,1.60,11.65,sans,
IC0010,,G,galaxie,0.3382,59.3038,6.76,6.03,10.35,sans,
NGC0104,47 Tuc Cluster,GCl,amas globulaire,0.4015,-72.0814,31.80,31.80,4.09,sans,
NGC0103,,OCl,amas ouvert,0.4212,61.3235,2.70,2.70,9.8,sans,
NGC0121,,GCl,amas globulaire,0.4467,-71.5357,3.80,3.10,11.24,sans,
NGC0128,,G,galaxie,0.4875,2.8641,3.16,0.87,11.63,sans,
NGC0129,,OCl,amas ouvert,0.4995,60.2112,5.40,5.40,6.5,sans,
NGC0134,,G,galaxie,0.5061,-33.244,8.38,1.79,10.31,sans,
NGC0133,,OCl,amas ouvert,0.5214,63.3526,2.10,2.10,9.4,sans,
NGC0146,,OCl,amas ouvert,0.5511,63.309,3.60,3.60,9.1,sans,
NGC0147,,G,galaxie,0.5534,48.5087,9.40,5.41,9.72,sans,
NGC0151,,G,galaxie,0.5674,-9.7053,3.74,2.31,11.66,sans,
NGC0150,,G,galaxie,0.571,-27.8036,3.54,1.60,11.41,sans,
NGC0185,,G,galaxie,0.6494,48.3374,12.94,10.76,9.2,sans,
NGC0189,,OCl,amas ouvert,0.6599,61.0945,2.70,2.70,8.8,sans,
M110,,G,galaxie,0.6728,41.6853,16.22,9.59,8.15,sans,110
NGC0210,,G,galaxie,0.6764,-13.8728,4.98,3.02,11.12,sans,
M32,,G,galaxie,0.7116,40.8653,7.74,4.86,8.13,sans,32
M31,Andromeda Galaxy,G,galaxie,0.7123,41.2691,177.83,69.66,3.44,sans,31
NGC0225,,OCl,amas ouvert,0.7268,61.7669,4.20,4.20,7.0,sans,
NGC0246,,PN,nebuleuse planetaire,0.7843,-11.8719,4.08,4.08,10.9,LP,
NGC0247,,G,galaxie,0.7857,-20.7604,19.68,5.55,9.21,sans,
NGC0188,,OCl,amas ouvert,0.791,85.2696,17.70,17.70,8.1,sans,
NGC0254,,G,galaxie,0.791,-31.4218,2.77,1.80,11.67,sans,
NGC0253,Sculptor Filament,G,galaxie,0.7925,-25.2882,26.79,4.58,11.11,sans,
NGC0255,,G,galaxie,0.7965,-11.4687,2.04,1.85,11.93,sans,
NGC0266,,G,galaxie,0.8299,32.2777,2.92,2.83,11.82,sans,
NGC0290,,OCl,amas ouvert,0.8539,-73.1615,1.10,1.10,11.71,sans,
NGC0278,,G,galaxie,0.8679,47.5505,2.36,2.30,10.85,sans,
NGC0289,,G,galaxie,0.8784,-31.2058,3.36,2.51,11.18,sans,
NGC0292,Small Magellanic Cloud,G,galaxie,0.8791,-72.8286,299.92,179.89,2.3,sans,
NGC0288,,GCl,amas globulaire,0.8798,-26.5899,9.60,9.60,8.13,sans,
NGC0299,,OCl,amas ouvert,0.89,-72.1971,0.90,0.90,11.73,sans,
NGC0300,,G,galaxie,0.9149,-37.6844,19.41,13.06,8.66,sans,
NGC0330,,OCl,amas ouvert,0.9382,-72.4629,2.80,2.50,9.55,sans,
NGC0315,,G,galaxie,0.9636,30.3524,2.86,2.14,11.6,sans,
IC1611,,OCl,amas ouvert,0.9966,-72.3323,1.50,1.50,11.96,sans,
NGC0337,,G,galaxie,0.9972,-7.578,2.92,1.89,11.48,sans,
NGC0361,,OCl,amas ouvert,1.0362,-71.6047,2.60,2.60,11.77,sans,
NGC0362,,GCl,amas globulaire,1.054,-70.8482,8.70,8.70,6.58,sans,
NGC0376,,OCl,amas ouvert,1.0648,-72.8237,1.80,1.80,10.9,sans,
IC1613,,G,galaxie,1.0799,2.1178,18.32,17.14,9.54,sans,
NGC0416,,GCl,amas globulaire,1.1329,-72.3551,1.70,1.70,11.76,sans,
NGC0419,,GCl,amas globulaire,1.1381,-72.8835,2.80,2.80,10.5,sans,
NGC0381,,OCl,amas ouvert,1.1383,61.5833,6.00,6.00,9.3,sans,
IC1644,,HII,region HII,1.1536,-73.1941,0.80,0.65,11.7,LP,
NGC0404,,G,galaxie,1.1575,35.7181,3.40,3.37,10.55,sans,
IC1633,,G,galaxie,1.1654,-45.9312,2.90,2.16,11.39,sans,
NGC0410,,G,galaxie,1.183,33.1519,2.37,1.60,11.48,sans,
NGC0428,,G,galaxie,1.2155,0.9816,2.82,2.08,11.47,sans,
NGC0458,,OCl,amas ouvert,1.2482,-71.5527,2.60,2.30,11.66,sans,
NGC0436,,OCl,amas ouvert,1.266,58.8171,5.70,5.70,8.8,sans,
NGC0457,Owl Cluster,OCl,amas ouvert,1.3257,58.2907,7.80,7.80,6.4,sans,
NGC0470,,G,galaxie,1.3291,3.4099,2.86,1.62,11.79,sans,
NGC0474,,G,galaxie,1.3352,3.4154,2.65,2.44,11.52,sans,
NGC0488,,G,galaxie,1.363,5.2567,5.05,3.66,10.26,sans,
NGC0507,,G,galaxie,1.3944,33.2561,2.45,1.66,11.57,sans,
NGC0514,,G,galaxie,1.4011,12.9174,3.50,2.50,11.71,sans,
NGC0521,,G,galaxie,1.4094,1.7314,2.77,2.59,11.8,sans,
NGC0520 NED01,,G,galaxie,1.4096,3.7949,4.09,1.61,11.47,sans,
NGC0524,,G,galaxie,1.4133,9.5388,3.37,3.35,10.35,sans,
NGC0533,,G,galaxie,1.4254,1.7591,3.44,2.41,11.47,sans,
NGC0559,,OCl,amas ouvert,1.4925,63.3014,9.00,9.00,9.5,sans,
IC0127,,G,galaxie,1.4966,-6.9801,1.69,0.45,9.2,sans,
NGC0578,,G,galaxie,1.5081,-22.6674,4.82,2.92,11.09,sans,
NGC0584,,G,galaxie,1.5224,-6.8681,3.78,2.51,10.35,sans,
NGC0596,,G,galaxie,1.5478,-7.0318,2.14,1.58,10.95,sans,
M103,,OCl,amas ouvert,1.5561,60.658,4.50,4.50,7.4,sans,103
M33,Triangulum Galaxy,G,galaxie,1.5641,30.6602,62.09,36.73,5.79,sans,33
IC0143,,HII,region HII,1.5697,30.7764,0.30,0.30,11.4,LP,
IC0136,,*Ass,association d'etoiles,1.5711,30.5621,,,11.04,sans,
NGC0613,,G,galaxie,1.5717,-29.4184,5.48,4.51,10.35,sans,
NGC0615,,G,galaxie,1.5849,-7.3403,3.18,1.16,11.66,sans,
NGC0609,,OCl,amas ouvert,1.6066,64.5366,4.80,4.80,11.0,sans,
M74,,G,galaxie,1.6116,15.7837,9.89,9.33,9.31,sans,74
NGC0636,,G,galaxie,1.6518,-7.5126,2.70,2.30,11.41,sans,
M76,Barbell Nebula,PN,nebuleuse planetaire,1.7055,51.5755,1.12,1.12,10.1,LP,76
NGC0660,,G,galaxie,1.7173,13.6451,4.57,1.69,11.29,sans,
NGC0637,,OCl,amas ouvert,1.7175,64.0366,4.50,4.50,8.2,sans,
NGC0654,,OCl,amas ouvert,1.7332,61.8827,6.30,6.30,6.5,sans,
NGC0659,,OCl,amas ouvert,1.7397,60.6692,4.20,4.20,7.9,sans,
NGC0663,,OCl,amas ouvert,1.7711,61.2182,6.00,6.00,7.1,sans,
IC1727,,G,galaxie,1.7916,27.3334,6.52,2.44,11.57,sans,
NGC0685,,G,galaxie,1.7952,-52.7618,3.01,2.30,11.5,sans,
NGC0672,,G,galaxie,1.7985,27.4328,7.01,2.71,10.92,sans,
NGC0676,,G,galaxie,1.8159,5.9075,2.75,0.69,12.0,sans,
NGC0681,,G,galaxie,1.8197,-10.4264,2.47,1.77,11.87,sans,
NGC0680,,G,galaxie,1.8298,21.9709,1.69,1.56,11.9,sans,
NGC0691,,G,galaxie,1.8449,21.7599,2.68,1.85,11.73,sans,
NGC0674,,G,galaxie,1.8549,22.358,3.81,1.26,11.97,sans,
IC0166,,OCl,amas ouvert,1.8733,61.8526,7.50,7.50,11.7,sans,
NGC0720,,G,galaxie,1.8835,-13.7387,4.49,2.37,10.14,sans,
NGC0718,,G,galaxie,1.887,4.1958,2.75,2.46,11.66,sans,
NGC0741,,G,galaxie,1.9392,5.6289,2.83,2.33,11.26,sans,
NGC0752,,OCl,amas ouvert,1.9597,37.8334,39.00,39.00,5.7,sans,
IC1747,,PN,nebuleuse planetaire,1.9599,63.3218,0.22,0.22,12.0,LP,
NGC0744,,OCl,amas ouvert,1.975,55.4746,11.70,11.70,7.9,sans,
NGC0772,,G,galaxie,1.9888,19.0075,4.57,2.52,10.3,sans,
NGC0779,,G,galaxie,1.9951,-5.9632,1.35,0.58,11.21,sans,
NGC0777,,G,galaxie,2.0041,31.4296,2.75,2.06,11.46,sans,
NGC0784,,G,galaxie,2.0214,28.8372,4.17,1.07,11.73,sans,
NGC0821,,G,galaxie,2.1392,10.9949,2.45,2.10,10.77,sans,
NGC0864,,G,galaxie,2.2577,6.0026,3.72,2.57,11.07,sans,
NGC0877,,G,galaxie,2.2999,14.5441,1.92,1.47,11.86,sans,
NGC0869,h Persei Cluster,OCl,amas ouvert,2.3163,57.1172,14.40,14.40,3.7,sans,
NGC0897,,G,galaxie,2.3518,-33.7207,2.01,1.43,11.85,sans,
NGC0895,,G,galaxie,2.3601,-5.5214,3.32,2.22,11.77,sans,
NGC0890,,G,galaxie,2.3669,33.2661,1.10,0.67,11.87,sans,
NGC0884,chi Persei Cluster,OCl,amas ouvert,2.3756,57.1441,10.50,10.50,3.8,sans,
NGC0891,,G,galaxie,2.3759,42.3491,13.03,3.03,10.01,sans,
NGC0908,,G,galaxie,2.3846,-21.2339,6.14,2.82,10.31,sans,
NGC0922,,G,galaxie,2.4179,-24.7882,2.10,1.77,12.0,sans,
NGC0925,,G,galaxie,2.4547,33.5792,10.72,5.75,10.12,sans,
NGC0936,,G,galaxie,2.4604,-1.1563,4.44,3.18,10.23,sans,
NGC0955,,G,galaxie,2.5092,-1.1084,2.72,0.88,11.96,sans,
NGC0949,,G,galaxie,2.5135,37.1368,3.10,1.35,11.89,sans,
NGC0956,,OCl,amas ouvert,2.5419,44.5935,4.50,4.50,8.9,sans,
IC1805,,Cl+N,amas + nebuleuse,2.5449,61.4569,60.00,60.00,6.5,LP,
NGC0957,,OCl,amas ouvert,2.5553,57.5697,10.20,10.20,7.6,sans,
NGC0986,,G,galaxie,2.5595,-39.0451,3.77,3.03,10.91,sans,
NGC0972,,G,galaxie,2.5704,29.3113,3.31,1.61,11.33,sans,
NGC0988,,G,galaxie,2.591,-9.3562,4.33,1.73,11.21,sans,
IC0239,,G,galaxie,2.6077,38.9699,4.25,4.01,11.2,sans,
NGC1016,,G,galaxie,2.6388,2.1193,2.26,1.36,11.64,sans,
NGC1022,,G,galaxie,2.6424,-6.6774,2.60,1.50,11.35,sans,
NGC1003,,G,galaxie,2.6547,40.8723,3.47,0.83,11.51,sans,
NGC1032,,G,galaxie,2.6566,1.0938,3.58,0.86,11.67,sans,
NGC1023,,G,galaxie,2.6733,39.0633,7.40,3.06,9.47,sans,
NGC1042,,G,galaxie,2.6733,-8.4336,3.87,2.13,11.22,sans,
NGC1052,,G,galaxie,2.6847,-8.2558,2.94,2.07,11.04,sans,
NGC1055,,G,galaxie,2.6959,0.4432,6.92,3.53,10.6,sans,
M34,,OCl,amas ouvert,2.7021,42.7461,22.50,22.50,5.2,sans,34
NGC1027,,OCl,amas ouvert,2.7097,61.5944,7.80,7.80,6.7,sans,
M77,,G,galaxie,2.7113,-0.0133,6.11,5.61,9.29,sans,77
NGC1060,,G,galaxie,2.7208,32.425,2.36,1.75,11.82,sans,
NGC1058,,G,galaxie,2.725,37.3413,2.47,1.36,11.25,sans,
NGC1073,,G,galaxie,2.7279,1.3761,3.54,2.23,11.05,sans,
NGC1079,,G,galaxie,2.729,-29.0034,2.65,1.49,11.44,sans,
NGC1084,,G,galaxie,2.7666,-7.5785,3.40,2.25,10.6,sans,
NGC1097,,G,galaxie,2.772,-30.2749,10.57,6.44,9.76,sans,
NGC1087,,G,galaxie,2.7737,-0.4986,2.97,1.80,11.02,sans,
NGC1090,,G,galaxie,2.7761,-0.2472,3.31,1.46,11.97,sans,
IC1848,,Cl+N,amas + nebuleuse,2.8529,60.4025,40.00,10.00,6.5,LP,
NGC1156,,G,galaxie,2.9951,25.2378,2.96,2.34,11.63,sans,
NGC1161,,G,galaxie,3.0206,44.8973,2.69,1.84,11.89,sans,
NGC1172,,G,galaxie,3.0267,-14.8366,2.28,1.64,11.75,sans,
NGC1187,,G,galaxie,3.0438,-22.8672,4.14,3.02,10.92,sans,
NGC1179,,G,galaxie,3.044,-18.8978,3.67,2.51,12.0,sans,
NGC1169,,G,galaxie,3.0597,46.3864,3.31,1.95,11.41,sans,
NGC1199,,G,galaxie,3.0607,-15.6132,2.83,2.32,11.43,sans,
NGC1201,,G,galaxie,3.0689,-26.0696,3.41,1.96,10.81,sans,
NGC1209,,G,galaxie,3.1008,-15.6113,2.25,0.94,11.38,sans,
IC0284,,G,galaxie,3.1028,42.3719,4.29,2.15,11.59,sans,
NGC1232,,G,galaxie,3.1626,-20.5793,6.79,5.77,10.11,sans,
NGC1249,,G,galaxie,3.167,-53.3358,3.64,1.44,11.77,sans,
NGC1220,,OCl,amas ouvert,3.1946,53.3482,2.40,2.40,11.8,sans,
NGC1261,,GCl,amas globulaire,3.2043,-55.2168,5.10,5.10,8.63,sans,
NGC1255,,G,galaxie,3.2256,-25.7252,4.05,2.24,11.17,sans,
NGC1253,,G,galaxie,3.2358,-2.8229,4.57,1.86,11.78,sans,
NGC1245,,OCl,amas ouvert,3.2449,47.2387,11.40,11.40,8.4,sans,
NGC1269,,G,galaxie,3.2885,-41.1081,11.17,9.93,8.7,sans,
NGC1265,,G,galaxie,3.3043,41.8578,1.90,1.63,11.92,sans,
NGC1313,,G,galaxie,3.3045,-66.4982,11.07,9.14,9.49,sans,
NGC1272,,G,galaxie,3.3226,41.4906,2.55,1.25,11.88,sans,
NGC1300,,G,galaxie,3.3281,-19.4114,5.96,3.06,10.52,sans,
NGC1302,,G,galaxie,3.3309,-26.0604,4.27,3.90,10.63,sans,
NGC1305,,G,galaxie,3.3564,-2.3168,1.33,0.94,11.97,sans,
NGC1309,,G,galaxie,3.3685,-15.4001,2.39,2.24,11.58,sans,
NGC1316,Fornax A,G,galaxie,3.3783,-37.2082,13.46,7.71,8.48,sans,
NGC1317,Fornax B,G,galaxie,3.379,-37.1037,3.10,2.58,10.88,sans,
NGC1326,,G,galaxie,3.399,-36.4647,4.28,2.93,10.45,sans,
NGC1325,,G,galaxie,3.4071,-21.544,4.32,1.50,11.54,sans,
NGC1332,,G,galaxie,3.4381,-21.3352,5.31,3.84,10.36,sans,
NGC1339,,G,galaxie,3.4685,-32.2861,2.01,1.47,11.75,sans,
NGC1340,,G,galaxie,3.4721,-31.0682,5.12,3.12,10.37,sans,
NGC1333,,Cl+N,amas + nebuleuse,3.482,31.37,19.50,19.50,10.9,LP,
NGC1351,,G,galaxie,3.5097,-34.8539,3.40,2.20,11.46,sans,
NGC1350,,G,galaxie,3.5189,-33.6286,5.18,2.60,10.31,sans,
IC1954,,G,galaxie,3.5254,-51.9048,2.99,1.71,11.58,sans,
NGC1342,,OCl,amas ouvert,3.5278,37.3794,6.30,6.30,6.7,sans,
NGC1353,,G,galaxie,3.5342,-20.8192,3.64,1.47,11.46,sans,
NGC1360,,PN,nebuleuse planetaire,3.5541,-25.8717,6.42,6.42,9.4,LP,
NGC1357,,G,galaxie,3.5547,-13.6641,3.37,2.55,11.44,sans,
NGC1365,,G,galaxie,3.5601,-36.1404,12.02,6.14,10.1,sans,
IC1953,,G,galaxie,3.5616,-21.4786,2.26,1.19,11.96,sans,
NGC1366,,G,galaxie,3.5649,-31.1941,2.05,0.94,11.91,sans,
NGC1367,,G,galaxie,3.5837,-24.9332,4.88,3.26,10.66,sans,
NGC1374,,G,galaxie,3.5879,-35.2263,2.86,2.65,11.14,sans,
NGC1379,,G,galaxie,3.6011,-35.4412,2.66,2.55,11.02,sans,
NGC1380,,G,galaxie,3.6077,-34.9762,4.58,2.22,9.94,sans,
NGC1381,,G,galaxie,3.6088,-35.2952,2.54,0.96,11.47,sans,
NGC1386,,G,galaxie,3.6128,-35.9994,3.59,1.35,11.86,sans,
NGC1387,,G,galaxie,3.6159,-35.5066,3.01,2.89,10.75,sans,
NGC1389,,G,galaxie,3.6199,-35.7456,2.58,1.43,11.51,sans,
NGC1385,,G,galaxie,3.6247,-24.5003,3.40,2.13,11.03,sans,
NGC1399,,G,galaxie,3.6414,-35.4507,8.51,7.69,9.4,sans,
NGC1395,,G,galaxie,3.6416,-23.0275,4.71,3.97,9.65,sans,
NGC1411,,G,galaxie,3.6458,-44.1006,2.45,1.76,11.19,sans,
NGC1398,,G,galaxie,3.6478,-26.3378,6.95,4.91,9.55,sans,
NGC1404,,G,galaxie,3.6478,-35.5944,5.01,4.38,9.93,sans,
NGC1406,,G,galaxie,3.6565,-31.3214,4.50,0.90,11.82,sans,
NGC1400,,G,galaxie,3.6586,-18.6881,2.81,2.52,11.06,sans,
NGC1407,,G,galaxie,3.67,-18.5801,5.73,5.27,9.65,sans,
NGC1415,,G,galaxie,3.6825,-22.5645,3.74,1.51,11.53,sans,
NGC1433,,G,galaxie,3.7004,-47.2221,6.19,2.96,9.95,sans,
NGC1425,,G,galaxie,3.7032,-29.8933,4.91,2.15,10.7,sans,
NGC1427,,G,galaxie,3.7054,-35.3926,4.33,2.87,10.88,sans,
NGC1421,,G,galaxie,3.7081,-13.488,3.55,0.75,11.52,sans,
NGC1426,,G,galaxie,3.7136,-22.1084,2.86,1.92,11.47,sans,
NGC1436,,G,galaxie,3.727,-35.853,2.97,2.08,11.69,sans,
NGC1448,,G,galaxie,3.7422,-44.6448,8.02,1.53,10.94,sans,
NGC1466,,GCl,amas globulaire,3.7426,-71.6716,3.50,3.50,11.59,sans,
NGC1439,,G,galaxie,3.7472,-21.9206,2.96,2.83,11.39,sans,
NGC1440,,G,galaxie,3.7508,-18.266,2.62,1.99,11.63,sans,
IC0334,,G,galaxie,3.7547,76.6383,2.34,1.85,11.5,sans,
NGC1452,,G,galaxie,3.7562,-18.6336,2.39,1.76,11.84,sans,
NGC1453,,G,galaxie,3.7742,-3.9688,2.46,1.87,11.41,sans,
IC0342,,G,galaxie,3.7801,68.0964,19.77,18.79,9.68,sans,
IC1993,,G,galaxie,3.7847,-33.7099,2.81,2.48,11.9,sans,
IC0351,,PN,nebuleuse planetaire,3.7925,35.0469,0.12,0.12,11.9,LP,
NGC1461,,G,galaxie,3.8075,-16.3929,2.90,0.85,11.81,sans,
NGC1444,,OCl,amas ouvert,3.8247,52.6553,3.60,3.60,6.6,sans,
IC2051,,G,galaxie,3.8669,-83.8307,2.86,1.72,11.23,sans,
IC2006,,G,galaxie,3.9079,-35.9671,2.36,1.98,11.34,sans,
NGC1487 NED01,,G,galaxie,3.9293,-42.3677,2.34,2.04,11.9,sans,
NGC1487 NED02,,G,galaxie,3.9298,-42.3686,3.72,1.70,11.68,sans,
IC2003,,PN,nebuleuse planetaire,3.9395,33.8749,0.14,0.14,11.4,LP,
NGC1493,,G,galaxie,3.9576,-46.2107,3.44,3.18,11.44,sans,
NGC1494,,G,galaxie,3.9619,-48.9081,3.51,1.86,11.95,sans,
NGC1511,,G,galaxie,3.9936,-67.6343,3.66,1.47,11.3,sans,
NGC1499,California Nebula,Neb,nebuleuse,4.054,36.3675,160.00,40.00,5.0,LP,
NGC1512,,G,galaxie,4.0651,-43.3489,8.43,4.02,10.37,sans,
NGC1515,,G,galaxie,4.0674,-54.1001,5.50,1.26,10.99,sans,
NGC1496,,OCl,amas ouvert,4.0755,52.6614,2.10,2.10,9.6,sans,
NGC1518,,G,galaxie,4.1138,-21.1726,3.47,1.30,11.79,sans,
NGC1501,,PN,nebuleuse planetaire,4.1165,60.9207,0.87,0.87,11.5,LP,
IC0356,,G,galaxie,4.1297,69.8124,4.02,3.73,10.24,sans,
NGC1502,,OCl,amas ouvert,4.1304,62.3315,10.20,10.20,6.9,sans,
NGC1521,,G,galaxie,4.1386,-21.052,3.25,2.02,11.57,sans,
NGC1527,,G,galaxie,4.14,-47.897,4.58,1.79,10.8,sans,
IC2035,,G,galaxie,4.1505,-45.5175,1.41,1.17,11.75,sans,
NGC1514,,PN,nebuleuse planetaire,4.1547,30.7759,2.20,2.20,10.19,LP,
NGC1533,,G,galaxie,4.1644,-56.1184,3.27,2.04,10.65,sans,
NGC1513,,OCl,amas ouvert,4.1652,49.5173,5.10,5.10,8.4,sans,
NGC1532,,G,galaxie,4.2012,-32.8742,11.27,3.09,10.13,sans,
NGC1543,,G,galaxie,4.212,-57.738,3.66,0.86,10.17,sans,
NGC1537,,G,galaxie,4.228,-31.6454,4.35,2.76,10.72,sans,
NGC1535,,PN,nebuleuse planetaire,4.2377,-12.7394,0.85,0.85,9.6,LP,
NGC1546,,G,galaxie,4.2435,-56.0608,3.72,2.50,11.35,sans,
NGC1528,,OCl,amas ouvert,4.2552,51.2115,9.60,9.60,6.4,sans,
NGC1549,,G,galaxie,4.2625,-55.5922,5.09,4.35,9.75,sans,
NGC1553,,G,galaxie,4.2696,-55.7801,6.25,4.29,9.31,sans,
IC2056,,G,galaxie,4.2735,-60.2068,1.85,1.61,11.87,sans,
NGC1559,,G,galaxie,4.2933,-62.7837,4.19,2.18,10.6,sans,
IC0361,,OCl,amas ouvert,4.3141,58.2495,7.20,7.20,11.7,sans,
NGC1566,,G,galaxie,4.3335,-54.9378,7.23,5.00,9.73,sans,
NGC1545,,OCl,amas ouvert,4.349,50.2553,4.20,4.20,6.2,sans,
NGC1574,,G,galaxie,4.3663,-56.9748,4.13,2.32,10.24,sans,
NGC1555,Hind's Nebula,RfN,nebuleuse par reflexion,4.3665,19.5352,1.82,1.35,9.98,sans,
NGC1530,,G,galaxie,4.3909,75.2956,1.82,1.04,11.7,sans,
NGC1596,,G,galaxie,4.4606,-55.0278,3.87,1.02,11.14,sans,
NGC1587,,G,galaxie,4.5111,0.6616,2.08,1.48,11.7,sans,
NGC1589,,G,galaxie,4.5126,0.8637,3.06,0.98,11.81,sans,
NGC1569,,G,galaxie,4.5136,64.8479,3.91,2.16,11.11,sans,
IC2067,,Neb,nebuleuse,4.5142,35.4462,,,11.49,LP,
NGC1617,,G,galaxie,4.5276,-54.6023,5.24,2.50,10.37,sans,
NGC1600,,G,galaxie,4.5278,-5.0862,3.33,2.02,10.97,sans,
NGC1582,,OCl,amas ouvert,4.5297,43.7848,7.80,7.80,7.0,sans,
NGC1560,,G,galaxie,4.547,71.8831,8.30,1.68,11.5,sans,
NGC1605,,OCl,amas ouvert,4.5812,45.2714,3.30,3.30,10.7,sans,
NGC1573,,G,galaxie,4.5844,73.2624,1.95,1.32,11.79,sans,
NGC1624,,Cl+N,amas + nebuleuse,4.6768,50.4617,3.00,3.00,11.8,LP,
NGC1637,,G,galaxie,4.6912,-2.858,3.18,2.74,10.85,sans,
NGC1640,,G,galaxie,4.704,-20.4348,2.72,2.60,11.69,sans,
NGC1841,,GCl,amas globulaire,4.7565,-83.9991,4.00,4.00,11.43,sans,
NGC1672,,G,galaxie,4.7618,-59.2472,6.14,5.46,10.16,sans,
NGC1653,,G,galaxie,4.7632,-2.3928,1.79,1.68,11.97,sans,
NGC1647,,OCl,amas ouvert,4.7654,19.0951,27.00,27.00,6.4,sans,
NGC1688,,G,galaxie,4.8066,-59.8003,2.47,1.67,11.85,sans,
NGC1662,,OCl,amas ouvert,4.808,10.9304,13.80,13.80,6.4,sans,
IC2105,,Cl+N,amas + nebuleuse,4.8241,-69.2009,0.65,0.60,11.3,LP,
NGC1679,,G,galaxie,4.8318,-31.9647,3.07,2.23,11.62,sans,
NGC1704,,OCl,amas ouvert,4.8321,-69.7563,1.70,1.60,11.5,sans,
NGC1711,,GCl,amas globulaire,4.8434,-69.9854,3.50,3.30,11.1,sans,
NGC1664,,OCl,amas ouvert,4.8515,43.6762,11.40,11.40,7.6,sans,
NGC1714,,Cl+N,amas + nebuleuse,4.8691,-66.9234,1.10,1.10,11.61,LP,
NGC1703,,G,galaxie,4.8812,-59.7422,2.68,2.51,11.69,sans,
NGC1743,,Neb,nebuleuse,4.9007,-69.1986,0.95,0.85,11.26,LP,
NGC1751,,GCl,amas globulaire,4.9035,-69.8058,1.60,1.50,11.73,sans,
NGC1754,,GCl,amas globulaire,4.9053,-70.4425,1.60,1.60,11.57,sans,
NGC1735,,OCl,amas ouvert,4.9055,-67.0996,1.80,1.50,10.76,sans,
NGC1747,,OCl,amas ouvert,4.9197,-67.1689,4.40,4.40,9.37,sans,
NGC1755,,GCl,amas globulaire,4.9208,-68.2041,2.20,1.90,9.85,sans,
NGC1767,,OCl,amas ouvert,4.9409,-69.4006,1.30,1.20,10.61,sans,
NGC1761,,*Ass,association d'etoiles,4.9438,-66.4789,4.20,3.00,9.94,sans,
NGC1763,,Cl+N,amas + nebuleuse,4.947,-66.4091,5.20,3.60,9.4,LP,
NGC1772,,OCl,amas ouvert,4.948,-69.5561,1.50,1.40,10.97,sans,
NGC1700,,G,galaxie,4.949,-4.8658,3.11,1.98,11.16,sans,
NGC1782,,OCl,amas ouvert,4.9642,-69.3922,1.20,1.10,10.5,sans,
NGC1774,,OCl,amas ouvert,4.9686,-67.2423,1.70,1.50,10.76,sans,
NGC1786,,GCl,amas globulaire,4.9855,-67.7452,2.00,2.00,10.1,sans,
NGC1783,,GCl,amas globulaire,4.9858,-65.9873,5.30,4.70,10.93,sans,
NGC1726,,G,galaxie,4.995,-7.7553,2.90,1.82,11.65,sans,
NGC1744,,G,galaxie,4.9994,-26.0222,5.28,1.99,11.5,sans,
NGC1804,,OCl,amas ouvert,5.0176,-69.0826,0.95,0.85,11.87,sans,
NGC1787,,OCl,amas ouvert,5.029,-65.8233,24.00,14.00,10.92,sans,
NGC1806,,GCl,amas globulaire,5.0368,-67.9857,2.50,2.50,11.1,sans,
NGC1810,,OCl,amas ouvert,5.0565,-66.3818,1.20,1.10,11.9,sans,
NGC1746,,OCl,amas ouvert,5.0639,23.7676,18.00,18.00,6.1,sans,
NGC1820,,OCl,amas ouvert,5.0671,-67.2659,7.00,5.40,11.5,sans,
NGC1818,,GCl,amas globulaire,5.0708,-66.4345,3.10,2.70,9.7,sans,
NGC1835,,GCl,amas globulaire,5.0852,-69.4039,2.30,2.00,10.6,sans,
NGC1834,,OCl,amas ouvert,5.0865,-69.2075,0.95,0.85,11.82,sans,
NGC1792,,G,galaxie,5.0873,-37.9808,5.52,2.76,10.16,sans,
NGC1784,,G,galaxie,5.0909,-11.8715,4.00,1.79,11.6,sans,
NGC1845,,*Ass,association d'etoiles,5.0958,-70.5816,8.90,5.60,10.2,sans,
NGC1839,,OCl,amas ouvert,5.1007,-68.6268,1.60,1.60,11.8,sans,
NGC1831,,GCl,amas globulaire,5.1046,-64.9175,3.80,3.20,11.18,sans,
NGC1788,,RfN,nebuleuse par reflexion,5.1148,-3.341,2.00,2.00,5.8,sans,
NGC1848,,OCl,amas ouvert,5.1242,-71.1954,2.20,2.00,9.73,sans,
NGC1846,,GCl,amas globulaire,5.1261,-67.4615,3.80,3.80,11.31,sans,
NGC1808,,G,galaxie,5.1284,-37.5131,5.42,1.83,10.21,sans,
NGC1778,,OCl,amas ouvert,5.1349,37.0228,4.50,4.50,7.7,sans,
NGC1850,,GCl,amas globulaire,5.1458,-68.7617,3.00,3.00,8.96,sans,
NGC1854,,GCl,amas globulaire,5.1555,-68.8474,2.30,2.30,10.39,sans,
NGC1856,,GCl,amas globulaire,5.1582,-69.1276,2.70,2.40,10.06,sans,
NGC1858,,Cl+N,amas + nebuleuse,5.1644,-68.8913,4.40,2.60,9.88,LP,
NGC1860,,OCl,amas ouvert,5.1776,-68.7523,1.10,1.10,11.04,sans,
NGC1807,,OCl,amas ouvert,5.1792,16.5128,5.40,5.40,7.0,sans,
NGC1832,,G,galaxie,5.2009,-15.6878,2.46,0.94,11.54,sans,
NGC1817,,OCl,amas ouvert,5.2073,16.6841,9.30,9.30,7.7,sans,
NGC1870,,GCl,amas globulaire,5.2194,-69.1169,1.10,1.00,11.26,sans,
NGC1872,,GCl,amas globulaire,5.2197,-69.3116,1.70,1.70,11.04,sans,
NGC1876,,Cl+N,amas + nebuleuse,5.2218,-69.3621,1.50,1.50,11.71,LP,
NGC1866,,GCl,amas globulaire,5.2275,-65.4656,5.50,5.50,9.73,sans,
NGC1877,,Neb,nebuleuse,5.2275,-69.3838,1.10,0.60,12.0,LP,
NGC1871,,Cl+N,amas + nebuleuse,5.231,-67.4526,2.30,1.60,10.09,LP,
NGC1873,,Cl+N,amas + nebuleuse,5.2321,-67.3344,2.80,2.20,10.44,LP,
NGC1851,,GCl,amas globulaire,5.2352,-40.0466,9.00,9.00,7.23,sans,
NGC1868,,GCl,amas globulaire,5.2434,-63.9545,2.70,2.70,11.57,sans,
NGC1885,,OCl,amas ouvert,5.2516,-68.9776,1.40,1.20,11.97,sans,
IC0405,Flaming Star Nebula,Neb,nebuleuse,5.2749,34.3562,50.00,30.00,10.0,LP,
NGC1898,,OCl,amas ouvert,5.2784,-69.6562,1.60,1.60,11.86,sans,
NGC1903,,GCl,amas globulaire,5.2895,-69.3353,1.90,1.90,11.86,sans,
NGC1902,,OCl,amas ouvert,5.3053,-66.6274,1.70,1.70,11.77,sans,
NGC1913,,OCl,amas ouvert,5.3054,-69.5365,1.30,1.10,11.14,sans,
NGC1916,,GCl,amas globulaire,5.3101,-69.4068,2.10,2.10,10.38,sans,
NGC1910,,Cl+N,amas + nebuleuse,5.312,-69.2319,3.60,2.80,9.65,LP,
NGC1922,,OCl,amas ouvert,5.3303,-69.4483,1.00,0.90,11.51,sans,
NGC1857,,OCl,amas ouvert,5.3349,39.3436,4.50,4.50,7.0,sans,
NGC1926,,GCl,amas globulaire,5.3432,-69.5253,1.40,1.20,11.79,sans,
NGC1939,,GCl,amas globulaire,5.3574,-69.9498,1.40,1.30,11.83,sans,
NGC1923,,Cl+N,amas + nebuleuse,5.3595,-65.4867,0.95,0.85,11.24,LP,
NGC1934,,Cl+N,amas + nebuleuse,5.3633,-67.9372,1.90,1.30,10.5,LP,
NGC1944,,GCl,amas globulaire,5.366,-72.4941,2.70,2.70,11.84,sans,
NGC1936,,EmN,nebuleuse,5.3705,-67.9783,1.00,1.00,11.6,LP,
NGC1943,,GCl,amas globulaire,5.3746,-70.1549,1.10,1.00,11.88,sans,
NGC1888,,G,galaxie,5.3762,-11.4995,3.32,1.31,11.92,sans,
NGC1940,,GCl,amas globulaire,5.3788,-67.1866,1.20,1.20,11.91,sans,
IC2128,,Cl+N,amas + nebuleuse,5.3789,-68.0611,4.80,3.60,11.1,LP,
NGC1893,,OCl,amas ouvert,5.3789,33.412,6.00,6.00,7.5,sans,
NGC1941,,Cl+N,amas + nebuleuse,5.3855,-66.3786,0.90,0.80,12.0,LP,
M79,,GCl,amas globulaire,5.4029,-24.5242,7.20,7.20,8.16,sans,79
NGC1953,,GCl,amas globulaire,5.4244,-68.8383,1.20,1.20,11.74,sans,
NGC1948,,Cl+N,amas + nebuleuse,5.4295,-66.2668,7.00,5.70,10.61,LP,
NGC1883,,OCl,amas ouvert,5.4317,46.4901,5.70,5.70,12.0,sans,
NGC1951,,OCl,amas ouvert,5.4352,-66.5972,1.70,1.50,10.58,sans,
NGC1955,,HII,region HII,5.4361,-67.4974,4.00,3.60,8.87,LP,
NGC1962,,OCl,amas ouvert,5.4383,-68.8376,1.40,1.40,11.47,sans,
NGC1965,,OCl,amas ouvert,5.442,-68.8055,1.20,1.10,11.7,sans,
NGC1967,,OCl,amas ouvert,5.4454,-69.1015,0.95,0.90,10.81,sans,
NGC1971,,OCl,amas ouvert,5.4459,-69.8516,1.10,0.95,11.9,sans,
NGC1966,,OCl,amas ouvert,5.4461,-68.8199,1.10,1.00,11.83,sans,
NGC1947,,G,galaxie,5.4466,-63.76,3.48,3.18,10.47,sans,
NGC1970,,OCl,amas ouvert,5.448,-68.8367,1.50,1.50,10.28,sans,
NGC1968,,*Ass,association d'etoiles,5.4561,-67.4638,5.00,2.70,8.22,sans,
IC0418,,PN,nebuleuse planetaire,5.4578,-12.6973,0.20,0.20,9.44,LP,
NGC1986,,GCl,amas globulaire,5.4606,-69.9736,2.80,2.40,11.07,sans,
NGC1984,,OCl,amas ouvert,5.4614,-69.1343,1.50,1.20,9.99,sans,
NGC1974,,OCl,amas ouvert,5.4664,-67.4241,1.60,1.60,10.3,sans,
NGC1907,,OCl,amas ouvert,5.4679,35.3257,5.40,5.40,8.2,sans,
M38,,OCl,amas ouvert,5.4785,35.8549,9.60,9.60,6.4,sans,38
NGC1978,,GCl,amas globulaire,5.4792,-66.2359,4.00,2.70,10.7,sans,
NGC2005,,GCl,amas globulaire,5.503,-69.7524,1.60,1.60,11.57,sans,
NGC2002,,GCl,amas globulaire,5.5057,-66.885,1.90,1.70,10.84,sans,
NGC2010,,OCl,amas ouvert,5.5097,-70.8197,1.90,1.70,11.72,sans,
NGC2004,,GCl,amas globulaire,5.5119,-67.2864,3.00,2.80,9.6,sans,
NGC2003,,GCl,amas globulaire,5.5153,-66.4666,1.70,1.40,11.3,sans,
NGC2009,,OCl,amas ouvert,5.5164,-69.1817,1.40,1.20,11.02,sans,
NGC2006,,*Ass,association d'etoiles,5.5225,-66.9653,1.60,1.40,10.88,sans,
NGC2018,,HII,region HII,5.5236,-71.0691,2.80,1.70,10.89,LP,
NGC1931,,Cl+N,amas + nebuleuse,5.5237,34.2466,4.80,4.80,10.1,LP,
NGC2019,,GCl,amas globulaire,5.5324,-70.1596,1.50,1.50,10.86,sans,
NGC2015,,*Ass,association d'etoiles,5.5351,-69.243,4.70,4.00,10.43,sans,
NGC2011,,OCl,amas ouvert,5.5389,-67.5231,1.00,1.00,10.58,sans,
NGC2014,,Neb,nebuleuse,5.5389,-67.6898,5.10,3.50,8.97,LP,
NGC2025,,OCl,amas ouvert,5.5427,-71.7155,1.90,1.90,10.94,sans,
NGC1964,,G,galaxie,5.556,-21.9458,5.16,2.33,10.91,sans,
NGC2031,,GCl,amas globulaire,5.5616,-70.9868,3.30,2.80,10.83,sans,
NGC2033,,*Ass,association d'etoiles,5.5752,-69.7801,5.90,4.60,11.63,sans,
M1,Crab Nebula,SNR,remanent de supernova,5.5755,22.0145,8.00,4.00,8.4,LP,1
NGC2038,,OCl,amas ouvert,5.5784,-70.5629,1.60,1.50,11.92,sans,
NGC2027,,OCl,amas ouvert,5.5833,-66.9163,4.60,2.80,10.97,sans,
NGC2037,,OCl,amas ouvert,5.5835,-69.7316,2.90,1.30,10.31,sans,
NGC1973,,Neb,nebuleuse,5.5847,-4.7318,5.00,5.00,7.0,LP,
NGC1981,Upper Sword,Cl+N,amas + nebuleuse,5.586,-4.4251,9.00,9.00,4.2,LP,
M42,Great Orion Nebula,Cl+N,amas + nebuleuse,5.5879,-5.3897,90.00,60.00,4.0,LP,42
NGC1975,,Neb,nebuleuse,5.5883,-4.6852,10.00,5.00,7.0,LP,
NGC1980,Lower Sword,Cl+N,amas + nebuleuse,5.5906,-5.9099,9.30,9.30,2.5,LP,
M43,Mairan's Nebula,HII,region HII,5.592,-5.2675,20.00,15.00,9.0,LP,43
NGC2035,,Neb,nebuleuse,5.592,-67.5842,1.80,1.30,10.99,LP,
NGC2040,,Neb,nebuleuse,5.6016,-67.5686,2.10,1.70,11.47,LP,
NGC2044,,*Ass,association d'etoiles,5.6017,-69.1987,5.50,4.50,10.59,sans,
NGC2051,,OCl,amas ouvert,5.602,-71.0114,1.50,1.50,11.69,sans,
NGC2042,,OCl,amas ouvert,5.6027,-68.9234,4.50,4.50,9.58,sans,
M36,,OCl,amas ouvert,5.6049,34.1407,7.20,7.20,6.0,sans,36
NGC1999,,RfN,nebuleuse par reflexion,5.607,-6.7159,2.00,2.00,9.5,sans,
NGC2041,,GCl,amas globulaire,5.6078,-66.9898,2.60,2.60,10.36,sans,
NGC2056,,OCl,amas ouvert,5.6094,-70.6719,1.50,1.50,11.77,sans,
NGC2050,,*Ass,association d'etoiles,5.6108,-69.3835,3.00,2.40,9.25,sans,
NGC2055,,*Ass,association d'etoiles,5.6124,-69.4986,1.90,1.30,8.39,sans,
NGC2058,,OCl,amas ouvert,5.6151,-70.1623,2.10,2.10,11.85,sans,
NGC2065,,OCl,amas ouvert,5.6273,-70.2365,2.30,2.30,11.24,sans,
NGC2060,,SNR,remanent de supernova,5.6297,-69.1717,2.20,2.00,9.59,LP,
NGC2075,,Cl+N,amas + nebuleuse,5.6393,-70.685,2.20,1.80,11.47,LP,
NGC2070,30 Dor Cluster,HII,region HII,5.6451,-69.1009,16.00,16.00,7.25,LP,
NGC2069,,Neb,nebuleuse,5.6462,-68.9744,5.00,2.20,10.1,LP,
NGC2074,,Cl+N,amas + nebuleuse,5.651,-69.4981,4.00,3.40,8.5,LP,
NGC2077,,Neb,nebuleuse,5.66,-69.6571,1.30,1.30,11.71,LP,
NGC2079,,HII,region HII,5.6604,-69.7572,1.10,0.95,11.81,LP,
NGC2078,,EmN,nebuleuse,5.661,-69.7432,1.20,1.10,10.89,LP,
NGC2080,,HII,region HII,5.6627,-69.6441,1.70,1.50,10.42,LP,
NGC2083,,Neb,nebuleuse,5.6665,-69.7376,2.00,1.80,10.83,LP,
NGC2086,,Neb,nebuleuse,5.6702,-69.6679,0.85,0.80,12.0,LP,
IC2145,,Neb,nebuleuse,5.6735,-69.6703,0.19,0.19,12.0,LP,
IC0434,Flame Nebula,HII,region HII,5.6836,-2.4538,90.00,30.00,11.0,LP,
NGC2103,,HII,region HII,5.6945,-71.3331,4.00,3.50,10.82,LP,
NGC2093,,*Ass,association d'etoiles,5.6972,-68.9214,1.50,1.30,11.57,sans,
NGC1961,,G,galaxie,5.7013,69.3784,4.42,3.10,11.54,sans,
NGC2022,,PN,nebuleuse planetaire,5.7017,9.0865,0.32,0.32,11.6,LP,
NGC2100,,GCl,amas globulaire,5.7025,-69.2118,2.50,2.50,9.6,sans,
NGC2096,,OCl,amas ouvert,5.7049,-68.4586,1.10,0.90,11.31,sans,
NGC2102,,OCl,amas ouvert,5.7057,-69.4871,0.85,0.85,11.44,sans,
NGC2098,,OCl,amas ouvert,5.7086,-68.2732,2.20,2.00,10.73,sans,
NGC2107,,OCl,amas ouvert,5.7202,-70.6399,1.70,1.70,11.51,sans,
M78,,RfN,nebuleuse par reflexion,5.7794,0.0793,4.50,4.50,8.0,sans,78
NGC2090,,G,galaxie,5.7839,-34.2506,4.47,1.67,10.92,sans,
NGC2071,,Cl+N,amas + nebuleuse,5.7854,0.2943,7.00,5.00,8.0,LP,
NGC2117,,OCl,amas ouvert,5.7961,-67.4502,2.00,1.80,11.65,sans,
NGC2122,,Cl+N,amas + nebuleuse,5.8146,-70.0701,6.00,5.00,10.43,LP,
NGC2127,,OCl,amas ouvert,5.8559,-69.3591,1.50,1.50,11.64,sans,
NGC2134,,GCl,amas globulaire,5.866,-71.0976,2.80,2.80,11.05,sans,
M37,,OCl,amas ouvert,5.8718,32.553,11.40,11.40,5.6,sans,37
NGC2136,,GCl,amas globulaire,5.8827,-69.4928,2.80,2.50,10.7,sans,
NGC2112,,OCl,amas ouvert,5.8959,0.4108,21.00,21.00,9.1,sans,
IC2149,,PN,nebuleuse planetaire,5.94,46.1048,0.14,0.14,10.78,LP,
NGC2157,,GCl,amas globulaire,5.9597,-69.1972,2.80,2.80,10.16,sans,
NGC2154,,GCl,amas globulaire,5.9604,-67.2638,2.40,2.40,11.79,sans,
NGC2156,,GCl,amas globulaire,5.9638,-68.4608,2.10,2.10,11.38,sans,
NGC2173,,GCl,amas globulaire,5.9664,-72.9745,2.60,2.60,11.88,sans,
NGC2159,,GCl,amas globulaire,5.9677,-68.6229,1.90,1.90,11.38,sans,
NGC2164,,GCl,amas globulaire,5.9823,-68.5159,2.80,2.80,10.34,sans,
NGC2172,,OCl,amas ouvert,6.0016,-68.6369,1.70,1.70,11.75,sans,
NGC2129,,OCl,amas ouvert,6.0185,23.3222,3.90,3.90,6.7,sans,
NGC2139,,G,galaxie,6.0188,-23.6726,2.94,2.16,11.66,sans,
NGC2141,,OCl,amas ouvert,6.0486,10.4465,5.40,5.40,9.4,sans,
NGC2203,,GCl,amas globulaire,6.0785,-75.4384,3.20,3.20,11.29,sans,
IC2157,,OCl,amas ouvert,6.0799,24.071,2.70,2.70,8.4,sans,
NGC2158,,OCl,amas ouvert,6.1238,24.0962,8.40,8.40,8.6,sans,
NGC2169,,OCl,amas ouvert,6.1401,13.9649,7.20,7.20,5.9,sans,
M35,,OCl,amas ouvert,6.1514,24.3386,24.00,24.00,5.1,sans,35
NGC2182,,RfN,nebuleuse par reflexion,6.1586,-6.3264,3.00,2.00,9.0,sans,
NGC2180,,OCl,amas ouvert,6.1601,4.7116,4.20,4.20,9.0,sans,
NGC2175,,Cl+N,amas + nebuleuse,6.161,20.4876,5.40,5.40,6.8,LP,
NGC2188,,G,galaxie,6.1693,-34.1062,5.42,1.33,11.67,sans,
NGC2210,,GCl,amas globulaire,6.192,-69.1214,3.30,3.30,10.94,sans,
NGC2186,,OCl,amas ouvert,6.202,5.4586,4.20,4.20,8.7,sans,
NGC2196,,G,galaxie,6.2027,-21.8059,2.77,2.16,11.19,sans,
NGC2214,,OCl,amas ouvert,6.2158,-68.2607,3.10,3.10,10.93,sans,
NGC2194,,OCl,amas ouvert,6.2294,12.8067,8.70,8.70,8.5,sans,
NGC2192,,OCl,amas ouvert,6.2548,39.8552,5.40,5.40,10.9,sans,
NGC2204,,OCl,amas ouvert,6.2589,-18.6659,6.30,6.30,8.6,sans,
NGC2207,,G,galaxie,6.2728,-21.3727,4.86,2.71,11.06,sans,
IC2163,,G,galaxie,6.2744,-21.3759,3.37,0.95,11.11,sans,
IC0443,Gem A,SNR,remanent de supernova,6.2771,22.5317,50.00,40.00,12.0,LP,
IC0444,,RfN,nebuleuse par reflexion,6.3094,23.3133,8.00,4.00,7.03,sans,
NGC2146,,G,galaxie,6.3105,78.357,5.31,4.32,10.69,sans,
NGC2215,,OCl,amas ouvert,6.347,-7.2838,8.40,8.40,8.45,sans,
NGC2217,,G,galaxie,6.361,-27.2338,4.63,4.12,10.57,sans,
IC2165,,PN,nebuleuse planetaire,6.3619,-12.9872,0.15,0.15,10.5,LP,
NGC2223,,G,galaxie,6.41,-22.8382,2.82,2.25,11.87,sans,
NGC2232,,OCl,amas ouvert,6.467,-4.8474,9.90,9.90,3.9,sans,
NGC2243,,OCl,amas ouvert,6.4929,-31.2813,5.10,5.10,9.4,sans,
NGC2236,,OCl,amas ouvert,6.4944,6.8307,5.40,5.40,8.5,sans,
NGC2238,Rosette Nebula,HII,region HII,6.5112,5.0131,80.00,60.00,6.0,LP,
IC0447,,HII,region HII,6.5168,9.8974,25.00,20.00,7.7,LP,
NGC2239,,Cl+N,amas + nebuleuse,6.5321,4.9429,9.30,9.30,4.8,LP,
NGC2245,,RfN,nebuleuse par reflexion,6.5448,10.1566,2.00,2.00,11.0,sans,
NGC2247,,RfN,nebuleuse par reflexion,6.5514,10.3223,2.00,2.00,8.5,sans,
NGC2250,,OCl,amas ouvert,6.5639,-5.0844,5.10,5.10,8.9,sans,
NGC2251,,OCl,amas ouvert,6.5774,8.3664,5.70,5.70,7.3,sans,
NGC2252,,OCl,amas ouvert,6.5786,5.3662,6.60,6.60,7.7,sans,
NGC2254,,OCl,amas ouvert,6.5971,7.6733,4.20,4.20,9.1,sans,
NGC2259,,OCl,amas ouvert,6.6393,10.8836,6.00,6.00,10.8,sans,
NGC2261,Hubble's Nebula,RfN,nebuleuse par reflexion,6.6526,8.7443,2.00,1.00,11.85,sans,
NGC2262,,OCl,amas ouvert,6.6606,1.1436,3.90,3.90,11.3,sans,
NGC2264,Christmas Tree Cluster,Cl+N,amas + nebuleuse,6.6828,9.8955,11.40,11.40,3.9,LP,
NGC2272,,G,galaxie,6.7115,-27.4595,2.19,1.54,11.94,sans,
NGC2269,,OCl,amas ouvert,6.7214,4.6243,4.80,4.80,10.0,sans,
NGC2266,,OCl,amas ouvert,6.722,26.9696,4.20,4.20,9.5,sans,
NGC2280,,G,galaxie,6.747,-27.6386,6.53,2.84,11.12,sans,
M41,,OCl,amas ouvert,6.7667,-20.7542,12.00,12.00,4.5,sans,41
NGC2282,,HII,region HII,6.781,1.316,3.00,3.00,10.0,LP,
NGC2292,,G,galaxie,6.7943,-26.7462,4.34,3.78,11.83,sans,
NGC2286,,OCl,amas ouvert,6.7945,-3.1477,5.40,5.40,7.5,sans,
NGC2293,,G,galaxie,6.7953,-26.7544,4.41,3.44,11.04,sans,
NGC2258,,G,galaxie,6.7961,74.4817,3.02,1.91,11.87,sans,
NGC2281,,OCl,amas ouvert,6.805,41.0789,10.80,10.80,5.4,sans,
NGC2305,,G,galaxie,6.8104,-64.2732,1.94,1.04,11.7,sans,
NGC2298,,GCl,amas globulaire,6.8164,-36.0053,4.80,4.80,8.89,sans,
NGC2301,Great Bird Cluster,OCl,amas ouvert,6.8626,0.4592,10.20,10.20,6.0,sans,
NGC2299,,OCl,amas ouvert,6.8649,-7.0827,4.80,4.80,8.9,sans,
NGC2310,,G,galaxie,6.8983,-40.8626,4.52,0.95,11.81,sans,
NGC2304,,OCl,amas ouvert,6.9199,17.9928,4.80,4.80,10.0,sans,
NGC2309,,OCl,amas ouvert,6.9343,-7.1743,5.40,5.40,10.5,sans,
NGC2311,,OCl,amas ouvert,6.9632,-4.6113,6.00,6.00,9.6,sans,
NGC2319,,OCl,amas ouvert,7.0089,3.0422,6.00,6.00,11.85,sans,
M50,,OCl,amas ouvert,7.0446,-8.364,14.10,14.10,5.9,sans,50
NGC2325,,G,galaxie,7.0446,-28.6972,3.97,2.31,11.18,sans,
NGC2324,,OCl,amas ouvert,7.0689,1.0446,8.70,8.70,8.4,sans,
NGC2320,,G,galaxie,7.095,50.5811,1.48,0.83,11.94,sans,
NGC2335,,OCl,amas ouvert,7.1137,-10.0286,8.70,8.70,7.2,sans,
NGC2331,,OCl,amas ouvert,7.1166,27.2616,4.80,4.80,8.5,sans,
NGC2343,,OCl,amas ouvert,7.1352,-10.6168,7.50,7.50,6.7,sans,
NGC2345,,OCl,amas ouvert,7.1386,-13.1937,6.90,6.90,7.7,sans,
NGC2339,,G,galaxie,7.139,18.7802,2.42,1.53,11.76,sans,
NGC2346,,PN,nebuleuse planetaire,7.1564,-0.8091,0.87,0.87,11.6,LP,
NGC2340,,G,galaxie,7.1863,50.1747,3.16,1.64,11.73,sans,
NGC2354,,OCl,amas ouvert,7.2348,-25.6889,4.80,4.80,6.5,sans,
NGC2268,,G,galaxie,7.2382,84.3823,2.14,0.93,11.56,sans,
NGC2353,,OCl,amas ouvert,7.2418,-10.2659,6.60,6.60,7.1,sans,
NGC2355,,OCl,amas ouvert,7.2831,13.7499,6.00,6.00,9.7,sans,
NGC2360,Caroline's Cluster,OCl,amas ouvert,7.2953,-15.6413,9.00,9.00,7.2,sans,
NGC2362,,OCl,amas ouvert,7.3115,-24.9542,7.20,7.20,4.1,sans,
NGC2367,,OCl,amas ouvert,7.3346,-21.8841,5.40,5.40,7.9,sans,
NGC2368,,OCl,amas ouvert,7.3518,-10.3718,4.50,4.50,11.8,sans,
NGC2397,,G,galaxie,7.3556,-69.0015,2.51,0.76,11.97,sans,
NGC2380,,G,galaxie,7.3985,-27.5291,2.52,2.40,11.12,sans,
NGC2374,,OCl,amas ouvert,7.3989,-13.2634,9.00,9.00,8.0,sans,
NGC2383,,OCl,amas ouvert,7.4111,-20.9476,4.20,4.20,8.4,sans,
NGC2384,,OCl,amas ouvert,7.4194,-21.0199,4.80,4.80,7.4,sans,
NGC2371,,PN,nebuleuse planetaire,7.4263,29.4906,2.20,0.96,11.2,LP,
NGC2336,,G,galaxie,7.4511,80.1781,5.01,2.81,10.68,sans,
NGC2395,,OCl,amas ouvert,7.4536,13.6082,4.62,4.62,8.0,sans,
NGC2276,,G,galaxie,7.454,85.7546,2.23,1.73,11.5,sans,
NGC2396,,OCl,amas ouvert,7.4675,-11.7197,6.60,6.60,7.4,sans,
NGC2366,,G,galaxie,7.4819,69.2158,4.37,1.44,11.17,sans,
NGC2392,Eskimo Nebula,PN,nebuleuse planetaire,7.4863,20.9118,0.86,0.86,9.61,LP,
NGC2409,,OCl,amas ouvert,7.5269,-17.1904,0.11,0.11,7.3,sans,
NGC2300,,G,galaxie,7.5389,85.7095,3.05,2.34,11.16,sans,
NGC2414,,OCl,amas ouvert,7.5536,-15.4539,5.40,5.40,7.9,sans,
NGC2434,,G,galaxie,7.5809,-69.2841,2.69,2.20,11.34,sans,
NGC2421,,OCl,amas ouvert,7.6033,-20.6123,5.10,5.10,8.3,sans,
NGC2442,,G,galaxie,7.6066,-69.5308,4.68,3.09,10.63,sans,
NGC2427,,G,galaxie,7.6078,-47.6356,5.74,2.46,11.48,sans,
M47,,OCl,amas ouvert,7.6097,-14.4826,19.80,19.80,4.4,sans,47
NGC2403,,G,galaxie,7.6143,65.6026,19.95,10.07,8.43,sans,
NGC2423,,OCl,amas ouvert,7.6185,-13.8715,11.70,11.70,6.7,sans,
NGC2419,,GCl,amas globulaire,7.6355,38.88,4.50,4.50,10.05,sans,
NGC2420,,OCl,amas ouvert,7.64,21.5741,7.50,7.50,8.3,sans,
NGC2439,,OCl,amas ouvert,7.6793,-31.6924,8.70,8.70,6.9,sans,
NGC2432,,OCl,amas ouvert,7.6816,-19.0691,5.40,5.40,10.2,sans,
M46,,OCl,amas ouvert,7.6963,-14.81,21.00,21.00,6.1,sans,46
NGC2438,,PN,nebuleuse planetaire,7.6973,-14.7358,1.07,1.07,10.8,LP,
NGC2440,,PN,nebuleuse planetaire,7.6987,-18.2085,0.27,0.27,9.4,LP,
M93,,OCl,amas ouvert,7.7415,-23.8531,15.00,15.00,6.2,sans,93
NGC2451,,OCl,amas ouvert,7.7542,-37.9674,37.50,37.50,9.5,sans,
NGC2452,,PN,nebuleuse planetaire,7.7907,-27.334,0.32,0.32,12.0,LP,
NGC2453,,OCl,amas ouvert,7.7928,-27.1948,3.00,3.00,8.3,sans,
NGC2455,,OCl,amas ouvert,7.8163,-21.2979,4.50,4.50,10.2,sans,
NGC2477,,OCl,amas ouvert,7.8694,-38.5333,18.60,18.60,5.8,sans,
NGC2479,,OCl,amas ouvert,7.9184,-17.7078,6.30,6.30,9.6,sans,
NGC2482,,OCl,amas ouvert,7.9195,-24.2546,6.60,6.60,7.3,sans,
NGC2483,,OCl,amas ouvert,7.9274,-27.8868,3.30,3.30,7.6,sans,
NGC2502,,G,galaxie,7.931,-52.3068,2.21,1.12,11.96,sans,
NGC2489,,OCl,amas ouvert,7.9375,-30.0608,4.20,4.20,7.9,sans,
NGC2460,,G,galaxie,7.9479,60.3494,1.83,1.37,11.71,sans,
NGC2516,,OCl,amas ouvert,7.9686,-60.7535,24.30,24.30,3.8,sans,
NGC2506,,OCl,amas ouvert,8.0005,-10.7696,10.80,10.80,7.6,sans,
NGC2509,,OCl,amas ouvert,8.0133,-19.0505,4.80,4.80,9.3,sans,
NGC2500,,G,galaxie,8.0314,50.7371,2.47,2.34,11.65,sans,
NGC2513,,G,galaxie,8.0402,9.4136,1.91,1.43,11.63,sans,
NGC2517,,G,galaxie,8.0464,-12.3178,1.74,1.49,11.92,sans,
NGC2520,,OCl,amas ouvert,8.0828,-28.1467,9.30,9.30,6.5,sans,
NGC2525,,G,galaxie,8.0939,-11.427,3.08,2.17,11.47,sans,
NGC2533,,OCl,amas ouvert,8.1178,-29.8839,4.98,4.98,7.6,sans,
NGC2547,,OCl,amas ouvert,8.1693,-49.2057,7.80,7.80,4.7,sans,
NGC2539,,OCl,amas ouvert,8.1769,-12.8207,12.30,12.30,6.5,sans,
NGC2546,,OCl,amas ouvert,8.2043,-37.5943,16.50,16.50,6.3,sans,
NGC2537,Bear Claw Nebula,G,galaxie,8.2207,45.9898,2.07,1.96,11.71,sans,
M48,,OCl,amas ouvert,8.2287,-5.7504,28.20,28.20,5.8,sans,48
NGC2541,,G,galaxie,8.2445,49.0617,3.02,1.60,11.7,sans,
NGC2523,,G,galaxie,8.25,73.579,2.79,1.78,11.9,sans,
NGC2559,,G,galaxie,8.285,-27.4558,2.81,1.34,11.33,sans,
NGC2567,,OCl,amas ouvert,8.3098,-30.6356,6.00,6.00,7.4,sans,
NGC2566,,G,galaxie,8.3127,-25.4995,3.98,2.75,10.81,sans,
IC2311,,G,galaxie,8.3128,-25.3697,2.14,1.99,11.52,sans,
NGC2571,,OCl,amas ouvert,8.3157,-29.7493,7.20,7.20,7.0,sans,
NGC2549,,G,galaxie,8.3162,57.8031,3.63,0.92,11.14,sans,
NGC2580,,OCl,amas ouvert,8.3577,-30.2935,3.00,3.00,9.7,sans,
NGC2588,,OCl,amas ouvert,8.386,-32.9752,3.90,3.90,11.8,sans,
NGC2587,,OCl,amas ouvert,8.39,-29.5087,6.00,6.00,9.2,sans,
NGC2613,,G,galaxie,8.5563,-22.9737,7.62,1.79,10.38,sans,
NGC2627,,OCl,amas ouvert,8.6208,-29.9504,5.40,5.40,8.4,sans,
NGC2640,,G,galaxie,8.6235,-55.1238,4.67,4.00,11.02,sans,
NGC2635,,OCl,amas ouvert,8.6406,-34.7716,5.10,5.10,11.2,sans,
NGC2645,,OCl,amas ouvert,8.6509,-46.2273,6.60,6.60,7.32,sans,
M44,Beehive,OCl,amas ouvert,8.6728,19.6721,108.60,108.60,3.1,sans,44
IC2391,omi Vel Cluster,OCl,amas ouvert,8.6755,-53.0355,29.10,29.10,2.5,sans,
IC2395,,OCl,amas ouvert,8.7084,-48.1506,6.00,6.00,4.6,sans,
NGC2659,,OCl,amas ouvert,8.7092,-45.0005,5.10,5.10,8.6,sans,
NGC2660,,OCl,amas ouvert,8.7106,-47.2007,3.60,3.60,8.8,sans,
NGC2648,,G,galaxie,8.7111,14.2856,3.15,1.08,11.88,sans,
NGC2658,,OCl,amas ouvert,8.7243,-32.6562,7.20,7.20,9.2,sans,
NGC2639,,G,galaxie,8.7272,50.2056,1.61,1.21,11.76,sans,
NGC2663,,G,galaxie,8.7523,-33.7948,3.90,2.75,10.59,sans,
NGC2670,,OCl,amas ouvert,8.7582,-48.7916,4.20,4.20,7.8,sans,
NGC2665,,G,galaxie,8.7669,-19.3029,2.00,1.72,11.63,sans,
NGC2671,,OCl,amas ouvert,8.77,-41.8772,5.10,5.10,11.6,sans,
NGC2669,,OCl,amas ouvert,8.7729,-52.9475,8.40,8.40,6.1,sans,
NGC2634,,G,galaxie,8.8071,73.9672,1.72,1.66,11.97,sans,
NGC2654,,G,galaxie,8.82,60.2211,4.45,0.89,11.69,sans,
NGC2672,,G,galaxie,8.8227,19.075,3.20,2.87,11.64,sans,
M67,,OCl,amas ouvert,8.8556,11.8119,33.00,33.00,6.9,sans,67
NGC2683,,G,galaxie,8.8781,33.4217,9.48,2.70,9.69,sans,
NGC2681,,G,galaxie,8.8924,51.3137,3.97,3.97,10.86,sans,
IC0520,,G,galaxie,8.8951,73.4909,2.10,1.63,11.83,sans,
NGC2685,Helix Galaxy,G,galaxie,8.9263,58.7344,4.33,2.31,11.35,sans,
NGC2698,,G,galaxie,8.9268,-3.1839,1.47,0.53,11.86,sans,
NGC2655,,G,galaxie,8.9271,78.2231,3.93,2.06,10.39,sans,
NGC2708,,G,galaxie,8.9356,-3.3601,2.93,1.06,11.96,sans,
NGC2693,,G,galaxie,8.9498,51.3474,2.00,1.37,11.86,sans,
NGC2713,,G,galaxie,8.9557,2.9213,3.37,1.15,11.82,sans,
NGC2749,,G,galaxie,9.0893,18.3131,1.92,1.77,11.84,sans,
IC2448,,PN,nebuleuse planetaire,9.1184,-69.9418,0.15,0.15,10.4,LP,
NGC2742,,G,galaxie,9.126,60.4793,2.86,1.49,11.49,sans,
NGC2715,,G,galaxie,9.1351,78.0852,4.20,1.41,11.49,sans,
NGC2775,,G,galaxie,9.1723,7.0379,4.25,3.36,10.24,sans,
NGC2781,,G,galaxie,9.191,-14.8168,2.52,1.26,11.57,sans,
NGC2768,,G,galaxie,9.1937,60.0372,5.64,2.24,9.87,sans,
NGC2808,,GCl,amas globulaire,9.2007,-64.8628,9.00,9.00,5.69,sans,
NGC2776,,G,galaxie,9.204,44.9548,2.14,0.91,11.68,sans,
NGC2784,,G,galaxie,9.2054,-24.1726,4.82,1.85,10.1,sans,
NGC2792,,PN,nebuleuse planetaire,9.2074,-42.4275,0.22,0.22,11.6,LP,
NGC2732,,G,galaxie,9.2235,79.1873,1.81,0.71,11.89,sans,
NGC2748,,G,galaxie,9.2286,76.4753,2.60,1.11,11.68,sans,
NGC2822,,G,galaxie,9.2305,-69.6448,3.96,2.72,11.4,sans,
NGC2818,,PN,nebuleuse planetaire,9.2671,-36.6269,0.83,0.83,11.6,LP,
NGC2811,,G,galaxie,9.2698,-16.3127,3.05,1.03,11.45,sans,
NGC2815,,G,galaxie,9.2722,-23.6333,3.51,1.41,11.86,sans,
NGC2835,,G,galaxie,9.298,-22.3547,6.43,3.72,10.64,sans,
NGC2845,,G,galaxie,9.3102,-38.0101,1.87,1.30,11.97,sans,
NGC2787,,G,galaxie,9.3218,69.2032,3.24,1.81,11.25,sans,
NGC2832,,G,galaxie,9.3297,33.7497,3.20,2.07,11.79,sans,
NGC2805,,G,galaxie,9.339,64.1028,3.39,2.76,11.56,sans,
NGC2867,,PN,nebuleuse planetaire,9.3569,-58.3117,0.23,0.23,9.7,LP,
NGC2855,,G,galaxie,9.3576,-11.9095,3.45,1.85,11.05,sans,
NGC2841,,G,galaxie,9.3674,50.9765,6.90,3.31,10.18,sans,
IC2469,,G,galaxie,9.3836,-32.4497,5.79,1.17,11.09,sans,
NGC2887,,G,galaxie,9.39,-63.8126,2.55,1.63,11.66,sans,
NGC2865,,G,galaxie,9.3917,-23.1614,2.44,2.03,11.48,sans,
NGC2859,,G,galaxie,9.4051,34.5135,3.19,2.78,10.94,sans,
NGC2872,,G,galaxie,9.4285,11.4321,1.75,1.55,11.86,sans,
NGC2899,,PN,nebuleuse planetaire,9.4508,-56.106,1.50,1.50,11.8,LP,
NGC2889,,G,galaxie,9.4535,-11.6434,1.95,1.75,11.78,sans,
IC2488,,OCl,amas ouvert,9.4606,-57.0069,7.20,7.20,7.4,sans,
NGC2880,,G,galaxie,9.4929,62.4906,2.33,1.40,11.61,sans,
NGC2910,,OCl,amas ouvert,9.5081,-52.914,4.80,4.80,7.2,sans,
NGC2907,,G,galaxie,9.5269,-16.7347,2.82,2.06,11.63,sans,
NGC2903,,G,galaxie,9.5361,21.5008,11.94,5.28,8.91,sans,
NGC2925,,OCl,amas ouvert,9.553,-53.396,7.50,7.50,8.3,sans,
NGC2935,,G,galaxie,9.6125,-21.1281,4.21,3.16,11.19,sans,
IC2501,,PN,nebuleuse planetaire,9.6464,-60.0919,0.03,0.03,10.4,LP,
NGC2972,,OCl,amas ouvert,9.6699,-50.3209,3.60,3.60,9.9,sans,
NGC2962,,G,galaxie,9.6816,5.1658,2.31,1.16,11.88,sans,
NGC2967,,G,galaxie,9.7009,0.3364,2.14,2.01,11.61,sans,
NGC2974,,G,galaxie,9.7092,-3.6991,3.48,2.13,10.89,sans,
NGC2950,,G,galaxie,9.7098,58.8513,2.62,1.65,11.03,sans,
NGC2964,,G,galaxie,9.7151,31.8474,2.92,2.18,11.37,sans,
NGC2968,,G,galaxie,9.72,31.9287,2.48,1.63,11.73,sans,
NGC2983,,G,galaxie,9.7281,-20.4772,2.37,1.16,11.87,sans,
NGC2986,,G,galaxie,9.7378,-21.278,4.81,3.85,10.64,sans,
NGC2997,,G,galaxie,9.7608,-31.1911,10.26,6.21,9.41,sans,
NGC3001,,G,galaxie,9.7719,-30.4375,3.02,2.26,11.57,sans,
NGC2976,,G,galaxie,9.7876,67.9164,5.77,3.01,10.16,sans,
NGC3033,,OCl,amas ouvert,9.8097,-56.4301,4.80,4.80,8.8,sans,
NGC3003,,G,galaxie,9.81,33.4215,4.74,1.06,11.78,sans,
NGC3059,,G,galaxie,9.8356,-73.9222,3.80,3.56,11.3,sans,
NGC2985,,G,galaxie,9.8395,72.2786,3.61,2.92,10.51,sans,
NGC3038,,G,galaxie,9.8543,-32.7526,2.80,1.69,11.69,sans,
NGC3041,,G,galaxie,9.8853,16.6777,3.22,2.07,11.55,sans,
NGC3044,,G,galaxie,9.8947,1.5796,4.20,0.70,11.94,sans,
NGC3054,,G,galaxie,9.9079,-25.7034,3.56,2.18,11.48,sans,
NGC3056,,G,galaxie,9.9091,-28.2982,2.26,1.39,11.7,sans,
IC2522,,G,galaxie,9.9192,-33.1371,2.30,1.74,12.0,sans,
M81,Bode's Galaxy,G,galaxie,9.9259,69.0653,21.63,11.25,6.92,sans,81
NGC3027,,G,galaxie,9.9279,72.2036,3.35,1.27,11.76,sans,
M82,Cigar Galaxy,G,galaxie,9.9313,69.6794,10.99,5.11,8.3,sans,82
NGC3078,,G,galaxie,9.9735,-26.9267,3.04,2.48,11.16,sans,
NGC3087,,G,galaxie,9.9857,-34.2252,2.28,2.02,11.43,sans,
NGC3095,,G,galaxie,10.0016,-31.5529,3.61,1.81,11.63,sans,
NGC3091,,G,galaxie,10.004,-19.637,3.69,2.18,11.0,sans,
IC2533,,G,galaxie,10.0088,-31.245,2.04,1.45,11.97,sans,
NGC3105,,OCl,amas ouvert,10.011,-54.7877,4.08,4.08,9.7,sans,
NGC3100,,G,galaxie,10.0113,-31.6645,3.56,2.48,11.37,sans,
NGC3079,,G,galaxie,10.0327,55.6798,8.18,1.29,10.71,sans,
NGC3098,,G,galaxie,10.038,24.7111,2.33,0.50,11.96,sans,
NGC3108,,G,galaxie,10.0414,-31.6774,2.54,2.22,11.47,sans,
NGC3114,,OCl,amas ouvert,10.0415,-60.1305,12.30,12.30,4.2,sans,
NGC3109,,G,galaxie,10.0519,-26.1596,16.00,2.74,10.54,sans,
NGC3077,,G,galaxie,10.0553,68.7339,5.21,4.32,9.88,sans,
NGC3115,Spindle Galaxy,G,galaxie,10.0872,-7.7186,7.10,3.01,9.09,sans,
NGC3136,,G,galaxie,10.0967,-67.378,4.20,2.94,10.67,sans,
NGC3132,Eight-Burst Nebula,PN,nebuleuse planetaire,10.1171,-40.4366,0.50,0.50,9.2,LP,
IC2554,,G,galaxie,10.1474,-67.0309,3.31,1.29,11.7,sans,
NGC3137,,G,galaxie,10.1521,-29.0643,5.57,3.85,11.57,sans,
IC2553,,PN,nebuleuse planetaire,10.1558,-62.6137,0.15,0.15,10.3,LP,
NGC3195,,PN,nebuleuse planetaire,10.1558,-80.8586,0.70,0.70,11.6,LP,
NGC3145,,G,galaxie,10.1694,-12.4338,2.87,1.37,12.0,sans,
NGC3136B,,G,galaxie,10.1703,-67.0051,1.75,1.35,11.79,sans,
NGC3162,,G,galaxie,10.2254,22.7376,2.09,1.69,11.72,sans,
NGC3166,,G,galaxie,10.2293,3.4247,4.50,2.84,10.62,sans,
NGC3158,,G,galaxie,10.2307,38.7649,2.32,1.94,11.88,sans,
NGC3169,,G,galaxie,10.2375,3.4661,4.34,2.65,10.89,sans,
NGC3175,,G,galaxie,10.245,-28.8721,5.25,1.95,11.26,sans,
NGC3147,,G,galaxie,10.2816,73.4008,4.11,3.55,11.94,sans,
NGC3201,,GCl,amas globulaire,10.2935,-46.4112,9.60,9.60,8.24,sans,
NGC3211,,PN,nebuleuse planetaire,10.2974,-62.6701,0.27,0.27,10.7,LP,
NGC3189,,G,galaxie,10.3016,21.8323,3.64,1.22,11.05,sans,
NGC3184,,G,galaxie,10.3047,41.4241,7.40,7.18,9.84,sans,
NGC3193,,G,galaxie,10.3069,21.894,2.36,2.16,11.02,sans,
NGC3198,,G,galaxie,10.3319,45.5496,6.46,1.84,10.38,sans,
NGC3228,,OCl,amas ouvert,10.3562,-51.7226,6.60,6.60,6.0,sans,
NGC3223,,G,galaxie,10.3597,-34.2668,4.28,2.79,10.96,sans,
NGC3227,,G,galaxie,10.3918,19.8651,3.98,1.86,11.72,sans,
NGC3247,,HII,region HII,10.4039,-57.7633,5.00,5.00,7.6,LP,
NGC3242,Jupiter's Ghost Nebula,PN,nebuleuse planetaire,10.4128,-18.6422,0.42,0.42,7.7,LP,
NGC3239,,G,galaxie,10.418,17.1636,3.61,2.71,11.4,sans,
NGC3255,,OCl,amas ouvert,10.442,-60.6752,4.80,4.80,11.0,sans,
NGC3250,,G,galaxie,10.4423,-39.9439,2.96,2.20,11.02,sans,
NGC3245,,G,galaxie,10.4551,28.5074,3.61,2.30,10.75,sans,
IC2581,,OCl,amas ouvert,10.4581,-57.6173,6.00,6.00,4.3,sans,
NGC3256,,G,galaxie,10.4642,-43.9037,3.29,2.26,11.58,sans,
IC2574,Coddington's Nebula,G,galaxie,10.4732,68.4121,12.91,5.57,10.46,sans,
NGC3258,,G,galaxie,10.4815,-35.6055,2.94,2.34,11.41,sans,
NGC3261,,G,galaxie,10.4837,-44.6568,3.65,2.84,11.41,sans,
NGC3254,,G,galaxie,10.4889,29.4918,2.34,1.12,11.66,sans,
NGC3268,,G,galaxie,10.5002,-35.3255,3.50,2.62,11.41,sans,
NGC3271,,G,galaxie,10.5074,-35.3595,3.01,1.67,11.73,sans,
NGC3275,,G,galaxie,10.5144,-36.737,2.81,2.05,11.65,sans,
NGC3283,,G,galaxie,10.5199,-46.2513,2.86,2.07,11.74,sans,
NGC3281,,G,galaxie,10.5311,-34.8537,3.10,1.27,11.95,sans,
NGC3277,,G,galaxie,10.5487,28.5117,2.11,1.59,11.65,sans,
NGC3285,,G,galaxie,10.56,-27.4544,2.97,1.52,11.98,sans,
NGC3366,,G,galaxie,10.5856,-43.6918,2.72,1.31,11.71,sans,
NGC3293,,OCl,amas ouvert,10.5969,-58.2245,5.10,5.10,4.7,sans,
NGC3294,,G,galaxie,10.6045,37.3247,3.08,1.60,11.68,sans,
NGC3309,,G,galaxie,10.6099,-27.5184,1.82,1.57,11.74,sans,
NGC3311,,G,galaxie,10.6119,-27.5283,2.63,2.33,11.32,sans,
NGC3301,,G,galaxie,10.6156,21.8821,3.63,1.06,11.41,sans,
NGC3318,,G,galaxie,10.621,-41.6276,2.52,1.36,11.5,sans,
NGC3324,,Cl+N,amas + nebuleuse,10.6212,-58.6196,4.80,4.80,6.7,LP,
NGC3313,,G,galaxie,10.6237,-25.3194,2.96,2.02,11.73,sans,
IC2597,,G,galaxie,10.6298,-27.0817,2.62,1.73,11.68,sans,
NGC3330,,OCl,amas ouvert,10.646,-54.1307,5.10,5.10,7.4,sans,
NGC3310,,G,galaxie,10.6461,53.5034,1.80,1.73,11.61,sans,
NGC3319,,G,galaxie,10.6526,41.6867,3.63,1.77,11.37,sans,
NGC3338,,G,galaxie,10.7021,13.747,1.23,0.71,10.88,sans,
NGC3347,,G,galaxie,10.7129,-36.3527,4.05,1.14,11.51,sans,
NGC3344,,G,galaxie,10.7253,24.9222,6.70,6.37,9.98,sans,
NGC3358,,G,galaxie,10.7258,-36.4107,3.62,1.82,11.61,sans,
M95,,G,galaxie,10.7327,11.7038,7.23,4.45,9.77,sans,95
NGC3372,Carina Nebula,HII,region HII,10.7524,-59.8667,120.00,120.00,3.0,LP,
NGC3367,,G,galaxie,10.7764,13.7509,2.88,2.83,11.73,sans,
NGC3359,,G,galaxie,10.7769,63.2242,4.07,2.83,10.55,sans,
M96,,G,galaxie,10.7794,11.8199,8.26,5.51,9.21,sans,96
NGC3348,,G,galaxie,10.7861,72.8397,2.13,2.13,10.92,sans,
NGC3377,,G,galaxie,10.7951,13.9859,3.87,1.87,10.27,sans,
M105,,G,galaxie,10.7971,12.5816,4.89,4.25,9.27,sans,105
NGC3450,,G,galaxie,10.801,-20.8492,2.61,2.29,11.83,sans,
NGC3384,,G,galaxie,10.8047,12.6293,5.24,2.37,9.96,sans,
NGC3402,,G,galaxie,10.8407,-12.8446,1.85,1.78,11.89,sans,
NGC3412,,G,galaxie,10.8481,13.4121,3.96,2.17,10.53,sans,
NGC3423,,G,galaxie,10.854,5.84,3.56,3.03,11.17,sans,
NGC3414,,G,galaxie,10.8545,27.9751,2.67,1.37,11.09,sans,
NGC3430,,G,galaxie,10.8698,32.9504,3.99,2.22,11.81,sans,
NGC3432,,G,galaxie,10.8753,36.6188,7.41,2.08,11.27,sans,
NGC3448,,G,galaxie,10.9109,54.3049,2.97,0.88,11.98,sans,
NGC3496,,OCl,amas ouvert,10.9927,-60.3369,6.00,6.00,8.2,sans,
NGC3489,,G,galaxie,11.0052,13.9012,3.44,2.03,10.23,sans,
IC2621,,PN,nebuleuse planetaire,11.0056,-65.2494,0.08,0.08,11.2,LP,
NGC3486,,G,galaxie,11.0066,28.9751,5.82,4.12,10.57,sans,
NGC3511,,G,galaxie,11.0566,-23.0868,6.04,2.00,11.02,sans,
NGC3513,,G,galaxie,11.0628,-23.2455,2.81,1.28,11.66,sans,
NGC3519,,OCl,amas ouvert,11.0674,-61.3683,4.8,4.8,7.7,sans,
NGC3532,Wishing Well Cluster,OCl,amas ouvert,11.0966,-58.7705,12.00,12.00,3.0,sans,
NGC3521,,G,galaxie,11.0968,-0.0359,8.32,4.47,9.11,sans,
IC2627,,G,galaxie,11.1648,-23.7259,2.40,1.70,12.0,sans,
NGC3557,,G,galaxie,11.166,-37.5392,4.36,3.43,10.42,sans,
NGC3572,,OCl,amas ouvert,11.172,-60.2484,4.08,4.08,6.6,sans,
M108,,G,galaxie,11.1919,55.6741,3.98,1.66,10.05,sans,108
NGC3590,,OCl,amas ouvert,11.2164,-60.789,5.10,5.10,8.2,sans,
NGC3585,,G,galaxie,11.2214,-26.7548,6.61,3.27,9.69,sans,
NGC3593,,G,galaxie,11.2436,12.8177,4.69,1.85,10.91,sans,
M97,Owl Nebula,PN,nebuleuse planetaire,11.2466,55.019,3.58,3.58,9.9,LP,97
NGC3596,,G,galaxie,11.2517,14.787,3.55,3.37,11.49,sans,
NGC3607,,G,galaxie,11.2818,18.0518,4.59,4.03,10.0,sans,
NGC3608,,G,galaxie,11.283,18.1487,3.18,2.67,10.63,sans,
IC2714,,OCl,amas ouvert,11.2909,-62.7251,7.20,7.20,8.2,sans,
NGC3621,,G,galaxie,11.3046,-32.8141,9.79,4.03,9.55,sans,
NGC3610,,G,galaxie,11.307,58.7863,2.39,2.37,10.77,sans,
NGC3613,,G,galaxie,11.31,58.0,3.55,1.78,10.81,sans,
M65,,G,galaxie,11.3155,13.0924,7.64,1.97,9.32,sans,65
NGC3626,,G,galaxie,11.3344,18.3568,2.94,1.94,10.98,sans,
M66,,G,galaxie,11.3375,12.9915,10.28,4.61,8.92,sans,66
NGC3628,,G,galaxie,11.338,13.5897,11.04,3.44,9.45,sans,
NGC3631,,G,galaxie,11.3508,53.1696,3.72,3.08,10.42,sans,
NGC3640,,G,galaxie,11.3519,3.2348,4.33,3.81,10.41,sans,
NGC3646,,G,galaxie,11.362,20.1696,3.09,1.48,11.2,sans,
NGC3655,,G,galaxie,11.3818,16.59,1.45,1.00,11.67,sans,
NGC3665,,G,galaxie,11.4121,38.7629,4.06,3.00,10.83,sans,
NGC3672,,G,galaxie,11.4174,-9.7954,2.90,1.69,11.34,sans,
NGC3673,,G,galaxie,11.4202,-26.7367,3.48,2.32,11.57,sans,
NGC3680,,OCl,amas ouvert,11.427,-43.2501,5.70,5.70,7.6,sans,
NGC3675,,G,galaxie,11.4357,43.5859,5.90,3.27,10.09,sans,
NGC3681,,G,galaxie,11.4416,16.8632,1.74,1.68,11.92,sans,
NGC3684,,G,galaxie,11.4531,17.0302,2.29,1.50,11.81,sans,
NGC3686,,G,galaxie,11.4622,17.2242,2.88,2.18,11.43,sans,
NGC3699,,PN,nebuleuse planetaire,11.4659,-59.9581,0.75,0.75,11.3,LP,
NGC3690B,,G,galaxie,11.476,58.5629,2.40,1.86,11.68,sans,
NGC3706,,G,galaxie,11.4957,-36.3913,3.10,2.10,11.3,sans,
NGC3705,,G,galaxie,11.5021,9.2766,4.31,1.74,10.97,sans,
NGC3717,,G,galaxie,11.5256,-30.3078,6.52,2.04,11.23,sans,
NGC3718,,G,galaxie,11.543,53.0679,4.70,2.34,10.7,sans,
NGC3726,,G,galaxie,11.5559,47.0292,5.27,3.54,10.49,sans,
NGC3729,,G,galaxie,11.5637,53.1256,2.89,2.09,11.56,sans,
IC2944,lam Cen Nebula,Cl+N,amas + nebuleuse,11.5964,-63.0198,7.20,7.20,4.5,LP,
NGC3738,,G,galaxie,11.5969,54.5239,2.26,1.63,11.45,sans,
NGC3766,Pearl Cluster,OCl,amas ouvert,11.604,-61.6052,6.90,6.90,5.3,sans,
NGC3756,,G,galaxie,11.6133,54.2936,1.91,0.97,11.52,sans,
NGC3810,,G,galaxie,11.683,11.4711,3.35,2.29,10.75,sans,
NGC3813,,G,galaxie,11.6885,36.5468,2.12,1.22,11.7,sans,
NGC3818,,G,galaxie,11.6993,-6.1557,2.44,1.55,11.75,sans,
NGC3842,,G,galaxie,11.7339,19.9498,2.14,1.49,11.84,sans,
NGC3872,,G,galaxie,11.7636,13.7667,2.39,1.77,11.71,sans,
NGC3882,,G,galaxie,11.7685,-56.3881,3.32,1.82,11.81,sans,
NGC3877,,G,galaxie,11.7688,47.4943,5.36,1.23,11.0,sans,
NGC3885,,G,galaxie,11.7796,-27.9222,2.74,1.11,11.87,sans,
NGC3887,,G,galaxie,11.7846,-16.8546,3.27,2.57,10.93,sans,
NGC3892,,G,galaxie,11.8003,-10.9621,3.08,2.70,11.24,sans,
NGC3893,,G,galaxie,11.8106,48.7108,2.69,1.43,10.63,sans,
NGC3894,,G,galaxie,11.814,59.4157,2.66,1.83,11.62,sans,
NGC3900,,G,galaxie,11.8193,27.022,2.55,1.25,11.44,sans,
NGC3904,,G,galaxie,11.8203,-29.2767,3.47,2.51,10.79,sans,
NGC3898,,G,galaxie,11.8209,56.0844,3.47,2.11,10.72,sans,
NGC3918,Blue Planetary,PN,nebuleuse planetaire,11.8383,-57.1823,0.32,0.32,8.1,LP,
NGC3960,,OCl,amas ouvert,11.8426,-55.6698,6.00,6.00,8.3,sans,
NGC3917,,G,galaxie,11.846,51.8247,4.61,1.03,11.81,sans,
NGC3923,,G,galaxie,11.8505,-28.806,6.89,4.55,9.6,sans,
NGC3938,,G,galaxie,11.8804,44.1207,3.55,3.44,10.36,sans,
NGC3941,,G,galaxie,11.882,36.9863,3.51,2.33,10.37,sans,
NGC3945,,G,galaxie,11.8871,60.6756,5.55,3.29,10.75,sans,
NGC3949,,G,galaxie,11.8949,47.8587,2.26,1.32,10.89,sans,
NGC3953,,G,galaxie,11.8969,52.3268,6.14,3.13,10.1,sans,
NGC3955,,G,galaxie,11.8992,-23.1642,4.15,1.21,11.84,sans,
NGC3962,,G,galaxie,11.9111,-13.975,4.17,3.00,10.65,sans,
NGC3981,,G,galaxie,11.9354,-19.8962,3.32,2.11,11.65,sans,
NGC3982,,G,galaxie,11.9411,55.1253,2.13,1.87,11.7,sans,
M109,,G,galaxie,11.96,53.3745,8.07,5.64,9.88,sans,109
NGC3998,,G,galaxie,11.9656,55.4536,2.78,2.26,11.33,sans,
NGC4024,,G,galaxie,11.9753,-18.3468,1.75,1.51,11.8,sans,
NGC4013,,G,galaxie,11.9754,43.9466,4.89,1.23,11.31,sans,
IC0750,,G,galaxie,11.9812,42.7225,2.11,1.02,11.82,sans,
NGC4026,,G,galaxie,11.9903,50.9617,4.41,0.87,10.78,sans,
NGC4027,,G,galaxie,11.9917,-19.2652,3.54,2.80,11.17,sans,
NGC4030,,G,galaxie,12.0066,-1.1001,3.78,2.65,10.51,sans,
NGC4033,,G,galaxie,12.0097,-17.8426,2.59,1.30,11.79,sans,
NGC4036,,G,galaxie,12.0241,61.8958,4.85,2.08,10.84,sans,
NGC4038,Antennae Galaxies,G,galaxie,12.0314,-18.8676,5.42,3.78,10.2,sans,
NGC4039,Antennae Galaxies,G,galaxie,12.0315,-18.8862,5.36,2.73,11.04,sans,
NGC4052,,OCl,amas ouvert,12.0348,-63.2235,5.10,5.10,8.8,sans,
NGC4041,,G,galaxie,12.0367,62.1372,2.57,2.39,11.08,sans,
NGC4045,,G,galaxie,12.0451,1.9768,2.55,1.58,11.81,sans,
NGC4050,,G,galaxie,12.0483,-16.3736,3.43,2.14,11.79,sans,
NGC4051,,G,galaxie,12.0527,44.5313,4.89,4.26,11.37,sans,
NGC4062,,G,galaxie,12.0677,31.8958,4.14,1.61,11.15,sans,
NGC4064,,G,galaxie,12.0698,18.4434,3.22,1.31,11.33,sans,
NGC4073,,G,galaxie,12.0742,1.896,2.09,1.70,11.51,sans,
NGC4088,,G,galaxie,12.0928,50.539,7.01,2.65,10.6,sans,
NGC4096,,G,galaxie,12.1003,47.4784,5.65,1.43,10.57,sans,
NGC4100,,G,galaxie,12.1023,49.5827,4.56,1.30,11.09,sans,
NGC4102,,G,galaxie,12.1064,52.7111,2.94,1.67,11.87,sans,
NGC4103,,OCl,amas ouvert,12.111,-61.2501,7.80,7.80,7.4,sans,
NGC4105,,G,galaxie,12.1113,-29.7602,4.33,3.41,10.62,sans,
NGC4106,,G,galaxie,12.1124,-29.7683,4.14,3.33,11.3,sans,
NGC4111,,G,galaxie,12.1175,43.0657,1.78,0.64,10.81,sans,
NGC4125,,G,galaxie,12.135,65.1741,5.87,4.58,9.71,sans,
NGC4119,,G,galaxie,12.136,10.3789,1.58,1.10,11.5,sans,
NGC4123,,G,galaxie,12.1364,2.8783,3.18,2.32,11.39,sans,
NGC4128,,G,galaxie,12.1423,68.7676,2.21,0.67,11.96,sans,
NGC4136,,G,galaxie,12.1549,29.9276,2.34,2.18,11.9,sans,
NGC4138,,G,galaxie,12.1583,43.6853,2.92,1.64,11.8,sans,
NGC4144,,G,galaxie,12.1663,46.4572,5.24,1.00,11.61,sans,
NGC4145,,G,galaxie,12.1671,39.8839,4.62,2.11,11.22,sans,
NGC4147,,GCl,amas globulaire,12.1684,18.5421,2.40,2.40,10.74,sans,
NGC4151,,G,galaxie,12.1757,39.4057,2.88,2.21,11.48,sans,
NGC4150,,G,galaxie,12.176,30.4015,1.99,1.33,11.69,sans,
NGC4157,,G,galaxie,12.1845,50.4847,6.22,1.14,11.29,sans,
NGC4162,,G,galaxie,12.1979,24.1237,2.28,1.37,11.7,sans,
NGC4168,,G,galaxie,12.2048,13.2052,2.92,2.28,11.45,sans,
NGC4178,,G,galaxie,12.2129,10.866,4.66,1.24,11.43,sans,
NGC4179,,G,galaxie,12.2145,1.2997,4.48,1.22,10.93,sans,
NGC4189,,G,galaxie,12.2298,13.4248,2.20,1.79,11.84,sans,
M98,,G,galaxie,12.2301,14.9003,11.04,2.66,10.84,sans,98
NGC4203,,G,galaxie,12.2514,33.1973,3.42,1.43,11.55,sans,
NGC4208,,G,galaxie,12.2609,13.9015,2.80,1.69,11.1,sans,
NGC4214,,G,galaxie,12.2609,36.3269,6.79,5.28,9.77,sans,
NGC4217,,G,galaxie,12.2641,47.0918,5.43,1.61,11.23,sans,
NGC4216,,G,galaxie,12.2651,13.1494,7.82,1.84,9.93,sans,
NGC4215,,G,galaxie,12.2652,6.4011,1.69,0.57,11.96,sans,
NGC4220,,G,galaxie,12.2699,47.8833,3.30,0.99,11.33,sans,
NGC4219,,G,galaxie,12.2743,-43.3243,3.75,1.23,11.83,sans,
NGC4224,,G,galaxie,12.2761,7.4621,2.90,1.17,11.77,sans,
NGC4236,,G,galaxie,12.2784,69.4626,23.50,6.85,9.77,sans,
NGC4233,,G,galaxie,12.2855,7.6244,2.34,0.98,11.94,sans,
NGC4230,,OCl,amas ouvert,12.2859,-55.2861,5.40,5.40,9.4,sans,
NGC4235,,G,galaxie,12.2861,7.1916,4.41,0.89,11.97,sans,
NGC4237,,G,galaxie,12.2865,15.324,1.82,1.18,11.83,sans,
NGC4223,,G,galaxie,12.2905,6.6901,2.02,1.25,11.95,sans,
NGC4244,,G,galaxie,12.2916,37.8071,16.22,7.24,10.18,sans,
NGC4242,,G,galaxie,12.2917,45.6193,3.80,2.67,11.03,sans,
NGC4245,,G,galaxie,12.2935,29.608,2.55,1.62,11.42,sans,
NGC4251,,G,galaxie,12.3023,28.1754,2.34,1.23,10.77,sans,
M99,Coma Pinwheel,G,galaxie,12.3138,14.4165,5.04,4.74,9.84,sans,99
M106,,G,galaxie,12.316,47.304,16.98,7.24,9.29,sans,106
NGC4260,,G,galaxie,12.3228,6.0987,2.51,1.15,11.55,sans,
NGC4261,,G,galaxie,12.3231,5.8252,4.25,3.35,11.11,sans,
NGC4262,,G,galaxie,12.3252,14.8777,1.74,1.52,11.46,sans,
NGC4267,,G,galaxie,12.3292,12.7983,2.55,1.76,10.89,sans,
NGC4274,,G,galaxie,12.3307,29.6145,3.63,1.70,10.42,sans,
NGC4273,,G,galaxie,12.3322,5.3433,2.19,1.95,11.8,sans,
NGC4278,,G,galaxie,12.3352,29.2807,2.89,2.83,10.21,sans,
NGC4291,,G,galaxie,12.3384,75.3708,1.93,1.62,11.42,sans,
NGC4281,,G,galaxie,12.3393,5.3864,2.85,1.43,11.31,sans,
NGC4293,,G,galaxie,12.3536,18.3824,6.24,3.72,10.17,sans,
NGC4298,,G,galaxie,12.3591,14.6062,2.54,1.40,11.35,sans,
NGC4302,,G,galaxie,12.3618,14.5983,6.00,1.13,11.54,sans,
M61,,G,galaxie,12.3652,4.4736,6.89,6.56,10.25,sans,61
NGC4304,,G,galaxie,12.3702,-33.4845,2.48,2.43,11.77,sans,
NGC4312,,G,galaxie,12.3754,15.5379,5.02,1.15,11.7,sans,
NGC4314,,G,galaxie,12.3755,29.8959,3.70,3.56,10.57,sans,
M100,,G,galaxie,12.3819,15.8218,6.10,5.62,9.47,sans,100
NGC4324,,G,galaxie,12.385,5.2503,2.96,1.21,11.5,sans,
NGC4339,,G,galaxie,12.393,6.0817,2.32,2.20,11.41,sans,
NGC4340,,G,galaxie,12.3931,16.7224,2.82,1.79,11.15,sans,
NGC4350,,G,galaxie,12.3994,16.6934,2.80,1.33,10.87,sans,
NGC4337,,OCl,amas ouvert,12.4009,-58.1238,6.60,6.60,8.9,sans,
NGC4349,,OCl,amas ouvert,12.4017,-61.8704,6.30,6.30,7.4,sans,
NGC4365,,G,galaxie,12.4079,7.3177,5.12,3.66,9.43,sans,
NGC4386,,G,galaxie,12.4079,75.5289,2.52,1.44,11.69,sans,
NGC4361,,PN,nebuleuse planetaire,12.4085,-18.7848,1.05,1.05,10.9,LP,
NGC4369,,G,galaxie,12.4101,39.383,1.98,1.89,11.69,sans,
NGC4371,,G,galaxie,12.4154,11.7042,3.88,1.81,10.83,sans,
M84,,G,galaxie,12.4177,12.887,7.41,6.44,9.79,sans,84
NGC4377,,G,galaxie,12.4201,14.7622,1.60,1.24,11.8,sans,
NGC4379,,G,galaxie,12.4208,15.6075,1.87,1.52,11.63,sans,
NGC4373,,G,galaxie,12.4216,-39.7597,3.98,2.11,10.92,sans,
NGC4378,,G,galaxie,12.4217,4.9251,2.09,1.93,11.29,sans,
NGC4380,,G,galaxie,12.4228,10.0168,3.35,1.78,11.29,sans,
M85,,G,galaxie,12.4234,18.1915,6.95,5.35,9.05,sans,85
NGC4372,,GCl,amas globulaire,12.4293,-72.6591,12.00,12.00,9.85,sans,
NGC4388,,G,galaxie,12.4297,12.6621,5.38,1.29,11.02,sans,
NGC4395,,G,galaxie,12.4302,33.5469,4.17,1.39,10.29,sans,
NGC4394,,G,galaxie,12.4321,18.2141,3.48,3.35,11.03,sans,
NGC4402,,G,galaxie,12.4355,13.1133,3.52,1.00,11.78,sans,
M86,,G,galaxie,12.4366,12.9462,11.53,8.43,8.86,sans,86
NGC4414,,G,galaxie,12.4409,31.2235,1.95,1.12,10.2,sans,
NGC4416,,G,galaxie,12.4463,7.919,1.57,1.37,11.57,sans,
NGC4417,,G,galaxie,12.4474,9.5843,3.09,1.09,11.22,sans,
NGC4419,,G,galaxie,12.449,15.0474,3.89,1.30,11.06,sans,
NGC4421,,G,galaxie,12.4507,15.4615,2.59,1.97,11.42,sans,
NGC4424,,G,galaxie,12.4532,9.4207,3.04,1.57,11.68,sans,
NGC4425,,G,galaxie,12.4537,12.7347,3.08,1.26,11.95,sans,
NGC4429,,G,galaxie,12.4574,11.1077,5.30,2.42,10.08,sans,
IC3370,,G,galaxie,12.4604,-39.3378,3.12,2.29,11.18,sans,
NGC4435,Eyes,G,galaxie,12.4612,13.0789,3.03,2.14,10.96,sans,
NGC4438,Eyes,G,galaxie,12.4627,13.0088,9.16,4.02,10.92,sans,
NGC4440,,G,galaxie,12.4649,12.2933,1.77,1.44,11.81,sans,
NGC4442,,G,galaxie,12.4677,9.8037,4.32,1.61,10.6,sans,
NGC4449,,G,galaxie,12.4697,44.0936,4.66,2.71,9.64,sans,
NGC4448,,G,galaxie,12.471,28.6203,1.58,1.04,11.11,sans,
NGC4439,,OCl,amas ouvert,12.474,-60.1032,4.50,4.50,8.4,sans,
NGC4450,,G,galaxie,12.4749,17.0849,5.46,3.78,10.87,sans,
NGC4452,,G,galaxie,12.4787,11.755,3.36,0.60,11.9,sans,
NGC4454,,G,galaxie,12.4808,-1.9392,2.17,1.99,11.93,sans,
NGC4457,,G,galaxie,12.4831,3.5706,2.79,2.37,10.57,sans,
NGC4459,,G,galaxie,12.4833,13.9784,4.17,3.16,10.25,sans,
NGC4461,,G,galaxie,12.4842,13.1837,3.61,1.23,11.02,sans,
NGC4462,,G,galaxie,12.4892,-23.1664,3.60,1.33,11.85,sans,
NGC4469,,G,galaxie,12.4911,8.7499,2.86,1.05,11.04,sans,
M49,,G,galaxie,12.4963,8.0005,10.21,8.38,8.28,sans,49
NGC4473,,G,galaxie,12.4969,13.4294,4.27,2.51,10.09,sans,
NGC4474,,G,galaxie,12.4982,14.0686,2.33,1.57,11.56,sans,
NGC4463,,OCl,amas ouvert,12.4987,-64.7897,4.80,4.80,7.2,sans,
NGC4477,,G,galaxie,12.5006,13.6366,3.70,3.22,10.31,sans,
NGC4478,,G,galaxie,12.5048,12.3286,1.75,1.43,11.44,sans,
NGC4490,,G,galaxie,12.5101,41.6439,6.71,1.65,9.72,sans,
M87,Virgo Galaxy,G,galaxie,12.5137,12.3911,7.11,6.67,9.0,sans,87
NGC4492,,G,galaxie,12.5166,8.0779,2.11,1.86,11.99,sans,
NGC4487,,G,galaxie,12.5179,-8.0539,3.46,1.90,11.45,sans,
NGC4494,,G,galaxie,12.5234,25.7752,4.35,4.13,9.8,sans,
NGC4496A,,G,galaxie,12.5276,3.9395,3.37,2.78,11.59,sans,
M88,,G,galaxie,12.5331,14.4204,8.65,4.38,10.33,sans,88
NGC4503,,G,galaxie,12.5351,11.1764,3.48,1.58,10.97,sans,
NGC4504,,G,galaxie,12.5382,-7.5634,3.18,1.97,11.61,sans,
NGC4517,,G,galaxie,12.546,0.115,9.02,1.42,10.48,sans,
IC3568,,PN,nebuleuse planetaire,12.5519,82.5639,0.38,0.38,10.6,LP,
NGC4519,,G,galaxie,12.5584,8.6547,2.33,1.77,12.0,sans,
NGC4526,,G,galaxie,12.5675,7.6995,9.64,3.32,9.59,sans,
NGC4528,,G,galaxie,12.5684,11.3212,1.60,0.86,11.97,sans,
NGC4527,,G,galaxie,12.569,2.6537,6.30,1.72,10.5,sans,
NGC4532,,G,galaxie,12.572,6.4677,2.49,0.88,11.92,sans,
NGC4535,,G,galaxie,12.5723,8.1978,8.15,7.48,9.89,sans,
NGC4536,,G,galaxie,12.5742,2.1881,7.08,2.55,10.48,sans,
M91,,G,galaxie,12.5907,14.4963,5.55,4.52,10.96,sans,91
NGC4546,,G,galaxie,12.5915,-3.7932,3.16,1.76,10.57,sans,
NGC4551,,G,galaxie,12.5939,12.264,1.71,1.26,11.98,sans,
M89,,G,galaxie,12.5944,12.5563,8.13,8.00,10.08,sans,89
NGC4559,,G,galaxie,12.5993,27.96,10.57,4.82,9.92,sans,
NGC4565,Needle Galaxy,G,galaxie,12.6058,25.9877,16.75,2.89,10.86,sans,
NGC4564,,G,galaxie,12.6075,11.4393,3.13,1.68,11.26,sans,
NGC4567,Butterfly Galaxies,G,galaxie,12.6091,11.258,2.74,2.15,11.32,sans,
NGC4568,Butterfly Galaxies,G,galaxie,12.6095,11.2389,4.31,1.87,10.8,sans,
M90,,G,galaxie,12.6138,13.1629,9.12,3.82,9.54,sans,90
NGC4570,,G,galaxie,12.6148,7.2466,3.88,0.94,11.11,sans,
NGC4571,,G,galaxie,12.6157,14.2174,3.56,3.31,11.29,sans,
NGC4589,,G,galaxie,12.6236,74.1919,2.93,2.31,10.74,sans,
NGC4578,,G,galaxie,12.6252,9.5551,2.50,1.75,11.4,sans,
M58,,G,galaxie,12.6288,11.8182,5.01,3.84,10.3,sans,58
NGC4586,,G,galaxie,12.6412,4.3191,3.43,1.12,11.58,sans,
NGC4592,,G,galaxie,12.6552,-0.532,4.10,1.17,11.88,sans,
M68,,GCl,amas globulaire,12.6578,-26.743,6.60,6.60,7.96,sans,68
NGC4593,,G,galaxie,12.661,-5.3442,2.40,2.04,11.43,sans,
NGC4596,,G,galaxie,12.6655,10.1761,3.93,3.30,10.46,sans,
M104,Sombrero Galaxy,G,galaxie,12.6665,-11.6231,8.45,4.91,8.59,sans,104
NGC4605,,G,galaxie,12.6665,61.6092,5.87,2.29,10.26,sans,
NGC4602,,G,galaxie,12.6769,-5.133,1.29,0.79,11.75,sans,
NGC4603,,G,galaxie,12.682,-40.9764,2.60,1.84,11.67,sans,
NGC4606,,G,galaxie,12.6826,11.9122,2.47,1.36,11.9,sans,
NGC4608,,G,galaxie,12.687,10.1557,2.88,2.49,11.08,sans,
NGC4618,,G,galaxie,12.6925,41.1508,3.56,2.29,10.78,sans,
M59,,G,galaxie,12.7006,11.647,4.55,3.21,9.56,sans,59
NGC4631,Whale Galaxy,G,galaxie,12.7022,32.5415,14.45,2.20,9.24,sans,
NGC4609,Coalsack Cluster,OCl,amas ouvert,12.7047,-62.9958,5.40,5.40,6.9,sans,
NGC4632,,G,galaxie,12.7089,-0.0826,2.56,0.98,11.86,sans,
NGC4638,,G,galaxie,12.7132,11.4425,2.31,1.50,11.12,sans,
NGC4636,,G,galaxie,12.7138,2.6878,6.35,4.70,9.99,sans,
NGC4639,,G,galaxie,12.7146,13.2574,2.87,1.88,11.6,sans,
NGC4643,,G,galaxie,12.7223,1.9783,2.24,1.75,10.65,sans,
NGC4647,,G,galaxie,12.7256,11.5819,2.75,2.36,11.6,sans,
M60,,G,galaxie,12.7278,11.5527,6.78,5.45,8.79,sans,60
NGC4651,Umbrella Galaxy,G,galaxie,12.7285,16.3934,3.87,2.58,10.82,sans,
NGC4654,,G,galaxie,12.7324,13.1267,4.72,2.49,10.49,sans,
NGC4656 NED01,,G,galaxie,12.7327,32.1702,6.46,0.66,10.47,sans,
NGC4645,,G,galaxie,12.7361,-41.7499,1.97,0.89,11.83,sans,
NGC4650,,G,galaxie,12.7388,-40.7318,3.05,2.04,11.8,sans,
NGC4660,,G,galaxie,12.7422,11.1905,2.09,1.57,11.27,sans,
NGC4664,,G,galaxie,12.7517,3.0558,4.52,4.52,10.5,sans,
NGC4666,,G,galaxie,12.7524,-0.4619,4.97,1.97,10.75,sans,
NGC4684,,G,galaxie,12.7882,-2.7274,2.97,0.96,11.55,sans,
NGC4689,,G,galaxie,12.796,13.7628,3.82,2.86,10.93,sans,
NGC4691,,G,galaxie,12.8038,-3.3327,3.03,2.46,10.99,sans,
NGC4698,,G,galaxie,12.8064,8.4874,3.81,1.55,10.65,sans,
NGC4697,,G,galaxie,12.81,-5.8007,7.14,4.16,9.37,sans,
NGC4696,,G,galaxie,12.8137,-41.3108,3.85,2.56,10.3,sans,
NGC4699,,G,galaxie,12.8173,-8.6649,3.99,3.02,9.53,sans,
NGC4710,,G,galaxie,12.8275,15.1654,4.39,1.13,10.71,sans,
NGC4713,,G,galaxie,12.8327,5.3114,1.66,1.52,11.73,sans,
NGC4709,,G,galaxie,12.8344,-41.382,3.09,1.51,11.1,sans,
NGC4725,,G,galaxie,12.8407,25.5008,9.71,7.10,9.38,sans,
M94,,G,galaxie,12.8481,41.1204,7.74,6.68,8.24,sans,94
NGC4731,,G,galaxie,12.8503,-6.3931,6.32,2.14,11.42,sans,
NGC4733,,G,galaxie,12.8519,10.9121,1.97,1.82,11.76,sans,
NGC4742,,G,galaxie,12.8633,-10.4547,2.14,1.39,11.2,sans,
IC3829,,G,galaxie,12.8704,-29.8407,3.41,1.04,11.7,sans,
NGC4754,,G,galaxie,12.8715,11.3139,4.16,1.95,10.48,sans,
NGC4753,,G,galaxie,12.8728,-1.1997,6.49,3.06,9.66,sans,
NGC4762,,G,galaxie,12.8822,11.2308,8.26,3.52,10.17,sans,
NGC4760,,G,galaxie,12.8853,-10.4942,2.57,2.01,11.58,sans,
NGC4772,,G,galaxie,12.8914,2.1684,4.12,2.00,11.34,sans,
NGC4775,,G,galaxie,12.896,-6.6222,2.22,1.96,11.56,sans,
NGC4767,,G,galaxie,12.898,-39.7143,2.82,1.39,11.51,sans,
NGC4781,,G,galaxie,12.9066,-10.5372,3.66,1.48,11.39,sans,
NGC4786,,G,galaxie,12.909,-6.8594,1.98,1.51,11.71,sans,
NGC4793,,G,galaxie,12.9113,28.9387,1.82,0.94,11.64,sans,
NGC4808,,G,galaxie,12.9303,4.3041,2.36,0.93,11.79,sans,
NGC4802,,G,galaxie,12.9305,-12.0553,2.64,2.30,11.34,sans,
IC3896,,G,galaxie,12.9453,-50.3469,3.05,2.12,11.31,sans,
M64,Black Eye Galaxy,G,galaxie,12.9455,21.683,10.52,5.33,8.52,sans,64
NGC4818,,G,galaxie,12.9469,-8.5253,4.27,1.28,11.34,sans,
NGC4825,,G,galaxie,12.9534,-13.6648,2.69,1.64,11.56,sans,
NGC4815,,OCl,amas ouvert,12.9662,-64.9618,3.90,3.90,8.6,sans,
NGC4845,,G,galaxie,12.967,1.5758,5.50,1.20,10.97,sans,
NGC4835,,G,galaxie,12.9688,-46.2642,3.30,0.68,11.81,sans,
NGC4856,,G,galaxie,12.9892,-15.0422,4.25,1.57,10.62,sans,
NGC4866,,G,galaxie,12.9909,14.1711,5.77,0.98,11.08,sans,
NGC4833,,GCl,amas globulaire,12.993,-70.8746,8.40,8.40,7.79,sans,
NGC4874,,G,galaxie,12.9933,27.9593,2.29,1.98,11.83,sans,
NGC4852,,OCl,amas ouvert,13.0012,-59.6094,5.40,5.40,8.9,sans,
NGC4889,,G,galaxie,13.0023,27.977,2.59,1.68,11.45,sans,
NGC4900,,G,galaxie,13.0109,2.5014,2.13,2.02,11.36,sans,
NGC4914,,G,galaxie,13.0119,37.3153,2.69,1.31,11.6,sans,
NGC4904,,G,galaxie,13.0163,-0.0276,1.99,1.24,11.96,sans,
NGC4902,,G,galaxie,13.0166,-14.5136,2.63,2.37,11.26,sans,
NGC4915,,G,galaxie,13.0245,-4.5465,1.64,1.55,12.0,sans,
NGC4933B,,G,galaxie,13.0658,-11.4981,4.37,1.88,11.74,sans,
NGC4930,,G,galaxie,13.0681,-41.4116,3.54,2.84,11.43,sans,
NGC4941,,G,galaxie,13.0703,-5.5516,3.29,2.70,11.27,sans,
NGC4939,,G,galaxie,13.0707,-10.3396,5.71,2.30,11.91,sans,
NGC4936,,G,galaxie,13.0714,-30.5262,2.85,2.43,10.71,sans,
NGC4951,,G,galaxie,13.0855,-6.4938,3.14,1.16,11.84,sans,
NGC4945,,G,galaxie,13.091,-49.4682,23.33,4.03,11.86,sans,
NGC4958,,G,galaxie,13.0969,-8.0203,4.79,1.20,10.59,sans,
IC4182,,G,galaxie,13.0971,37.6049,6.01,5.52,11.61,sans,
NGC4976,,G,galaxie,13.1438,-49.5064,5.83,3.27,10.08,sans,
IC4191,,PN,nebuleuse planetaire,13.1465,-67.6438,0.08,0.08,10.6,LP,
NGC4981,,G,galaxie,13.1469,-6.7775,2.70,1.97,11.41,sans,
NGC4984,,G,galaxie,13.1492,-15.5163,3.37,2.50,11.01,sans,
NGC4995,,G,galaxie,13.1613,-7.8334,2.43,1.49,11.11,sans,
NGC5005,,G,galaxie,13.1823,37.0592,4.82,1.52,10.71,sans,
NGC5011,,G,galaxie,13.2144,-43.0962,2.92,2.43,11.38,sans,
M53,,GCl,amas globulaire,13.2153,18.1691,9.00,9.00,7.79,sans,53
NGC5018,,G,galaxie,13.217,-19.5182,3.49,2.17,10.85,sans,
NGC5033,,G,galaxie,13.2243,36.5939,9.84,4.58,10.68,sans,
NGC5026,,G,galaxie,13.2371,-42.9613,3.52,1.79,11.81,sans,
NGC5044,,G,galaxie,13.2567,-16.3855,3.66,3.17,10.78,sans,
NGC5042,,G,galaxie,13.2586,-23.9841,4.15,2.20,11.78,sans,
M63,Sunflower Galaxy,G,galaxie,13.2637,42.0293,11.83,7.16,8.61,sans,63
NGC5053,,GCl,amas globulaire,13.2742,17.6977,4.80,4.80,9.96,sans,
NGC5054,,G,galaxie,13.2829,-16.6349,5.04,2.90,10.79,sans,
IC4214,,G,galaxie,13.2952,-32.1017,2.96,1.84,11.4,sans,
NGC5061,,G,galaxie,13.3014,-26.8372,3.75,3.05,10.31,sans,
NGC5068,,G,galaxie,13.3152,-21.0391,7.48,6.70,10.06,sans,
NGC5077,,G,galaxie,13.3255,-12.657,2.65,2.07,11.65,sans,
NGC5078,,G,galaxie,13.3306,-27.4104,2.56,0.62,10.64,sans,
NGC5084,,G,galaxie,13.338,-21.8276,9.93,2.46,10.49,sans,
NGC5087,,G,galaxie,13.3403,-20.611,2.99,2.52,11.13,sans,
NGC5090,,G,galaxie,13.3536,-43.7046,3.51,2.76,11.28,sans,
NGC5101,,G,galaxie,13.3628,-27.4305,5.90,5.52,10.46,sans,
NGC5105,,G,galaxie,13.3636,-13.2068,1.93,1.37,11.81,sans,
NGC5102,,G,galaxie,13.366,-36.6303,9.71,3.71,9.88,sans,
NGC5121,,G,galaxie,13.4127,-37.6822,2.16,1.67,11.62,sans,
NGC5134,,G,galaxie,13.4218,-21.1342,2.70,1.53,11.77,sans,
NGC5128,Centaurus A,G,galaxie,13.4243,-43.0191,25.88,19.77,7.22,sans,
NGC5120,,OCl,amas ouvert,13.4276,-63.4583,,,10.8,sans,
NGC5139,Omega Centauri,GCl,amas globulaire,13.4461,-47.4769,27.00,27.00,5.33,sans,
NGC5138,,OCl,amas ouvert,13.4542,-59.0409,4.20,4.20,5.33,sans,
NGC5153,,G,galaxie,13.4651,-29.618,2.44,1.89,11.92,sans,
NGC5156,,G,galaxie,13.4789,-48.9168,2.54,2.08,11.86,sans,
NGC5161,,G,galaxie,13.4872,-33.1738,5.36,1.62,11.52,sans,
NGC5172,,G,galaxie,13.4887,17.0519,2.38,1.34,11.96,sans,
NGC5204,,G,galaxie,13.4935,58.4187,4.50,2.82,11.32,sans,
NGC5170,,G,galaxie,13.4969,-17.9664,7.96,1.41,11.23,sans,
M51,Whirlpool Galaxy,G,galaxie,13.498,47.1952,13.71,11.67,8.36,sans,51
NGC5195,,G,galaxie,13.4999,47.2661,5.50,4.36,9.58,sans,
NGC5198,,G,galaxie,13.5032,46.6708,2.03,1.68,11.78,sans,
NGC5168,,OCl,amas ouvert,13.5181,-60.9392,4.20,4.20,9.1,sans,
NGC5193,,G,galaxie,13.5315,-33.2342,2.07,1.89,11.73,sans,
NGC5189,,PN,nebuleuse planetaire,13.5591,-65.9741,2.33,2.33,10.3,LP,
NGC5206,,G,galaxie,13.5622,-48.1512,4.26,2.81,10.49,sans,
IC4296,,G,galaxie,13.6108,-33.9658,4.62,2.43,10.51,sans,
IC4291,,OCl,amas ouvert,13.6157,-62.0931,5.10,5.10,9.7,sans,
M83,Southern Pinwheel Galaxy,G,galaxie,13.6169,-29.8654,13.61,13.21,7.21,sans,83
NGC5248,,G,galaxie,13.6256,8.8852,4.07,2.38,9.97,sans,
NGC5247,,G,galaxie,13.6342,-17.884,5.32,4.26,10.41,sans,
NGC5253,,G,galaxie,13.6655,-31.6401,5.01,2.12,10.28,sans,
NGC5264,,G,galaxie,13.6935,-29.9131,2.97,2.20,11.98,sans,
M3,,GCl,amas globulaire,13.7031,28.3754,16.20,16.20,6.39,sans,3
NGC5266,,G,galaxie,13.7173,-48.1694,2.92,2.09,10.77,sans,
NGC5297,,G,galaxie,13.7732,43.8723,3.72,0.91,11.76,sans,
NGC5286,,GCl,amas globulaire,13.7741,-51.3735,6.60,6.60,8.31,sans,
NGC5281,,OCl,amas ouvert,13.7764,-62.9165,6.90,6.90,5.9,sans,
NGC5308,,G,galaxie,13.7835,60.9732,4.33,0.57,11.32,sans,
NGC5292,,G,galaxie,13.7945,-30.9395,2.29,1.33,11.92,sans,
NGC5288,,OCl,amas ouvert,13.8125,-64.6854,3.60,3.60,11.8,sans,
IC4329,,G,galaxie,13.8181,-30.2959,4.74,2.65,10.97,sans,
NGC5322,,G,galaxie,13.8209,60.1905,5.62,3.49,10.14,sans,
NGC5326,,G,galaxie,13.8474,39.5749,2.18,1.03,11.87,sans,
NGC5307,,PN,nebuleuse planetaire,13.8509,-51.2058,0.21,0.21,11.2,LP,
NGC5328,,G,galaxie,13.8815,-28.4894,3.07,1.71,11.71,sans,
NGC5334,,G,galaxie,13.8818,-1.1146,3.38,2.44,11.73,sans,
NGC5350,,G,galaxie,13.8893,40.3639,2.69,1.66,11.47,sans,
NGC5353,,G,galaxie,13.8907,40.283,2.37,1.18,11.02,sans,
NGC5354,,G,galaxie,13.8907,40.3027,3.03,1.15,11.38,sans,
NGC5315,,PN,nebuleuse planetaire,13.8991,-66.5142,0.10,0.10,9.8,LP,
NGC5316,,OCl,amas ouvert,13.8992,-61.8691,9.90,9.90,6.0,sans,
NGC5333,,G,galaxie,13.9067,-48.5125,2.18,1.09,11.89,sans,
NGC5371,,G,galaxie,13.9278,40.4618,3.98,2.45,11.69,sans,
NGC5389,,G,galaxie,13.9351,59.7421,3.27,0.71,11.98,sans,
NGC5363,,G,galaxie,13.9353,5.2548,4.17,2.75,10.21,sans,
NGC5364,,G,galaxie,13.9367,5.0145,3.80,1.66,10.52,sans,
NGC5377,,G,galaxie,13.938,47.2357,3.64,1.42,11.27,sans,
NGC5383,,G,galaxie,13.9514,41.8463,2.48,1.88,11.57,sans,
NGC5365,,G,galaxie,13.9641,-43.9313,3.88,2.14,11.32,sans,
IC4351,,G,galaxie,13.9651,-29.3157,6.55,1.04,11.62,sans,
NGC5395,,G,galaxie,13.9772,37.4245,2.49,1.16,11.66,sans,
NGC5422,,G,galaxie,14.0117,55.1645,2.81,0.59,11.8,sans,
NGC5448,,G,galaxie,14.0472,49.1727,3.77,1.95,11.88,sans,
M101,,G,galaxie,14.0535,54.3489,23.99,23.07,7.9,sans,101
NGC5408,,G,galaxie,14.0558,-41.3777,2.84,1.53,11.64,sans,
NGC5444,,G,galaxie,14.0567,35.1321,2.48,1.94,11.86,sans,
NGC5419,,G,galaxie,14.0608,-33.9783,3.98,2.95,10.77,sans,
NGC5473,,G,galaxie,14.0787,54.8926,1.99,1.54,11.47,sans,
NGC5474,,G,galaxie,14.0838,53.6622,2.39,1.57,11.01,sans,
NGC5466,,GCl,amas globulaire,14.0909,28.5345,6.60,6.60,9.7,sans,
NGC5485,,G,galaxie,14.1198,55.0017,2.51,1.75,11.5,sans,
NGC5460,,OCl,amas ouvert,14.1244,-48.3425,13.20,13.20,5.6,sans,
IC0983,,G,galaxie,14.1679,17.7338,2.32,2.01,11.96,sans,
NGC5483,,G,galaxie,14.1736,-43.3246,3.42,3.08,11.13,sans,
NGC5493,,G,galaxie,14.1915,-5.0436,2.17,1.92,11.42,sans,
NGC5529,,G,galaxie,14.2595,36.2266,5.79,0.68,11.91,sans,
NGC5516,,G,galaxie,14.2652,-48.1149,2.39,1.56,11.99,sans,
NGC5533,,G,galaxie,14.2688,35.3438,2.86,1.58,11.81,sans,
NGC5532,,G,galaxie,14.2814,10.8074,2.34,1.94,11.94,sans,
NGC5557,,G,galaxie,14.3071,36.4936,2.28,1.12,11.02,sans,
NGC5530,,G,galaxie,14.3075,-43.3886,4.86,2.18,11.19,sans,
NGC5585,,G,galaxie,14.3301,56.7291,4.27,2.62,11.02,sans,
NGC5566,,G,galaxie,14.3389,3.9338,5.36,2.08,10.51,sans,
NGC5556,,G,galaxie,14.3428,-29.2418,3.45,2.75,11.82,sans,
NGC5582,,G,galaxie,14.3453,39.6936,2.20,1.40,11.62,sans,
NGC5576,,G,galaxie,14.351,3.271,2.83,1.87,10.9,sans,
IC4402,,G,galaxie,14.3536,-46.2979,5.78,0.96,11.82,sans,
IC4406,,PN,nebuleuse planetaire,14.374,-44.1502,0.58,0.58,10.2,LP,
NGC5614,,G,galaxie,14.4021,34.8589,2.43,2.00,11.71,sans,
NGC5631,,G,galaxie,14.4426,56.5826,1.95,1.95,11.56,sans,
NGC5606,,OCl,amas ouvert,14.4631,-59.6322,3.60,3.60,7.7,sans,
NGC5634,,GCl,amas globulaire,14.4937,-5.9764,4.50,4.50,10.05,sans,
NGC5638,,G,galaxie,14.4945,3.2333,1.94,1.71,11.21,sans,
NGC5617,,OCl,amas ouvert,14.4956,-60.7108,5.10,5.10,6.3,sans,
NGC5660,,G,galaxie,14.4972,49.6227,2.64,2.43,11.91,sans,
IC4441,,G,galaxie,14.5274,-43.4184,1.95,1.53,11.84,sans,
NGC5678,,G,galaxie,14.5349,57.9214,2.96,1.55,11.43,sans,
IC1029,,G,galaxie,14.5409,49.9046,2.78,0.45,11.29,sans,
NGC5643,,G,galaxie,14.5447,-44.1744,5.27,4.60,11.49,sans,
NGC5676,,G,galaxie,14.5463,49.4579,3.59,1.61,11.22,sans,
NGC5668,,G,galaxie,14.5568,4.4504,1.91,1.61,11.71,sans,
NGC5687,,G,galaxie,14.5812,54.4759,2.41,1.37,11.74,sans,
NGC5689,,G,galaxie,14.5916,48.7416,3.66,0.91,11.8,sans,
NGC5670,,G,galaxie,14.5933,-45.967,2.59,1.18,11.96,sans,
NGC5662,,OCl,amas ouvert,14.5938,-56.6181,8.10,8.10,5.5,sans,
NGC5701,,G,galaxie,14.6531,5.3635,2.00,1.60,11.2,sans,
NGC5688,,G,galaxie,14.6598,-45.019,4.13,1.91,11.81,sans,
NGC5694,,GCl,amas globulaire,14.6601,-26.5383,3.30,3.30,10.89,sans,
NGC5713,,G,galaxie,14.6699,-0.289,2.47,1.70,11.32,sans,
NGC5728,,G,galaxie,14.7066,-17.2531,3.20,1.87,11.51,sans,
NGC5715,,OCl,amas ouvert,14.7249,-57.577,3.60,3.60,9.8,sans,
NGC5740,,G,galaxie,14.7401,1.6798,2.70,1.34,11.9,sans,
NGC5746,,G,galaxie,14.7489,1.955,7.24,1.08,10.55,sans,
NGC5750,,G,galaxie,14.7698,-0.2229,2.65,1.37,11.69,sans,
NGC5749,,OCl,amas ouvert,14.815,-54.4977,7.20,7.20,8.8,sans,
NGC5775,,G,galaxie,14.8993,3.5444,3.70,0.85,11.43,sans,
NGC5792,,G,galaxie,14.973,-1.0911,3.55,1.38,11.26,sans,
NGC5791,,G,galaxie,14.9795,-19.2669,2.71,1.43,11.85,sans,
NGC5786,,G,galaxie,14.9823,-42.0134,2.40,1.32,11.89,sans,
NGC5796,,G,galaxie,14.99,-16.6239,2.65,2.18,11.58,sans,
NGC5806,,G,galaxie,15.0001,1.8913,3.03,1.63,11.65,sans,
IC4499,,GCl,amas globulaire,15.0053,-82.2135,5.10,5.10,8.56,sans,
NGC5812,,G,galaxie,15.0155,-7.4574,2.66,2.29,11.23,sans,
NGC5813,,G,galaxie,15.0198,1.702,4.13,2.70,10.53,sans,
NGC5824,,GCl,amas globulaire,15.0663,-33.0681,5.10,5.10,9.56,sans,
NGC5831,,G,galaxie,15.0686,1.2199,2.24,1.98,11.46,sans,
NGC5822,,OCl,amas ouvert,15.0726,-54.3964,18.00,18.00,6.5,sans,
NGC5838,,G,galaxie,15.0906,2.0993,3.86,1.29,10.81,sans,
NGC5823,,OCl,amas ouvert,15.0918,-55.6037,3.90,3.90,7.9,sans,
NGC5845,,G,galaxie,15.1002,1.6338,1.00,0.71,11.4,sans,
NGC5846,,G,galaxie,15.1081,1.6056,4.27,4.05,10.18,sans,
NGC5866,,G,galaxie,15.1082,55.7632,6.31,2.72,9.89,sans,
NGC5850,,G,galaxie,15.1188,1.5442,3.35,2.37,11.0,sans,
NGC5854,,G,galaxie,15.1299,2.5686,3.02,0.71,11.8,sans,
NGC5861,,G,galaxie,15.1545,-11.3217,2.78,1.11,11.69,sans,
NGC5879,,G,galaxie,15.163,57.0002,3.79,1.42,11.47,sans,
NGC5833,,G,galaxie,15.1982,-72.8594,3.10,0.98,11.93,sans,
NGC5873,,PN,nebuleuse planetaire,15.2141,-38.1256,0.12,0.12,11.0,LP,
NGC5878,,G,galaxie,15.2294,-14.2698,3.27,1.21,11.67,sans,
NGC5885,,G,galaxie,15.2512,-10.086,3.07,2.59,11.7,sans,
NGC5907,,G,galaxie,15.2649,56.3288,11.30,1.75,10.37,sans,
NGC5908,,G,galaxie,15.2787,55.4093,3.37,1.61,11.89,sans,
NGC5882,,PN,nebuleuse planetaire,15.2806,-45.6493,0.23,0.23,10.18,LP,
NGC5897,,GCl,amas globulaire,15.2901,-21.0101,9.90,9.90,8.52,sans,
NGC5898,,G,galaxie,15.3038,-24.0979,2.66,2.37,11.38,sans,
M5,,GCl,amas globulaire,15.3094,2.0827,15.00,15.00,5.95,sans,5
NGC5903,,G,galaxie,15.3101,-24.0686,3.00,2.23,11.27,sans,
NGC5921,,G,galaxie,15.3657,5.0705,3.02,2.03,11.02,sans,
NGC5925,,OCl,amas ouvert,15.4574,-54.5288,4.80,4.80,8.4,sans,
NGC5927,,GCl,amas globulaire,15.4668,-50.6728,6.60,6.60,8.86,sans,
NGC5965,,G,galaxie,15.5673,56.6856,5.08,0.78,11.78,sans,
NGC5946,,GCl,amas globulaire,15.5913,-50.6597,3.60,3.60,10.72,sans,
NGC5938,,G,galaxie,15.6073,-66.8597,2.31,1.59,11.49,sans,
NGC5962,,G,galaxie,15.6088,16.6078,2.48,1.61,11.5,sans,
NGC5964,,G,galaxie,15.6267,5.974,3.42,2.56,11.82,sans,
NGC5970,,G,galaxie,15.6417,12.1866,2.77,1.91,11.61,sans,
NGC5982,,G,galaxie,15.6444,59.3558,3.07,2.00,11.07,sans,
NGC5985,,G,galaxie,15.6603,59.3319,3.98,2.01,11.81,sans,
NGC5987,,G,galaxie,15.6659,58.0795,3.84,1.32,11.72,sans,
NGC5986,,GCl,amas globulaire,15.7676,-37.7861,5.40,5.40,6.92,sans,
NGC5979,,PN,nebuleuse planetaire,15.7947,-61.2179,0.13,0.13,11.5,LP,
NGC6015,,G,galaxie,15.857,62.31,5.81,2.57,11.17,sans,
NGC5999,,OCl,amas ouvert,15.8691,-56.4728,3.30,3.30,9.0,sans,
NGC6012,,G,galaxie,15.9039,14.6013,1.77,1.27,11.96,sans,
NGC6005,,OCl,amas ouvert,15.9302,-57.4374,4.20,4.20,10.7,sans,
NGC6025,,OCl,amas ouvert,16.0549,-60.4314,11.40,11.40,5.1,sans,
NGC6031,,OCl,amas ouvert,16.1265,-54.0149,4.80,4.80,8.5,sans,
NGC6070,,G,galaxie,16.1663,0.7093,3.49,1.84,11.75,sans,
IC4593,,PN,nebuleuse planetaire,16.1957,12.0714,0.66,0.66,10.7,LP,
IC4592,,RfN,nebuleuse par reflexion,16.1996,-19.4547,60.00,40.00,3.9,sans,
NGC6072,,PN,nebuleuse planetaire,16.2162,-36.23,1.17,1.17,11.7,LP,
NGC6067,,OCl,amas ouvert,16.2197,-54.2189,8.10,8.10,5.6,sans,
M80,,GCl,amas globulaire,16.284,-22.9751,5.70,5.70,7.3,sans,80
NGC6087,S Nor Cluster,OCl,amas ouvert,16.3141,-57.9346,10.20,10.20,5.4,sans,
NGC6125,,G,galaxie,16.3199,57.9842,1.38,1.38,12.0,sans,
NGC6140,,G,galaxie,16.3495,65.3906,2.09,1.78,11.66,sans,
NGC6118,,G,galaxie,16.3635,-2.2834,4.45,1.78,11.71,sans,
M4,,GCl,amas globulaire,16.3932,-26.5255,28.20,28.20,5.4,sans,4
NGC6115,,OCl,amas ouvert,16.4073,-51.9482,4.5,4.5,9.8,sans,
NGC6124,,OCl,amas ouvert,16.4222,-40.6537,13.50,13.50,5.8,sans,
IC4604,rho Oph Nebula,Neb,nebuleuse,16.4253,-23.4366,60.00,25.00,5.1,LP,
NGC6101,,GCl,amas globulaire,16.4302,-72.2016,4.50,4.50,10.08,sans,
NGC6144,,GCl,amas globulaire,16.4539,-26.0247,5.40,5.40,9.63,sans,
NGC6139,,GCl,amas globulaire,16.4613,-38.8498,4.50,4.50,9.68,sans,
NGC6134,,OCl,amas ouvert,16.4629,-49.1512,6.90,6.90,7.2,sans,
NGC6166,,G,galaxie,16.4774,39.5516,2.14,1.54,11.91,sans,
IC4605,,Neb,nebuleuse,16.5035,-25.1152,30.00,15.00,4.7,LP,
NGC6153,,PN,nebuleuse planetaire,16.5252,-40.2534,0.40,0.40,10.9,LP,
NGC6181,,G,galaxie,16.5392,19.8266,2.39,0.99,11.82,sans,
M107,,GCl,amas globulaire,16.5422,-13.0536,7.80,7.80,8.85,sans,107
NGC6152,,OCl,amas ouvert,16.546,-52.644,6.60,6.60,8.1,sans,
NGC6164,,Neb,nebuleuse,16.5616,-48.0801,1.41,0.60,6.71,LP,
NGC6165,,Neb,nebuleuse,16.5676,-48.1505,2.50,0.50,6.71,LP,
NGC6169,,OCl,amas ouvert,16.568,-44.0456,4.20,4.20,6.6,sans,
NGC6167,,OCl,amas ouvert,16.5764,-49.7719,7.20,7.20,6.7,sans,
NGC6156,,G,galaxie,16.5813,-60.6188,1.87,1.60,11.98,sans,
NGC6178,,OCl,amas ouvert,16.5965,-45.6437,6.90,6.90,7.2,sans,
NGC6192,,OCl,amas ouvert,16.6733,-43.3668,7.50,7.50,8.5,sans,
M13,Hercules Globular Cluster,GCl,amas globulaire,16.6949,36.4613,16.50,16.50,5.8,sans,13
NGC6207,,G,galaxie,16.7177,36.8324,3.46,1.61,11.64,sans,
NGC6200,,OCl,amas ouvert,16.7354,-47.4627,8.10,8.10,7.4,sans,
NGC6210,,PN,nebuleuse planetaire,16.7415,23.7998,0.50,0.50,9.65,LP,
NGC6204,,OCl,amas ouvert,16.7693,-47.017,4.50,4.50,8.2,sans,
NGC6229,,GCl,amas globulaire,16.783,47.5278,4.80,4.80,9.86,sans,
M12,,GCl,amas globulaire,16.7874,-1.9478,11.10,11.10,6.07,sans,12
NGC6216,,OCl,amas ouvert,16.8232,-44.7315,4.20,4.20,10.1,sans,
NGC6208,,OCl,amas ouvert,16.8245,-53.7283,8.40,8.40,7.2,sans,
NGC6215,,G,galaxie,16.8519,-58.9935,2.64,2.34,11.16,sans,
NGC6221,,G,galaxie,16.8795,-59.2186,4.84,3.15,10.54,sans,
NGC6235,,GCl,amas globulaire,16.8904,-22.1774,4.20,4.20,7.2,sans,
NGC6231,,OCl,amas ouvert,16.903,-41.8243,13.80,13.80,2.6,sans,
NGC6242,,OCl,amas ouvert,16.926,-39.4609,6.60,6.60,6.4,sans,
M10,,GCl,amas globulaire,16.9525,-4.0993,9.30,9.30,4.98,sans,10
NGC6249,,OCl,amas ouvert,16.9615,-44.8119,7.60,7.60,8.2,sans,
NGC6250,,Cl+N,amas + nebuleuse,16.9656,-45.9366,9.60,9.60,5.9,LP,
NGC6253,,OCl,amas ouvert,16.9848,-52.7088,6.00,6.00,10.2,sans,
NGC6259,,OCl,amas ouvert,17.0126,-44.655,6.00,6.00,8.0,sans,
M62,,GCl,amas globulaire,17.0202,-30.1124,7.80,7.80,7.39,sans,62
IC4634,,PN,nebuleuse planetaire,17.026,-21.826,0.14,0.14,10.9,LP,
NGC6268,,OCl,amas ouvert,17.0362,-39.7282,6.00,6.00,9.5,sans,
M19,,GCl,amas globulaire,17.0438,-26.2679,7.50,7.50,5.57,sans,19
NGC6284,,GCl,amas globulaire,17.0747,-24.7643,6.60,6.60,7.43,sans,
NGC6281,,OCl,amas ouvert,17.0781,-37.9852,10.20,10.20,5.4,sans,
NGC6287,,GCl,amas globulaire,17.0859,-22.708,5.40,5.40,10.3,sans,
NGC6293,,GCl,amas globulaire,17.1696,-26.5817,4.50,4.50,9.02,sans,
NGC6340,,G,galaxie,17.1736,72.3044,3.04,2.88,11.11,sans,
NGC6302,Bug Nebula,PN,nebuleuse planetaire,17.2291,-37.1031,0.74,0.74,9.6,LP,
NGC6309,Box Nebula,PN,nebuleuse planetaire,17.2345,-12.9106,0.26,0.26,11.5,LP,
NGC6304,,GCl,amas globulaire,17.2424,-29.4623,3.60,3.60,9.03,sans,
NGC6318,,OCl,amas ouvert,17.2699,-39.425,3.30,3.30,11.8,sans,
NGC6316,,GCl,amas globulaire,17.2771,-28.14,4.80,4.80,9.03,sans,
NGC6300,,G,galaxie,17.2832,-62.8206,5.33,3.37,10.27,sans,
M92,,GCl,amas globulaire,17.2854,43.1365,14.40,14.40,6.52,sans,92
NGC6325,,GCl,amas globulaire,17.2998,-23.766,4.02,4.02,11.49,sans,
NGC6322,,OCl,amas ouvert,17.3072,-42.934,6.30,6.30,6.0,sans,
M9,,GCl,amas globulaire,17.3199,-18.5162,6.90,6.90,8.42,sans,9
NGC6342,,GCl,amas globulaire,17.3528,-19.5874,6.60,6.60,10.01,sans,
NGC6356,,GCl,amas globulaire,17.3931,-17.813,5.40,5.40,7.42,sans,
NGC6355,,GCl,amas globulaire,17.3996,-26.3534,2.70,2.70,11.05,sans,
IC4651,,OCl,amas ouvert,17.4136,-49.9382,9.60,9.60,6.9,sans,
NGC6352,,GCl,amas globulaire,17.4248,-48.4227,7.20,7.20,8.87,sans,
NGC6369,Little Ghost Nebula,PN,nebuleuse planetaire,17.489,-23.7594,0.63,0.63,11.4,LP,
NGC6412,,G,galaxie,17.4938,75.7044,2.13,1.84,11.83,sans,
NGC6362,,GCl,amas globulaire,17.5319,-67.0479,8.40,8.40,8.86,sans,
NGC6384,,G,galaxie,17.5401,7.0603,2.45,1.11,10.63,sans,
NGC6374,,OCl,amas ouvert,17.5785,-32.5814,6.90,6.90,5.5,sans,
NGC6411,,G,galaxie,17.5925,60.8134,1.76,1.15,11.86,sans,
NGC6388,,GCl,amas globulaire,17.6048,-44.7356,8.40,8.40,7.4,sans,
M14,,GCl,amas globulaire,17.6267,-3.2459,9.9,9.9,5.73,sans,14
NGC6396,,OCl,amas ouvert,17.6268,-35.0259,3.30,3.30,8.5,sans,
NGC6401,,GCl,amas globulaire,17.6436,-23.9088,4.50,4.50,10.71,sans,
NGC6404,,OCl,amas ouvert,17.6604,-33.2467,4.20,4.20,10.6,sans,
NGC6400,,OCl,amas ouvert,17.6702,-36.9477,6.00,6.00,8.8,sans,
M6,Butterfly Cluster,OCl,amas ouvert,17.6724,-32.2542,15.60,15.60,4.2,sans,6
NGC6397,,GCl,amas globulaire,17.6782,-53.6737,15.30,15.30,5.17,sans,
IC1266,,PN,nebuleuse planetaire,17.7598,-46.0899,0.16,0.16,11.2,LP,
IC4665,,OCl,amas ouvert,17.7742,5.6487,24.60,24.60,4.2,sans,
NGC6425,,OCl,amas ouvert,17.7838,-31.5294,4.80,4.80,7.2,sans,
IC4662,,G,galaxie,17.7858,-64.6418,2.09,0.83,11.1,sans,
NGC6440,,GCl,amas globulaire,17.8146,-20.3596,5.10,5.10,10.1,sans,
NGC6445,Little Gem,PN,nebuleuse planetaire,17.8209,-20.0095,0.55,0.55,11.2,LP,
NGC6503,,G,galaxie,17.824,70.1444,5.94,1.98,10.12,sans,
NGC6441,,GCl,amas globulaire,17.8369,-37.0511,4.80,4.80,8.0,sans,
NGC6451,,OCl,amas ouvert,17.8446,-30.2116,7.20,7.20,8.2,sans,
NGC6453,,GCl,amas globulaire,17.8477,-34.5999,5.40,5.40,10.49,sans,
NGC6482,,G,galaxie,17.8636,23.0719,2.03,1.71,11.33,sans,
NGC6487,,G,galaxie,17.8783,29.8386,1.80,1.57,11.97,sans,
NGC6469,,OCl,amas ouvert,17.8867,-22.2751,9.00,9.00,8.2,sans,
M7,Ptolemy's Cluster,OCl,amas ouvert,17.8975,-34.7928,22.20,22.20,3.3,sans,7
M23,,OCl,amas ouvert,17.9513,-18.9853,16.80,16.80,5.5,sans,23
NGC6543,Cat's Eye Nebula,PN,nebuleuse planetaire,17.9759,66.6332,0.90,0.90,9.01,LP,
NGC6496,,GCl,amas globulaire,17.9844,-44.2663,4.62,4.62,9.96,sans,
NGC6483,,G,galaxie,17.9919,-63.6687,1.83,1.49,11.96,sans,
NGC6507,,OCl,amas ouvert,17.9974,-17.4503,4.80,4.80,9.6,sans,
NGC6517,,GCl,amas globulaire,18.0307,-8.9595,4.80,4.80,11.08,sans,
M20,Trifid Nebula,Neb,nebuleuse,18.045,-22.9719,28.00,28.00,8.5,LP,20
NGC6492,,G,galaxie,18.0468,-66.4306,2.38,1.38,11.94,sans,
NGC6520,,OCl,amas ouvert,18.0567,-27.8861,5.40,5.40,7.6,sans,
NGC6522,,GCl,amas globulaire,18.0595,-30.034,3.90,3.90,9.48,sans,
M8,Lagoon Nebula,Neb,nebuleuse,18.0615,-24.3802,45.00,30.00,5.8,LP,8
NGC6535,,GCl,amas globulaire,18.0641,-0.2969,3.60,3.60,9.85,sans,
M21,,OCl,amas ouvert,18.0704,-22.4901,6.00,6.00,5.9,sans,21
NGC6530,,Cl+N,amas + nebuleuse,18.0753,-24.3581,6.00,6.00,4.6,LP,
NGC6528,,GCl,amas globulaire,18.0804,-30.0558,3.60,3.60,10.65,sans,
NGC6537,Red Spider Nebula,PN,nebuleuse planetaire,18.087,-19.843,0.17,0.17,11.6,LP,
NGC6548,,G,galaxie,18.0998,18.5872,2.65,2.37,11.73,sans,
IC4678,,Neb,nebuleuse,18.1093,-23.9544,,,10.4,LP,
NGC6544,,GCl,amas globulaire,18.1222,-24.9984,6.00,6.00,9.9,sans,
NGC6546,,OCl,amas ouvert,18.1229,-23.2962,6.90,6.90,8.0,sans,
NGC6541,,GCl,amas globulaire,18.134,-43.7159,7.50,7.50,7.32,sans,
NGC6553,,GCl,amas globulaire,18.1549,-25.9079,5.40,5.40,9.08,sans,
NGC6558,,GCl,amas globulaire,18.1718,-31.7635,5.40,5.40,11.29,sans,
NGC6574,,G,galaxie,18.1976,14.9818,1.57,1.20,11.96,sans,
NGC6565,,PN,nebuleuse planetaire,18.1979,-28.1783,0.23,0.23,11.6,LP,
NGC6563,,PN,nebuleuse planetaire,18.2007,-33.8683,0.79,0.79,11.0,LP,
NGC6572,,PN,nebuleuse planetaire,18.2017,6.8537,0.18,0.18,8.1,LP,
NGC6568,,OCl,amas ouvert,18.2123,-21.628,7.80,7.80,8.6,sans,
NGC6569,,GCl,amas globulaire,18.2274,-31.8277,4.50,4.50,9.47,sans,
NGC6567,,PN,nebuleuse planetaire,18.2292,-19.0758,0.13,0.13,11.0,LP,
NGC6583,,OCl,amas ouvert,18.2636,-22.1376,3.60,3.60,10.0,sans,
NGC6605,,OCl,amas ouvert,18.2727,-15.0152,6.30,6.30,6.0,sans,
NGC6589,,Neb,nebuleuse,18.282,-19.7771,4.00,3.00,10.5,LP,
M24,Small Sgr Star Cloud,*Ass,association d'etoiles,18.2823,-18.5146,120.00,60.00,4.5,sans,24
NGC6590,,RfN,nebuleuse par reflexion,18.2847,-19.8661,4.00,3.00,9.8,sans,
IC1284,,Neb,nebuleuse,18.2943,-19.672,16.98,15.14,7.7,LP,
NGC6604,,OCl,amas ouvert,18.3008,-12.2431,9.60,9.60,6.5,sans,
NGC6603,,OCl,amas ouvert,18.3075,-18.4061,4.20,4.20,11.1,sans,
NGC6584,,GCl,amas globulaire,18.3105,-52.2152,5.10,5.10,8.17,sans,
M16,Eagle Nebula,Neb,nebuleuse,18.3134,-13.8072,120.00,25.00,6.0,LP,16
IC4703,Eagle Nebula,Neb,nebuleuse,18.3156,-13.8454,5.05,5.05,6.0,LP,
NGC6643,,G,galaxie,18.3296,74.5684,3.32,1.63,11.11,sans,
M18,,OCl,amas ouvert,18.3329,-17.102,6.00,6.00,6.9,sans,18
M17,Checkmark Nebula,Neb,nebuleuse,18.3464,-16.1715,12.60,12.60,7.0,LP,17
NGC6438,,G,galaxie,18.3715,-85.4021,1.76,1.49,11.61,sans,
NGC6625,,OCl,amas ouvert,18.3798,-11.955,6.00,6.00,9.0,sans,
NGC6654,,G,galaxie,18.4021,73.1832,2.91,2.23,11.84,sans,
M28,,GCl,amas globulaire,18.4091,-24.8698,5.10,5.10,6.9,sans,28
NGC6629,,PN,nebuleuse planetaire,18.4285,-23.2029,0.26,0.26,11.3,LP,
NGC6631,,OCl,amas ouvert,18.4532,-12.0312,5.70,5.70,11.7,sans,
NGC6633,,OCl,amas ouvert,18.4542,6.5082,12.00,12.00,4.6,sans,
IC4710,,G,galaxie,18.4772,-66.9823,3.49,2.99,12.0,sans,
NGC6638,,GCl,amas globulaire,18.5156,-25.4964,4.20,4.20,9.68,sans,
M69,,GCl,amas globulaire,18.5231,-32.348,5.70,5.70,8.31,sans,69
IC1287,,RfN,nebuleuse par reflexion,18.5238,-10.7958,20.00,10.00,6.1,sans,
M25,,OCl,amas ouvert,18.5297,-19.1149,14.10,14.10,4.6,sans,25
NGC6642,,GCl,amas globulaire,18.5317,-23.4761,3.90,3.90,10.24,sans,
NGC6644,,PN,nebuleuse planetaire,18.543,-25.1294,0.04,0.04,10.7,LP,
NGC6645,,OCl,amas ouvert,18.5439,-16.8839,5.40,5.40,8.5,sans,
NGC6647,,OCl,amas ouvert,18.547,-17.2287,3.60,3.60,8.0,sans,
NGC6649,,OCl,amas ouvert,18.5578,-10.4028,5.58,5.58,8.9,sans,
NGC6658,,G,galaxie,18.5655,22.8883,1.50,0.25,11.8,sans,
IC4721,,G,galaxie,18.5735,-58.4966,5.30,1.64,11.82,sans,
NGC6652,,GCl,amas globulaire,18.596,-32.9903,5.10,5.10,9.75,sans,
M22,,GCl,amas globulaire,18.6067,-23.9034,12.60,12.60,6.17,sans,22
NGC6664,,OCl,amas ouvert,18.6093,-8.2208,6.00,6.00,7.8,sans,
IC4756,,OCl,amas ouvert,18.6476,5.4622,24.00,24.00,4.6,sans,
NGC6683,,OCl,amas ouvert,18.7039,-6.2123,3.00,3.00,9.4,sans,
M70,,GCl,amas globulaire,18.7202,-32.2919,6.60,6.60,9.06,sans,70
NGC6673,,G,galaxie,18.7518,-62.2972,2.60,1.44,11.72,sans,
M26,,OCl,amas ouvert,18.7552,-9.3836,6.00,6.00,8.87,sans,26
IC4776,,PN,nebuleuse planetaire,18.7641,-33.3431,0.12,0.12,10.8,LP,
IC4765,,G,galaxie,18.7883,-63.3313,3.79,2.84,11.19,sans,
NGC6703,,G,galaxie,18.7886,45.5506,2.43,2.38,11.38,sans,
NGC6684,,G,galaxie,18.8161,-65.1734,4.19,2.96,10.5,sans,
NGC6704,,OCl,amas ouvert,18.846,-5.2054,3.30,3.30,9.2,sans,
M11,Amas de l'Ecu de Sobieski,OCl,amas ouvert,18.8517,-6.27,9.00,9.00,5.8,sans,11
NGC6709,,OCl,amas ouvert,18.8553,10.3187,8.70,8.70,6.7,sans,
NGC6712,,GCl,amas globulaire,18.8847,-8.7055,5.70,5.70,8.69,sans,
M57,Ring Nebula,PN,nebuleuse planetaire,18.8931,33.0286,1.27,1.27,8.8,LP,57
NGC6716,,OCl,amas ouvert,18.9095,-19.9011,7.20,7.20,7.5,sans,
M54,,GCl,amas globulaire,18.9176,-30.4785,5.10,5.10,7.7,sans,54
NGC6717,,GCl,amas globulaire,18.9183,-22.7016,3.90,3.90,10.35,sans,
IC4797,,G,galaxie,18.9416,-54.3058,2.62,1.85,11.32,sans,
NGC6743,,OCl,amas ouvert,19.0224,29.2775,6.90,6.90,8.2,sans,
NGC6738,,*Ass,association d'etoiles,19.0227,11.6156,5.40,5.40,8.3,sans,
NGC6741,Phantom Streak Nebula,PN,nebuleuse planetaire,19.0436,-0.4494,0.13,0.13,11.5,LP,
NGC6751,,PN,nebuleuse planetaire,19.0988,-5.9923,0.34,0.34,11.9,LP,
NGC6755,,OCl,amas ouvert,19.1303,4.2664,6.00,6.00,7.5,sans,
NGC6756,,OCl,amas ouvert,19.1452,4.7058,3.60,3.60,10.6,sans,
NGC6744,,G,galaxie,19.1628,-63.8575,15.67,9.75,9.25,sans,
NGC6752,,GCl,amas globulaire,19.1811,-59.9819,13.20,13.20,6.28,sans,
NGC6760,,GCl,amas globulaire,19.1867,1.0305,5.40,5.40,9.78,sans,
NGC6753,,G,galaxie,19.1899,-57.0496,2.97,2.60,11.04,sans,
NGC6758,,G,galaxie,19.2312,-56.3099,2.75,2.14,11.39,sans,
IC4837A,,G,galaxie,19.2545,-54.1325,4.47,0.85,11.71,sans,
IC4846,,PN,nebuleuse planetaire,19.2745,-9.0436,0.03,0.03,11.9,LP,
M56,,GCl,amas globulaire,19.2765,30.1845,5.80,5.80,8.4,sans,56
IC1297,,PN,nebuleuse planetaire,19.2898,-39.6131,0.12,0.12,10.7,LP,
NGC6769,,G,galaxie,19.3063,-60.5011,2.86,2.19,11.77,sans,
NGC6781,,PN,nebuleuse planetaire,19.3079,6.5397,1.80,1.80,11.4,LP,
NGC6770,,G,galaxie,19.3104,-60.4965,2.39,1.72,11.86,sans,
IC4845,,G,galaxie,19.3396,-60.3892,1.95,1.46,11.97,sans,
NGC6791,,OCl,amas ouvert,19.3481,37.7719,6.30,6.30,9.5,sans,
NGC6790,,PN,nebuleuse planetaire,19.3825,1.5133,0.12,0.12,10.5,LP,
NGC6782,,G,galaxie,19.3994,-59.9225,2.45,1.49,11.98,sans,
NGC6802,,OCl,amas ouvert,19.5097,20.261,4.50,4.50,8.8,sans,
NGC6803,,PN,nebuleuse planetaire,19.5212,10.056,0.09,0.09,11.4,LP,
NGC6804,,PN,nebuleuse planetaire,19.5265,9.2252,0.58,0.58,12.0,LP,
NGC6807,,PN,nebuleuse planetaire,19.576,5.6842,0.03,0.03,12.0,LP,
NGC6811,,OCl,amas ouvert,19.6216,46.3888,7.20,7.20,6.8,sans,
M55,,GCl,amas globulaire,19.6665,-30.9621,12.00,12.00,6.49,sans,55
NGC6819,Foxhead Cluster,OCl,amas ouvert,19.6884,40.1867,6.90,6.90,7.3,sans,
NGC6814,,G,galaxie,19.7113,-10.3235,3.08,0.74,11.32,sans,
NGC6823,,Cl+N,amas + nebuleuse,19.7194,23.2999,6.00,6.00,7.1,LP,
NGC6810,,G,galaxie,19.7262,-58.6556,3.79,1.05,11.42,sans,
NGC6824,,G,galaxie,19.728,56.1095,1.91,1.39,11.76,sans,
NGC6818,Little Gem Nebula,PN,nebuleuse planetaire,19.7327,-14.1532,0.77,0.77,9.3,LP,
NGC6826,Blinking Planetary,PN,nebuleuse planetaire,19.7467,50.525,0.42,0.42,9.44,LP,
NGC6822,Barnard's Galaxy,G,galaxie,19.7494,-14.8034,17.38,16.75,10.05,sans,
IC4889,,G,galaxie,19.7542,-54.3441,2.99,2.49,11.22,sans,
NGC6830,,OCl,amas ouvert,19.8499,23.1001,4.20,4.20,7.9,sans,
NGC6834,,OCl,amas ouvert,19.8702,29.4082,4.50,4.50,7.8,sans,
M71,,GCl,amas globulaire,19.8961,18.7784,6.90,6.90,6.1,sans,71
IC4901,,G,galaxie,19.9065,-58.7136,3.68,2.54,11.65,sans,
M27,Dumbbell Nebula,PN,nebuleuse planetaire,19.9934,22.721,6.70,6.70,7.4,LP,27
IC4931,,G,galaxie,20.014,-38.5751,2.28,1.43,11.88,sans,
NGC6857,,HII,region HII,20.03,33.5259,0.63,0.63,11.4,LP,
NGC6851,,G,galaxie,20.0595,-48.2845,2.18,1.70,11.84,sans,
NGC6866,,OCl,amas ouvert,20.0653,44.1591,5.10,5.10,7.6,sans,
NGC6871,,OCl,amas ouvert,20.0998,35.7773,9.30,9.30,5.2,sans,
M75,,GCl,amas globulaire,20.1013,-21.9222,3.60,3.60,8.26,sans,75
NGC6861,,G,galaxie,20.1221,-48.3702,3.18,2.36,11.04,sans,
NGC6861D,,G,galaxie,20.1387,-48.2114,2.36,0.85,11.94,sans,
NGC6868,,G,galaxie,20.165,-48.3796,3.58,3.13,10.59,sans,
NGC6870,,G,galaxie,20.1697,-48.2871,2.56,1.08,11.94,sans,
NGC6884,,PN,nebuleuse planetaire,20.1732,46.4608,0.10,0.10,10.9,LP,
NGC6883,,OCl,amas ouvert,20.1888,35.8322,4.50,4.50,8.0,sans,
NGC6888,Crescent Nebula,HII,region HII,20.2018,38.3549,20.00,10.00,7.44,LP,
NGC6886,,PN,nebuleuse planetaire,20.2119,19.9897,0.09,0.09,11.4,LP,
NGC6891,,PN,nebuleuse planetaire,20.2525,12.7044,0.25,0.25,10.5,LP,
IC4996,,OCl,amas ouvert,20.2759,37.5553,6.00,6.00,7.3,sans,
NGC6872,,G,galaxie,20.2824,-70.7679,4.70,1.80,11.64,sans,
NGC6876,,G,galaxie,20.3053,-70.8588,3.46,3.00,10.83,sans,
IC4991,,G,galaxie,20.3065,-41.0502,2.91,2.13,11.54,sans,
IC4997,,PN,nebuleuse planetaire,20.3358,16.7317,0.03,0.03,10.5,LP,
NGC6893,,G,galaxie,20.3471,-48.2391,2.87,1.78,11.71,sans,
NGC6905,Blue Flash Nebula,PN,nebuleuse planetaire,20.3731,20.1045,0.67,0.67,11.1,LP,
NGC6910,,OCl,amas ouvert,20.3867,40.7786,6.30,6.30,7.4,sans,
M29,,OCl,amas ouvert,20.3994,38.5077,3.60,3.60,6.6,sans,29
IC4946,,G,galaxie,20.3995,-43.9953,2.50,0.90,11.92,sans,
NGC6902,,G,galaxie,20.4078,-43.6535,2.69,2.11,11.48,sans,
NGC6907,,G,galaxie,20.4185,-24.8092,3.33,2.68,11.16,sans,
NGC6909,,G,galaxie,20.4608,-47.027,2.36,1.29,11.99,sans,
IC5011,,G,galaxie,20.4761,-36.0271,3.01,1.32,11.84,sans,
NGC6939,,OCl,amas ouvert,20.525,60.6621,12.00,12.00,7.8,sans,
NGC6934,,GCl,amas globulaire,20.5699,7.4041,5.40,5.40,9.75,sans,
NGC6925,,G,galaxie,20.5724,-31.9809,4.68,1.16,11.35,sans,
NGC6940,,OCl,amas ouvert,20.5741,28.2827,10.80,10.80,6.3,sans,
NGC6946,Fireworks Galaxy,G,galaxie,20.5812,60.1539,11.40,10.84,9.05,sans,
NGC6935,,G,galaxie,20.639,-52.1104,2.18,1.91,12.0,sans,
NGC6942,,G,galaxie,20.6772,-54.3031,2.24,1.71,11.97,sans,
NGC6920,,G,galaxie,20.7326,-80.0008,2.30,1.86,11.97,sans,
NGC6943,,G,galaxie,20.7427,-68.7477,3.75,2.22,11.39,sans,
NGC6960,Veil Nebula,SNR,remanent de supernova,20.7662,30.5951,210.00,160.00,7.0,LP,
NGC6962,,G,galaxie,20.7886,0.3208,2.70,2.00,11.89,sans,
NGC6958,,G,galaxie,20.8118,-37.9974,2.44,1.88,11.4,sans,
IC5070,Pelican Nebula,HII,region HII,20.8502,44.4015,60.00,50.00,8.0,LP,
IC5052,,G,galaxie,20.8682,-69.2016,7.16,1.33,11.34,sans,
M72,,GCl,amas globulaire,20.8911,-12.5371,4.50,4.50,8.96,sans,72
NGC6992,Eastern Veil,SNR,remanent de supernova,20.9386,31.7428,60.00,8.00,7.0,LP,
NGC6997,,Cl+N,amas + nebuleuse,20.9443,44.6315,6.90,6.90,10.0,LP,
NGC6995,Eastern Veil,SNR,remanent de supernova,20.953,31.2352,12.00,12.00,7.0,LP,
NGC7000,North America Nebula,HII,region HII,20.9881,44.5288,120.00,30.00,4.0,LP,
NGC7008,,PN,nebuleuse planetaire,21.0091,54.5432,1.43,1.43,10.7,LP,
NGC7006,,GCl,amas globulaire,21.0248,16.1875,4.20,4.20,10.46,sans,
NGC7023,Iris Nebula,Neb,nebuleuse,21.0266,68.1696,10.00,8.00,7.2,LP,
NGC7013,,G,galaxie,21.0593,29.8975,4.16,1.33,11.3,sans,
NGC7009,Saturn Nebula,PN,nebuleuse planetaire,21.0697,-11.3632,0.70,0.52,8.0,LP,
NGC7007,,G,galaxie,21.0911,-52.552,3.39,1.23,11.95,sans,
NGC7026,,PN,nebuleuse planetaire,21.1051,47.8522,0.33,0.33,10.9,LP,
NGC7027,,PN,nebuleuse planetaire,21.1171,42.2365,0.23,0.23,8.5,LP,
NGC7031,,OCl,amas ouvert,21.1202,50.8756,3.90,3.90,9.1,sans,
NGC7039,,OCl,amas ouvert,21.1799,45.6218,7.80,7.80,7.6,sans,
NGC7020,,G,galaxie,21.1889,-64.0253,4.10,1.67,11.74,sans,
NGC7029,,G,galaxie,21.1978,-49.2837,2.75,1.57,11.67,sans,
NGC7044,,OCl,amas ouvert,21.2193,42.4962,6.00,6.00,12.0,sans,
NGC7041,,G,galaxie,21.2757,-48.3636,3.46,1.47,11.3,sans,
NGC7049,,G,galaxie,21.3167,-48.5622,3.94,2.69,10.55,sans,
NGC7062,,OCl,amas ouvert,21.391,46.3785,3.60,3.60,8.3,sans,
NGC7063,,OCl,amas ouvert,21.406,36.4875,6.30,6.30,7.0,sans,
IC5105,,G,galaxie,21.4061,-40.5377,2.98,1.64,11.6,sans,
NGC7067,,OCl,amas ouvert,21.4064,48.0093,2.40,2.40,9.7,sans,
NGC7082,,OCl,amas ouvert,21.4883,47.1263,9.00,9.00,7.2,sans,
M15,,GCl,amas globulaire,21.4995,12.1668,11.10,11.10,6.3,sans,15
NGC7086,,OCl,amas ouvert,21.5077,51.6005,4.80,4.80,8.4,sans,
M39,,OCl,amas ouvert,21.5301,48.4382,19.50,19.50,4.6,sans,39
IC5117,,PN,nebuleuse planetaire,21.5419,44.5966,0.02,0.02,11.5,LP,
NGC7079,,G,galaxie,21.5431,-44.0676,2.30,1.44,11.65,sans,
M2,,GCl,amas globulaire,21.5575,-0.8233,8.40,8.40,6.25,sans,2
NGC7083,,G,galaxie,21.5957,-63.9028,3.56,1.98,11.24,sans,
NGC7090,,G,galaxie,21.608,-54.5573,8.15,1.63,10.87,sans,
NGC7097,,G,galaxie,21.6703,-42.5394,1.89,1.36,11.7,sans,
M30,,GCl,amas globulaire,21.6728,-23.1791,9.00,9.00,7.1,sans,30
NGC7096,,G,galaxie,21.6887,-63.9087,2.10,1.98,11.97,sans,
NGC7129,,Cl+N,amas + nebuleuse,21.7164,66.113,2.10,2.10,11.5,LP,
NGC7128,,OCl,amas ouvert,21.7327,53.7151,3.00,3.00,9.7,sans,
NGC7098,,G,galaxie,21.7378,-75.1113,1.78,0.91,11.53,sans,
NGC7142,,OCl,amas ouvert,21.7526,65.7744,9.60,9.60,9.3,sans,
NGC7140,,G,galaxie,21.8709,-55.5697,3.04,2.07,11.68,sans,
NGC7095,,G,galaxie,21.874,-81.5308,2.71,2.21,11.92,sans,
NGC7144,,G,galaxie,21.8785,-48.2537,3.41,3.20,11.0,sans,
NGC7145,,G,galaxie,21.889,-47.8824,2.95,0.76,11.12,sans,
IC5146,Cocoon Nebula,Cl+N,amas + nebuleuse,21.8913,47.2669,10.00,10.00,7.2,LP,
NGC7160,,OCl,amas ouvert,21.8945,62.6033,4.20,4.20,6.1,sans,
IC5148,,PN,nebuleuse planetaire,21.9931,-39.3858,2.30,2.30,11.0,LP,
NGC7177,,G,galaxie,22.0115,17.7381,2.85,1.93,11.13,sans,
NGC7173,,G,galaxie,22.0342,-31.9737,1.88,1.53,11.98,sans,
NGC7168,,G,galaxie,22.0354,-51.7431,2.23,1.64,11.9,sans,
NGC7184,,G,galaxie,22.0444,-20.8128,5.98,1.26,11.0,sans,
IC5152,,G,galaxie,22.0449,-51.2964,5.13,3.60,10.68,sans,
NGC7209,,OCl,amas ouvert,22.0855,46.4835,6.00,6.00,7.7,sans,
NGC7192,,G,galaxie,22.1139,-64.3162,2.42,2.31,11.28,sans,
NGC7217,,G,galaxie,22.1312,31.3593,4.52,3.84,10.47,sans,
NGC7205,,G,galaxie,22.1429,-57.4426,3.70,1.71,10.97,sans,
NGC7213,,G,galaxie,22.1545,-47.1666,4.84,3.89,11.15,sans,
NGC7218,,G,galaxie,22.1699,-16.661,2.55,1.07,11.91,sans,
NGC7226,,OCl,amas ouvert,22.1741,55.3986,3.00,3.00,9.6,sans,
NGC7234,,OCl,amas ouvert,22.2069,57.2713,2.40,2.40,7.7,sans,
IC5181,,G,galaxie,22.2227,-46.0176,2.65,0.86,11.48,sans,
NGC7243,,OCl,amas ouvert,22.2524,49.8975,15.00,15.00,6.4,sans,
NGC7245,,OCl,amas ouvert,22.2532,54.3426,3.90,3.90,9.2,sans,
NGC7232,,G,galaxie,22.2606,-45.8501,2.86,1.04,11.89,sans,
IC1442,,OCl,amas ouvert,22.267,53.9913,4.20,4.20,9.1,sans,
IC5186,,G,galaxie,22.3129,-36.8016,2.11,1.44,11.93,sans,
NGC7261,,OCl,amas ouvert,22.3351,58.0518,6.90,6.90,8.4,sans,
IC5201,,G,galaxie,22.3493,-46.0359,6.70,2.86,11.37,sans,
IC5217,,PN,nebuleuse planetaire,22.3988,50.9667,0.11,0.11,11.3,LP,
NGC7295,,OCl,amas ouvert,22.4675,52.2891,2.70,2.70,9.7,sans,
NGC7293,Helix Nebula,PN,nebuleuse planetaire,22.494,-20.8373,16.33,16.33,7.3,LP,
NGC7314,,G,galaxie,22.5962,-26.0505,4.21,1.71,11.22,sans,
NGC7331,,G,galaxie,22.6178,34.4155,9.27,3.76,9.41,sans,
NGC7332,,G,galaxie,22.6235,23.7983,2.95,0.71,11.05,sans,
NGC7329,,G,galaxie,22.6734,-66.479,3.12,2.37,11.7,sans,
IC5240,,G,galaxie,22.6979,-44.7672,3.20,2.22,11.66,sans,
IC5250A,,G,galaxie,22.7882,-65.0597,1.51,1.31,11.11,sans,
NGC7380,,Cl+N,amas + nebuleuse,22.7892,58.1324,25.00,20.00,7.2,LP,
NGC7377,,G,galaxie,22.7965,-22.3121,3.92,3.13,11.19,sans,
NGC7392,,G,galaxie,22.8635,-20.6081,2.24,1.19,11.84,sans,
NGC7410,,G,galaxie,22.9169,-39.6613,6.01,1.77,11.19,sans,
NGC7412,,G,galaxie,22.9294,-42.642,3.79,2.79,11.33,sans,
NGC7418,,G,galaxie,22.9434,-37.0301,3.66,2.83,11.04,sans,
NGC7421,,G,galaxie,22.9484,-37.3473,2.38,1.95,11.99,sans,
IC1459,,G,galaxie,22.9529,-36.4622,4.61,3.23,10.54,sans,
IC5267,,G,galaxie,22.9538,-43.3961,5.58,4.06,10.43,sans,
NGC7424,,G,galaxie,22.9551,-41.0706,5.01,2.69,10.18,sans,
IC5271,,G,galaxie,22.9672,-33.7422,3.00,1.16,11.54,sans,
IC5273,,G,galaxie,22.9908,-37.7029,3.07,1.98,11.45,sans,
NGC7448,,G,galaxie,23.001,15.9803,2.07,0.81,11.69,sans,
NGC7457,,G,galaxie,23.0166,30.1449,3.95,2.25,10.98,sans,
NGC7454,,G,galaxie,23.0185,16.3884,1.54,0.75,11.86,sans,
NGC7456,,G,galaxie,23.0362,-39.5694,5.15,1.76,11.88,sans,
NGC7479,,G,galaxie,23.0824,12.3229,3.65,2.72,11.09,sans,
IC1470,,HII,region HII,23.0862,60.2441,1.80,1.80,11.5,LP,
NGC7492,,GCl,amas globulaire,23.1407,-15.6115,3.00,3.00,10.48,sans,
NGC7510,,OCl,amas ouvert,23.1844,60.5709,3.90,3.90,7.9,sans,
NGC7507,,G,galaxie,23.2021,-28.5396,3.33,3.20,10.04,sans,
NGC7513,,G,galaxie,23.2206,-28.3575,3.19,1.92,11.8,sans,
NGC7541,,G,galaxie,23.2455,4.5344,3.03,1.00,11.76,sans,
NGC7531,,G,galaxie,23.2468,-43.5999,4.11,1.72,11.25,sans,
NGC7562,,G,galaxie,23.266,6.6875,2.18,1.59,11.55,sans,
NGC7552,,G,galaxie,23.2697,-42.5847,3.88,3.58,11.45,sans,
NGC7585,,G,galaxie,23.3004,-4.6503,2.55,1.92,11.52,sans,
NGC7582,,G,galaxie,23.3065,-42.3706,6.95,3.18,11.03,sans,
NGC7600,,G,galaxie,23.315,-7.5804,2.09,0.99,11.95,sans,
NGC7606,,G,galaxie,23.318,-8.4851,5.26,4.47,11.0,sans,
NGC7599,,G,galaxie,23.3225,-42.2568,4.81,1.58,11.35,sans,
NGC7619,,G,galaxie,23.3374,8.2062,2.53,1.97,11.06,sans,
NGC7626,,G,galaxie,23.3452,8.217,2.50,2.10,11.12,sans,
NGC7635,Bubble Nebula,HII,region HII,23.346,61.2124,15.00,8.00,11.0,LP,
NGC7640,,G,galaxie,23.3685,40.8454,8.09,1.67,11.01,sans,
M52,,OCl,amas ouvert,23.4134,61.5932,9.90,9.90,6.9,sans,52
NGC7662,Copeland's Blue Snowball,PN,nebuleuse planetaire,23.4316,42.5349,0.28,0.28,8.3,LP,
IC5325,,G,galaxie,23.4787,-41.3335,2.88,2.62,11.28,sans,
NGC7686,,OCl,amas ouvert,23.5021,49.1341,3.60,3.60,5.6,sans,
IC5328,,G,galaxie,23.5546,-45.016,2.99,1.75,11.37,sans,
NGC7689,,G,galaxie,23.5546,-54.0945,3.10,1.97,10.84,sans,
IC5332,,G,galaxie,23.5743,-36.1011,6.07,5.77,10.03,sans,
NGC7713,,G,galaxie,23.6042,-37.9381,4.91,2.13,11.18,sans,
NGC7721,,G,galaxie,23.6468,-6.5179,3.08,0.77,11.68,sans,
NGC7723,,G,galaxie,23.6492,-12.9611,3.29,2.32,11.21,sans,
NGC7727,,G,galaxie,23.6649,-12.2928,3.61,2.75,10.64,sans,
NGC7741,,G,galaxie,23.7318,26.0756,3.63,2.38,11.27,sans,
NGC7742,,G,galaxie,23.7377,10.7671,1.71,1.64,11.58,sans,
NGC7744,,G,galaxie,23.7498,-42.9109,2.48,2.11,11.85,sans,
NGC7755,,G,galaxie,23.7977,-30.522,3.70,2.27,11.68,sans,
NGC7769,,G,galaxie,23.8511,20.1504,1.75,0.67,11.79,sans,
NGC7785,,G,galaxie,23.922,5.9158,1.95,1.09,11.6,sans,
NGC7788,,OCl,amas ouvert,23.946,61.3999,2.40,2.40,9.4,sans,
NGC7789,,OCl,amas ouvert,23.9567,56.7083,14.40,14.40,6.7,sans,
NGC7793,,G,galaxie,23.9638,-32.591,10.42,6.05,9.29,sans,
NGC7790,,OCl,amas ouvert,23.9734,61.2083,3.60,3.60,8.5,sans,
NGC7796,,G,galaxie,23.9833,-55.4583,2.73,2.38,11.47,sans,
