hip,ra_deg,dec_deg,mag,name,desig
88,0.2691,-48.8099,5.71,,τ Phe
107,0.3338,-50.3374,5.53,,
122,0.3988,-77.0657,4.78,,θ Oct
124,0.4042,61.2228,5.58,,
145,0.456,-3.0275,5.13,,29 Psc
154,0.4901,-6.0141,4.37,,30 Psc
171,0.5423,27.0823,5.8,,85 Peg
183,0.583,-29.7204,5.04,,ζ Scl
194,0.6238,8.4855,5.7,,c Psc
207,0.6504,66.099,5.87,,
301,0.935,-17.336,4.55,,2 Cet
330,1.0569,62.2877,5.9,,9 Cas
343,1.0825,-16.529,5.78,,
355,1.1255,-10.5095,4.99,,3 Cet
377,1.1721,-71.4369,5.59,,
379,1.1749,67.1664,5.68,,
418,1.2756,61.314,5.8,,V0567 Cas
443,1.3339,-5.7076,4.61,,33 Psc
476,1.4248,13.3963,5.55,,86 Peg
518,1.5659,58.4367,5.98,,V0640 Cas
522,1.5799,-49.0752,5.7,,
531,1.6106,64.1962,5.57,,10 Cas
636,1.9454,-22.5086,5.93,,
655,2.0145,-33.5293,5.67,,
671,2.0731,-8.8241,5.99,,
677,2.0969,29.0904,2.07,Alpheratz,α And
729,2.2601,18.212,5.57,,87 Peg
746,2.2945,59.1498,2.28,Caph,β Cas
761,2.3378,-27.9879,5.42,,κ1 Scl
765,2.3527,-45.7474,3.88,,ε Phe
813,2.5092,11.1458,5.54,,34 Psc
814,2.5091,-82.224,5.29,,γ3 Oct
840,2.5786,-5.2486,5.84,,
841,2.5802,46.0723,5.01,,22 And
873,2.6785,-12.5799,5.84,,
910,2.8161,-15.468,4.89,,6 Cet
930,2.8934,-27.7997,5.41,,κ2 Scl
950,2.9334,-35.1331,5.24,,θ Scl
983,3.0416,-17.9383,5.29,,
1067,3.309,15.1836,2.83,Algenib,γ Peg
1074,3.3318,-84.994,5.78,,
1086,3.3785,41.0354,5.71,,23 And
1096,3.426,-26.0223,5.94,,
1158,3.6151,-7.7805,5.13,,AD Cet
1168,3.6507,20.2067,4.79,,χ Peg
1170,3.6601,-18.9329,4.44,,7 Cet
1191,3.7271,-9.5696,5.77,,
1288,4.0369,-31.4464,5.66,,
1354,4.2377,61.5332,5.74,,
1366,4.2729,38.6816,4.61,,θ And
1372,4.2877,47.9474,5.86,,
1473,4.5819,36.7852,4.51,,σ And
1493,4.6594,31.5172,5.88,,
1562,4.857,-8.8239,3.56,Deneb Kaitos Shemali,ι Cet
1599,5.0178,-64.8748,4.23,,ζ Tuc
1630,5.1017,30.9356,5.89,,
1645,5.1494,8.1903,5.38,,d Psc
1647,5.1627,-69.6249,5.5,,π Tuc
1657,5.1897,32.9112,5.79,,
1686,5.2803,37.9686,5.16,,ρ And
1706,5.3699,-77.4269,5.96,,
1708,5.38,-28.9815,5.18,,ι Scl
1728,5.4428,-20.058,5.61,,T Cet
1921,6.0652,52.0199,5.58,,V0746 Cas
1960,6.1979,61.8311,5.38,,12 Cas
1982,6.2767,53.0468,5.72,,
2006,6.3509,1.9397,5.77,,44 Psc
2021,6.4378,-77.2542,2.82,,β Hyi
2072,6.5508,-43.6798,3.93,,κ Phe
2081,6.571,-42.306,2.4,Ankaa,α Phe
2159,6.8113,-25.5472,5.99,,
2210,6.9821,-33.0072,4.86,,η Scl
2219,7.0121,17.8931,5.01,,47 Psc
2225,7.0569,44.3945,5.18,,
2240,7.1105,-39.915,5.42,,
2353,7.5098,-3.9573,5.72,,12 Cet
2355,7.5307,29.7516,5.2,,28 And
2377,7.5831,59.9776,5.94,,
2381,7.5944,-23.7877,5.17,,
2383,7.6088,-48.2149,5.67,,
2472,7.8541,-48.8035,4.76,,λ1 Phe
2475,7.8568,33.5816,5.88,,
2484,7.8861,-62.9582,4.36,,β1 Tuc
2487,7.8895,-62.9656,4.53,,β2 Tuc
2497,7.9215,52.8395,5.59,,
2505,7.9432,54.5223,4.74,,λ Cas
2548,8.0991,6.9555,5.69,,51 Psc
2568,8.1479,20.2943,5.38,,52 Psc
2578,8.1829,-63.0315,5.07,,β3 Tuc
2599,8.25,62.9318,4.17,,κ Cas
2611,8.2933,54.895,5.93,,
2661,8.421,-29.5583,5.55,,
2711,8.616,-52.3731,5.57,,
2762,8.812,-3.5928,5.2,,13 Cet
2787,8.8868,-0.5056,5.94,,14 Cet
2802,8.9216,-48.0009,5.51,,λ2 Phe
2854,9.0346,54.1685,5.08,,
2876,9.1139,60.3262,5.78,,
2900,9.1935,44.4886,5.14,,V0428 And
2903,9.1971,15.2317,5.89,,53 Psc
2912,9.2202,33.7193,4.34,,π And
2920,9.2429,53.8969,3.69,Fulu,ζ Cas
2941,9.3363,-24.7673,5.57,,
2942,9.3384,35.3995,5.45,,
3031,9.6389,29.3118,4.34,,ε And
3083,9.7912,49.3546,5.45,,
3092,9.832,30.861,3.27,,δ And
3093,9.8409,21.2505,5.88,,54 Psc
3137,9.9665,-44.7963,6,,
3138,9.9815,21.4385,5.36,,55 Psc
3170,10.107,-59.4546,5.89,,
3179,10.1268,56.5373,2.24,Shedar,α Cas
3193,10.1766,-4.3518,5.9,,
3231,10.2799,39.4587,5.3,,32 And
3245,10.3315,-46.085,4.59,,μ Phe
3277,10.4433,-56.5013,5.72,,ξ Phe
3299,10.5143,66.1476,5.83,,
3300,10.5162,50.5125,4.8,,ξ Cas
3330,10.6182,-65.468,5.38,,ρ Tuc
3352,10.6748,-60.2628,5.99,,
3405,10.8385,-57.4631,4.36,,η Phe
3414,10.867,47.0245,4.95,,π Cas
3419,10.8974,-17.9866,2.04,Diphda,β Cet
3455,11.0475,-10.6096,4.77,Alnitham,φ1 Cet
3456,11.0504,-38.4217,5.9,,λ2 Scl
3478,11.1091,47.864,5.66,,68 Cas
3504,11.1813,48.2844,4.48,,ο Cas
3505,11.185,-22.0061,5.22,,
3521,11.2377,-42.6766,5.94,,
3544,11.3216,55.2214,5.41,,
3572,11.4128,74.9881,5.64,,21 Cas
3583,11.44,-47.552,5.8,,
3607,11.549,-22.5221,5.49,,
3632,11.6373,15.4755,5.36,,57 Psc
3675,11.7561,11.9738,5.51,,58 Psc
3693,11.8347,24.2672,4.08,,ζ And
3697,11.8485,6.741,5.98,,60 Psc
3717,11.9301,-18.0613,5.7,,
3721,11.9419,74.8476,5.42,,23 Cas
3741,12.0044,-21.7225,5.57,,
3750,12.0381,72.6745,5.86,,
3760,12.0725,7.2999,5.92,,62 Psc
3765,12.0957,5.2806,5.74,,
3781,12.1476,-74.9234,5.09,,λ Hyi
3786,12.1706,7.5851,4.44,Kuton,δ Psc
3801,12.2084,50.9682,4.9,,ν Cas
3810,12.2446,16.9406,5.07,,64 Psc
3821,12.2762,57.8152,3.46,Achird,η Cas
3834,12.3081,-24.1367,5.9,,
3849,12.3567,-13.5613,5.59,,
3881,12.4535,41.0789,4.53,,ν And
3885,12.4715,27.7103,5.55,,i Psc
3909,12.5316,-10.6443,5.17,,φ2 Cet
3949,12.6716,-50.9868,5.24,,ρ Phe
3951,12.6817,64.2475,5.35,,
4104,13.1693,-24.0058,5.47,,
4147,13.2521,-1.1443,4.78,,20 Cet
4151,13.2675,61.124,4.8,,
4200,13.4078,-62.8714,5.73,,BQ Tuc
4267,13.6468,19.1884,5.8,,66 Psc
4283,13.7212,83.7074,5.59,,
4288,13.7421,23.6283,5.46,,36 And
4292,13.7507,58.9727,4.83,,υ1 Cas
4293,13.7513,-69.5271,5.45,,λ2 Tuc
4346,13.9267,-7.3471,5.88,,
4371,14.0062,-11.2665,5.35,,φ3 Cet
4422,14.1663,59.1811,4.62,Castula,υ2 Cas
4427,14.1772,60.7167,2.15,Navi,γ Cas
4436,14.1884,38.4993,3.86,,μ And
4440,14.1957,60.3628,5.56,,
4463,14.3017,23.4176,4.4,,η And
4510,14.459,28.9922,5.44,,h Psc
4552,14.5592,33.9509,5.99,,
4572,14.6294,66.3518,5.97,,
4577,14.6515,-29.3574,4.3,,α Scl
4587,14.6828,-11.38,5.62,,φ4 Cet
4675,15.0148,44.7132,5.69,,
4770,15.3261,-38.9165,5.59,,ξ Scl
4852,15.6101,-31.552,5.5,,σ Scl
4889,15.7046,31.8043,5.5,,σ Psc
4890,15.705,-46.3973,5.39,,
4903,15.7261,41.3452,5.95,,39 And
4906,15.7359,7.8901,4.27,,ε Psc
4914,15.7606,-4.8366,5.4,,25 Cet
4962,15.9042,61.0748,5.92,,
4998,16.01,52.5022,5.99,,
5021,16.081,61.5802,5.83,,
5081,16.2723,14.9461,5.64,,72 Psc
5131,16.4206,21.4732,5.33,,ψ1 Psc
5132,16.4238,21.4654,5.55,,ψ1 Psc
5164,16.5215,-9.8394,5.58,,28 Cet
5165,16.521,-46.7184,3.32,,β Phe
5268,16.8278,-61.7753,5.36,,ι Tuc
5296,16.9425,-9.7856,5.71,,30 Cet
5300,16.9494,-41.4869,5.21,,υ Phe
5310,16.9882,20.7391,5.56,,ψ2 Psc
5317,17.0035,43.9421,5.04,,41 And
5336,17.0683,54.9203,5.17,Marfak,μ Cas
5346,17.0925,5.6498,5.51,,e Psc
5348,17.0962,-55.2458,3.94,Wurren,ζ Phe
5361,17.1394,58.2634,5.77,,
5364,17.1475,-10.1823,3.46,Dheneb,η Cet
5372,17.187,86.2571,4.24,,2 UMi
5434,17.3755,47.2418,4.26,,φ And
5447,17.433,35.6206,2.07,Mirach,β And
5454,17.455,19.6584,5.57,,ψ3 Psc
5493,17.5781,42.0815,5.67,,44 And
5494,17.581,25.4578,5.81,,
5510,17.6398,2.4457,5.97,,33 Cet
5518,17.6638,68.7786,5.32,,31 Cas
5542,17.7757,55.1499,4.34,Marfak,θ Cas
5544,17.7782,31.4247,5.15,,g Psc
5550,17.7928,37.7241,5.8,,45 And
5566,17.8565,64.2027,5.56,,
5571,17.8634,21.0347,4.66,,χ Psc
5586,17.9152,30.0896,4.51,,τ Psc
5589,17.9225,65.0189,5.57,,32 Cas
5594,17.9313,-2.2511,5.93,,34 Cet
5626,18.0701,79.674,5.6,,
5661,18.1893,-37.8565,5.95,,AI Scl
5737,18.4329,7.5754,5.21,Revati,ζ Psc
5742,18.4373,24.5837,4.67,,φ Psc
5778,18.5318,16.1335,5.97,,87 Psc
5799,18.6002,-7.9228,5.14,,37 Cet
5833,18.7049,-0.9738,5.7,,38 Cet
5862,18.7963,-45.5317,4.97,,ν Phe
5896,18.9423,-68.8759,4.25,,κ Tuc
5926,19.0496,71.7438,5.87,,V0762 Cas
5951,19.1512,-2.5004,5.42,,39 Cet
6061,19.4498,3.6145,5.13,,f Psc
6193,19.8666,27.2641,4.74,,υ Psc
6226,19.9512,-0.509,5.87,,42 Cet
6242,20.0205,58.2316,4.95,,φ Cas
6315,20.2807,28.7382,5.23,,l Psc
6411,20.5851,45.5288,4.87,Adhil,ξ And
6492,20.854,20.469,5.97,,
6502,20.879,-30.9456,5.84,,
6514,20.9192,37.7149,5.6,,47 And
6537,21.0059,-8.1833,3.6,Al Naymat,θ Cet
6564,21.0854,-6.9147,5.92,,
6592,21.1699,-41.4925,5.42,,
6631,21.2721,-64.3695,5.92,,
6670,21.4051,-14.5988,4.9,,46 Cet
6686,21.454,60.2353,2.66,Ruchbah,δ Cas
6692,21.4834,68.13,4.72,,ψ Cas
6706,21.5636,19.1723,5.35,,ρ Psc
6711,21.5779,43.4577,5.98,,
6732,21.6737,19.2404,5.5,,94 Psc
6748,21.7149,-13.0565,5.51,,47 Cet
6813,21.9141,45.4067,4.83,,ω And
6867,22.0914,-43.3182,3.41,,γ Phe
6960,22.4006,-21.6293,5.11,,48 Cet
6999,22.5254,47.0073,5.27,Thail,A And
7007,22.5463,6.1438,4.84,,μ Psc
7016,22.5954,-26.2079,5.92,,
7078,22.8073,70.2646,5.82,,38 Cas
7083,22.8129,-49.0727,3.93,,δ Phe
7097,22.8709,15.3458,3.62,Alpherg,η Psc
7118,22.9302,-30.2831,5.79,,
7213,23.2336,-36.8652,5.49,,
7251,23.3571,58.3273,5.69,,
7276,23.4285,-7.0253,5.75,,
7294,23.4828,59.232,4.68,,χ Cas
7321,23.5692,37.2371,5.9,,KK And
7345,23.6574,-15.6764,5.62,,49 Cet
7359,23.7044,18.4605,5.9,,
7447,23.9782,17.4338,5.95,,
7450,23.9957,-15.4002,5.41,,50 Cet
7463,24.0355,-29.9073,5.69,,τ Scl
7513,24.1993,41.4055,4.1,Titawin,υ And
7535,24.2747,12.1415,5.54,,π Psc
7568,24.3667,-84.7696,5.66,,
7588,24.4285,-57.2368,0.45,Achernar,α Eri
7601,24.4815,-82.975,5.88,,
7607,24.4982,48.6282,3.59,Nembus,51 And
7617,24.5315,57.9776,5.55,,
7643,24.6145,-36.5283,5.94,,
7650,24.6288,73.04,5.28,,40 Cas
7679,24.7158,-21.2754,5.58,,
7719,24.8375,44.3862,5.01,,χ And
7740,24.9201,16.4059,5.98,,105 Psc
7751,24.9481,-56.1964,5.76,,p Eri
7818,25.1451,40.577,4.96,,τ And
7825,25.1652,43.2977,5.63,,
7884,25.3579,5.4876,4.45,,ν Psc
7906,25.4135,30.0471,5.97,,
7916,25.4368,-11.3247,5.75,,
7918,25.4464,42.6134,4.96,,
7921,25.4499,-60.7893,5.7,,
7941,25.5125,-36.8323,5.7,,
7943,25.5145,35.2457,5.63,,
7955,25.5358,-32.327,5.25,,π Scl
7965,25.5855,68.043,5.57,,43 Cas
7978,25.6221,-53.7408,5.52,,q1 Eri
7981,25.624,20.2685,5.24,,107 Psc
7999,25.6813,-3.6902,4.98,,
8016,25.7328,70.6225,5.18,,42 Cas
8046,25.8323,60.5513,5.78,,44 Cas
8068,25.9152,50.6887,4.01,,φ Per
8102,26.017,-15.9375,3.49,,τ Cet
8198,26.3485,9.1577,4.26,Torcular,ο Psc
8209,26.4115,-25.0526,5.29,,ε Scl
8230,26.4969,-5.7333,5.37,,
8240,26.5249,-50.8163,5.49,,120 Phe
8241,26.5261,-53.522,5.04,,q2 Eri
8362,26.9368,63.8525,5.63,,V0987 Cas
8387,27.0456,16.9556,5.86,,4 Ari
8404,27.1084,3.6854,5.91,,
8423,27.1622,37.9529,5.94,,
8433,27.1732,32.6902,5.78,,
8497,27.3963,-10.6864,4.66,,χ Cet
8544,27.5357,22.2753,5.83,,1 Ari
8588,27.7166,11.0434,5.92,,54 Cet
8593,27.7268,-50.2061,5.94,,BD Phe
8598,27.738,51.9334,5.96,,
8645,27.8651,-10.335,3.74,Baten Kaitos,ζ Cet
8704,27.9972,55.1474,5.53,,1 Per
8714,28.039,50.7928,5.7,,2 Per
8778,28.2171,-16.9292,5.78,,BK Cet
8796,28.2704,29.5788,3.42,Mothallah,α Tri
8814,28.3223,40.7298,5.42,,55 And
8832,28.3826,19.2939,3.88,Mesarthim,γ1 Ari
8833,28.389,3.1875,4.61,,ξ Psc
8837,28.4114,-46.3027,4.39,,ψ Phe
8882,28.5918,-42.4969,5.12,,φ Phe
8886,28.5989,63.6701,3.35,Segin,ε Cas
8903,28.66,20.808,2.64,Sheratan,β Ari
8928,28.7339,-67.6473,4.68,,η2 Hyi
8993,28.9627,23.5773,5.76,,7 Ari
9001,28.977,37.2778,5.89,,
9007,28.9895,-51.6089,3.69,,χ Eri
9009,29.0001,68.6852,4.97,,ω Cas
9021,29.039,37.2518,5.69,,56 And
9061,29.1675,-22.5268,4.92,,56 Cet
9095,29.292,-47.3853,4.82,,
9110,29.3377,17.8175,5.09,,ι Ari
9132,29.4323,27.8044,5.84,,
9153,29.4822,23.5961,4.79,,λ Ari
9222,29.6396,49.2044,5.7,,3 Per
9236,29.6925,-61.5699,2.86,,α Hyi
9307,29.8987,21.0586,5.89,,
9312,29.9085,64.6216,5.29,,
9313,29.9117,-42.0305,5.57,,
9326,29.9425,-20.8245,5.43,,57 Cet
9347,30.0013,-21.0778,3.99,,υ Cet
9353,30.0382,3.097,5.89,,112 Psc
9372,30.1118,-8.5239,5.43,,AR Cet
9440,30.3113,-30.0018,5.34,,π For
9459,30.4266,-44.7135,5.15,,χ Phe
9480,30.4894,70.907,4.49,,A Cas
9487,30.5118,2.7638,3.82,Alrescha,α Psc
9505,30.5755,54.4875,4.99,,g Per
9533,30.6462,13.4767,5.97,,
9564,30.7187,64.9015,6,,52 Cas
9570,30.7415,33.2841,5.5,,ε Tri
9572,30.744,-15.3059,5.87,,
9573,30.7508,64.39,5.59,,53 Cas
9589,30.7985,0.1285,5.42,,60 Cet
9598,30.8588,72.4213,3.95,,50 Cas
9621,30.9139,25.9355,5.64,,10 Ari
9622,30.9187,-4.1035,5.61,,
9631,30.9507,-0.3403,5.96,,61 Cet
9640,30.9748,42.3297,2.1,Almach,γ1 And
9677,31.1227,-29.2968,4.68,,ν For
9727,31.2809,77.2813,5.27,,47 Cas
9763,31.3815,76.1151,5.22,,49 Cas
9836,31.6414,22.6483,5.03,,κ Ari
9884,31.7934,23.4624,2.01,Hamal,α Ari
9977,32.1219,37.8591,4.78,,58 And
9990,32.1691,58.4236,5.66,,V0472 Per
10035,32.2887,-43.5166,5.84,,
10053,32.3556,25.9399,4.98,,14 Ari
10064,32.3859,34.9873,3,Mizan,β Tri
10155,32.6567,19.5003,5.68,,15 Ari
10212,32.8378,8.5698,5.64,,64 Cet
10215,32.8426,-10.0522,6,,
10234,32.8993,-1.8254,5.94,,63 Cet
10280,33.0928,30.3031,4.94,,6 Tri
10296,33.1564,24.1678,5.96,,
10305,33.1981,-2.3936,5.65,,66 Cet
10306,33.2004,21.211,5.23,,η Ari
10320,33.227,-30.7238,5.27,,μ For
10324,33.25,8.8467,4.36,Al Kaff al Jidhmah,ξ1 Cet
10326,33.2541,-21.0001,5.86,,
10328,33.2638,15.2799,5.72,,19 Ari
10340,33.3055,44.2317,4.84,,b And
10366,33.4014,51.0658,5.31,,6 Per
10418,33.5606,-67.8414,5.57,,π1 Hyi
10440,33.6331,-41.1668,5.91,,
10513,33.8693,-67.7464,5.67,,π2 Hyi
10535,33.9282,25.043,5.57,,21 Ari
10540,33.9419,25.7829,5.79,,20 Ari
10559,33.9845,33.3589,5.25,,7 Tri
10602,34.1274,-51.5122,3.56,,φ Eri
10642,34.246,-6.4221,5.51,,67 Cet
10644,34.2635,34.2242,4.84,,δ Tri
10670,34.3286,33.8472,4.03,,γ Tri
10718,34.4995,57.8998,5.75,,8 Per
10723,34.506,1.7578,5.6,,
10729,34.5191,57.5163,5.99,Misam al Thurayya,χ Per
10732,34.5314,19.9012,5.58,,θ Ari
10793,34.7375,28.6427,5.29,,10 Tri
10819,34.82,47.38,5.31,,c And
10871,34.9761,-55.9448,5.81,,
10944,35.2425,50.1515,5.57,,63 And
11001,35.4373,-68.6594,4.08,,δ Hyi
11021,35.4859,0.3957,5.29,,69 Cet
11029,35.5064,-10.7775,5.43,,
11033,35.5208,-17.6622,5.89,,
11046,35.5517,-0.8849,5.42,,70 Cet
11060,35.5893,55.8457,5.16,,i Per
11072,35.6356,-23.8163,5.19,,κ For
11090,35.7096,41.3963,5.81,,
11095,35.7179,-73.6458,5.99,,κ Hyi
11102,35.7278,-51.0921,5.9,,
11220,36.1038,50.0065,5.19,,64 And
11249,36.2044,10.6106,5.48,,ξ Ari
11258,36.2246,-60.3119,5.36,,λ Hor
11313,36.4059,50.2786,4.73,,65 And
11345,36.4875,-12.2905,4.88,Sadr al Kaitos,ρ Cet
11348,36.5015,-15.3412,5.88,,AB Cet
11381,36.6467,-20.0426,5.89,,
11407,36.7463,-47.7038,4.24,,κ Eri
11432,36.8657,31.8013,5.55,,11 Tri
11477,37.0071,-33.811,5.13,,φ For
11484,37.0398,8.4601,4.3,,ξ2 Cet
11486,37.0416,29.6693,5.29,,12 Tri
11548,37.2021,29.9318,5.89,,13 Tri
11569,37.2664,67.4025,4.46,,ι Cas
11670,37.6348,25.235,5.88,,
11687,37.6883,0.2557,6,,
11738,37.8754,2.2672,5.27,,
11757,37.9189,-79.1094,5.27,,μ Hyi
11767,37.9545,89.2641,1.97,Polaris,α UMi
11783,38.0218,-15.2447,4.74,,σ Cet
11784,38.0257,36.1473,5.15,,14 Tri
11791,38.0393,-1.0349,5.36,,75 Cet
11840,38.2192,34.5424,5.84,,
11843,38.2256,15.0346,6,,29 Ari
11867,38.2793,-34.65,5.91,,λ1 For
11918,38.4613,-28.2323,4.96,,ω For
12002,38.6776,-7.8594,5.74,,77 Cet
12072,38.9114,37.3123,5.72,,
12086,38.945,34.6876,5.38,,15 Tri
12093,38.9686,5.5932,4.87,,ν Cet
12107,39.0002,-7.8316,5.53,,80 Cet
12114,39.0204,6.8869,5.79,,
12122,39.0386,-30.045,5.74,,ι1 For
12148,39.1461,7.73,5.81,,
12153,39.158,12.4476,5.64,,31 Ari
12181,39.2383,38.7336,5.91,,
12186,39.2442,-34.578,5.78,,λ2 For
12225,39.3515,-52.5431,5.3,,η Hor
12239,39.4003,65.7453,5.8,,
12247,39.4242,-3.3962,5.65,,81 Cet
12273,39.5085,72.8183,5.17,,
12288,39.5778,-30.1941,5.84,,ι2 For
12332,39.7041,21.9614,5.45,,ν Ari
12387,39.8707,0.3285,4.08,,δ Cet
12390,39.891,-11.8722,4.83,,ε Cet
12394,39.8973,-68.2669,4.12,,ε Hyi
12413,39.95,-42.8917,4.74,,s Eri
12444,40.0518,-9.4529,5.79,,
12484,40.1651,-54.5499,5.21,,ζ Hor
12486,40.1668,-39.8554,4.11,,ι Eri
12489,40.1711,27.0609,5.3,Barani,33 Ari
12530,40.3083,-0.6957,5.72,,84 Cet
12562,40.3922,-14.5493,5.98,,
12608,40.5275,-38.3837,5.99,,
12623,40.5621,40.1939,4.91,,12 Per
12640,40.5914,20.0115,5.74,Koleon,μ Ari
12653,40.6394,-50.8003,5.4,,ι Hor
12686,40.748,53.5261,5.85,,
12692,40.7618,55.106,5.76,,11 Per
12706,40.8252,3.2358,3.47,Kaffaljidhma,γ Cet
12719,40.863,27.7071,4.65,,35 Ari
12768,41.0215,44.297,5.43,,14 Per
12770,41.0306,-13.8587,4.24,,π Cet
12777,41.0499,49.2284,4.1,,θ Per
12803,41.1374,15.3119,5.78,,ο Ari
12821,41.2071,67.8246,5.95,,
12828,41.2356,10.1141,4.27,,μ Cet
12832,41.2399,12.4458,5.17,,38 Ari
12843,41.2758,-18.5726,4.47,,τ1 Eri
12871,41.3645,-63.7046,5.73,,γ Hor
12876,41.386,-67.6166,4.83,,ζ Hyi
13055,41.9488,81.4485,5.8,,
13061,41.9773,29.2471,4.52,Lilii Borea,39 Ari
13108,42.1337,18.2838,5.83,,40 Ari
13121,42.1913,25.1881,5.89,,VZ Ari
13141,42.2562,-62.8065,5.25,,ν Hor
13147,42.2726,-32.4059,4.45,,β For
13165,42.3232,17.4643,5.26,Al Butain,π Ari
13202,42.4758,-27.942,5.39,,γ2 For
13209,42.496,27.2605,3.61,Bharani,c Ari
13225,42.5616,-35.8436,5.92,,η2 For
13244,42.6186,-75.0669,4.76,,ν Hyi
13254,42.6461,38.3186,4.22,,16 Per
13265,42.6684,-35.6758,5.48,,η3 For
13268,42.6742,55.8955,3.77,Miram,η Per
13288,42.7597,-21.004,4.76,Angetenar,τ2 Eri
13327,42.8733,15.0821,5.52,,σ Ari
13328,42.8785,35.0597,4.56,,17 Per
13339,42.9239,46.8419,5.86,,
13367,42.9948,68.8885,5.94,,SU Cas
13473,43.3933,-38.437,5.93,,ψ For
13479,43.3972,-22.3763,5.93,,
13490,43.4276,38.3375,5.34,,20 Per
13531,43.5644,52.7625,3.93,,τ Per
13654,43.9521,18.3316,5.76,,45 Ari
13665,43.9872,61.5211,5.59,,
13679,44.0574,8.3816,5.97,,
13701,44.1069,-8.8981,3.89,Azha,η Eri
13702,44.109,18.0231,5.58,,ρ Ari
13717,44.1559,-3.7123,5.16,,
13775,44.322,31.9342,5.1,,21 Per
13782,44.349,-23.8622,5.44,,4 Eri
13834,44.5218,20.6687,5.8,,47 Ari
13835,44.5239,-23.606,5.82,,6 Eri
13847,44.5653,-40.3047,2.88,Acamar,θ1 Eri
13874,44.6753,-2.7829,5.22,,
13879,44.6903,39.6627,4.68,Gorgonea Secunda,π Per
13884,44.6992,-64.0713,4.98,,β Hor
13905,44.7653,35.1831,4.94,,24 Per
13914,44.803,21.3404,4.63,,ε Ari
13942,44.9008,-25.2741,5.69,,ζ For
13949,44.9162,41.0329,5.89,,
13951,44.9215,-2.465,5.56,,5 Eri
13954,44.9288,8.9074,4.71,Menkar,λ Cet
13965,44.9575,47.2207,5.47,,
14036,45.1839,10.8704,5.93,,
14043,45.2176,52.3517,5.24,,
14060,45.2918,-7.663,5.75,Aludhi,ρ1 Eri
14086,45.4068,-28.0916,5.88,,ε For
14109,45.4756,26.4624,5.91,,49 Ari
14110,45.4838,-9.9614,5.84,,
14131,45.5644,-71.9025,5.51,,θ Hyi
14135,45.5699,4.0897,2.54,Menkar,α Cet
14143,45.5938,4.3529,5.62,,93 Cet
14146,45.5979,-23.6245,4.08,,τ3 Eri
14168,45.6761,-7.6855,5.32,,ρ2 Eri
14187,45.7328,-46.975,5.81,,
14240,45.9034,-59.7378,5.12,,μ Hor
14293,46.0688,-7.6009,5.26,,ρ3 Eri
14328,46.1991,53.5064,2.91,,γ Per
14354,46.2941,38.8403,3.32,Gorgonea Tertia,ρ Per
14376,46.3612,25.2552,5.45,,52 Ari
14382,46.385,56.7057,4.77,,k Per
14417,46.5327,79.4185,5.49,,
14439,46.5987,13.1873,5.64,,
14456,46.6396,-6.0886,5.23,,
14502,46.8292,64.0576,5.89,,
14521,46.8839,-78.9892,5.67,,BN Hyi
14576,47.0422,40.9556,2.09,Algol,β Per
14632,47.2667,49.6133,4.05,,ι Per
14668,47.374,44.8575,3.79,Misam,κ Per
14677,47.4031,29.0771,5.74,,55 Ari
14764,47.6616,11.8726,5.97,,
14817,47.8224,39.6116,4.61,Gorgonea Quarta,ω Per
14838,47.9074,19.7267,4.35,Botein,δ Ari
14844,47.9278,81.4707,5.92,,
14862,47.9845,74.3937,4.85,,
14879,48.0189,-28.9876,3.8,Dalim,α For
14893,48.0594,27.257,5.78,,56 Ari
14913,48.1073,-44.4197,5.92,,
14915,48.1099,6.6609,5.55,,EL Cet
14930,48.1382,-57.3215,5.71,,TW Hor
14954,48.1935,-1.1961,5.07,,94 Cet
15004,48.3495,48.177,5.93,,
15110,48.7254,21.0444,4.87,,ζ Ari
15154,48.8352,30.5567,5.61,,
15192,48.9499,57.1406,5.79,,
15197,48.9584,-8.8197,4.8,Zibal,ζ Eri
15201,48.9903,-77.3885,5.51,,ι Hyi
15219,49.0508,50.9377,5.04,,
15241,49.1466,32.184,5.98,,V0573 Per
15305,49.3608,-47.7517,5.84,,
15330,49.4423,-62.5753,5.53,,ζ1 Ret
15334,49.4406,39.2834,5.97,,
15338,49.4473,44.025,5.49,,30 Per
15357,49.5108,-28.7971,5.93,,
15371,49.5534,-62.5064,5.24,,ζ2 Ret
15382,49.5921,-22.5111,4.86,,15 Eri
15383,49.5934,-0.9303,5.62,,95 Cet
15404,49.6573,50.2222,5.16,,29 Per
15411,49.6715,-18.5598,5.72,,
15416,49.6826,34.2227,4.85,,
15444,49.7818,50.095,5.05,,31 Per
15457,49.8404,3.3702,4.84,,κ Cet
15474,49.8792,-21.7579,3.7,Angetenar,τ4 Eri
15479,49.8954,-24.1229,5.63,,
15510,49.9819,-43.0698,4.26,,e Eri
15514,49.9825,27.0711,5.91,,59 Ari
15520,49.997,65.6523,4.74,,BK Cam
15547,50.0823,77.7347,5.44,,
15549,50.0848,29.0485,4.47,,
15619,50.2783,3.6756,5.7,,97 Cet
15627,50.3068,21.1471,5.27,,τ Ari
15643,50.35,-23.6351,5.5,,
15648,50.3607,43.3297,4.96,,l Per
15669,50.4689,49.0709,5.94,,
15696,50.5496,27.6076,5.55,,62 Ari
15737,50.6885,20.7421,5.1,,63 Ari
15770,50.805,49.2133,5.32,,V0575 Per
15861,51.077,24.7241,5.5,,64 Ari
15863,51.0807,49.8612,1.79,Mirfak,α Per
15876,51.1238,33.536,5.78,,
15890,51.169,64.586,5.13,,CQ Cam
15900,51.2033,9.0289,3.61,,ο Tau
15968,51.4011,-69.3364,5.96,,
16029,51.5939,-27.3175,5.93,,
16083,51.7923,9.7327,3.73,,ξ Tau
16112,51.8893,-35.6813,5.71,,χ2 For
16142,52.0039,-11.2866,5.74,,
16147,52.0128,49.0629,4.99,,
16168,52.0862,33.8076,5.72,,
16210,52.218,49.8484,5.58,,
16228,52.2672,59.9403,4.21,,CS Cam
16244,52.3419,49.5089,4.67,,34 Per
16245,52.3445,-62.9375,4.71,,κ Ret
16263,52.4001,-12.6747,5.57,,
16281,52.4781,58.8787,4.55,,CE Cam
16285,52.4798,-42.6343,5.76,,
16290,52.4954,-78.3518,5.68,,
16292,52.5008,55.4518,5.09,,
16322,52.602,11.3364,5.14,,s Tau
16335,52.6437,47.9952,4.36,,σ Per
16339,52.654,-47.3751,5.98,,TU Hor
16340,52.654,48.1036,5.82,,
16341,52.6544,-5.0751,4.74,,v Eri
16358,52.6892,6.1887,5.93,,
16368,52.7154,-66.4897,5.81,,
16369,52.7182,12.9367,4.14,,f Tau
16470,53.0358,48.0235,5.47,,V0396 Per
16489,53.0839,84.911,5.62,,
16499,53.1094,46.0569,5.3,,36 Per
16509,53.145,-50.3786,5.67,,
16511,53.1498,9.3734,5.76,,t Tau
16518,53.1667,35.4617,5.91,,
16537,53.2327,-9.4583,3.72,Ran,ε Eri
16591,53.396,39.8995,5.79,,IW Per
16599,53.4127,54.9749,5.98,,
16611,53.447,-21.6329,4.26,,τ5 Eri
16664,53.6109,24.4644,5.95,,7 Tau
16780,53.9903,-11.1938,5.56,,
16803,54.0726,-17.4671,5.24,,20 Eri
16826,54.1224,48.1926,4.32,,ψ Per
16846,54.197,0.5878,5.82,,V0711 Tau
16852,54.2183,0.4017,4.29,,10 Tau
16870,54.2737,-40.2745,4.57,,y Eri
16989,54.6219,-7.3919,5.86,,
17027,54.7547,-5.6262,5.97,,21 Eri
17103,54.963,3.0569,5.55,,12 Tau
17167,55.1597,-5.2107,5.53,,22 Eri
17203,55.2827,37.5802,5.55,,
17296,55.5389,63.2168,5.06,,BD Cam
17304,55.5621,-31.9384,4.99,,δ For
17309,55.579,19.7003,5.68,,13 Tau
17313,55.5944,33.965,4.97,,o Per
17342,55.6781,59.9694,5.74,,
17351,55.7086,-37.3135,4.59,,h Eri
17358,55.7313,47.7876,3.01,,δ Per
17378,55.8121,-9.7634,3.52,Rana,δ Eri
17395,55.891,-10.4857,5.59,,
17440,56.0499,-64.8069,3.84,,β Ret
17448,56.0797,32.2882,3.84,Atik,ο Per
17457,56.1271,-1.1631,5.24,,24 Eri
17460,56.131,36.4601,5.6,,
17489,56.2009,24.2895,5.45,Celaeno,16 Tau
17499,56.2189,24.1133,3.72,Electra,17 Tau
17506,56.2354,-0.2967,5.56,,25 Eri
17527,56.2906,24.8393,5.66,,18 Tau
17529,56.2985,42.5785,3.77,,ν Per
17531,56.3021,24.4673,4.3,Taygeta,q Tau
17534,56.3162,-47.3595,5.72,,
17563,56.4185,6.05,5.34,,u Tau
17573,56.4567,24.3677,3.87,Maia,20 Tau
17579,56.477,24.5545,5.76,Asterope,21 Tau
17584,56.4969,45.6819,5.66,,
17585,56.5039,67.2016,5.79,,
17587,56.5097,63.345,4.78,,
17593,56.5356,-12.1016,4.43,,π Eri
17595,56.539,6.8035,5.91,,
17608,56.5816,23.9484,4.14,Merope,23 Tau
17618,56.6143,-29.3382,5.91,,σ For
17651,56.712,-23.2497,4.22,,τ6 Eri
17678,56.8098,-74.239,3.26,,γ Hyi
17702,56.8712,24.1051,2.85,Alcyone,η Tau
17717,56.9152,-23.8747,5.24,,τ7 Eri
17738,56.9835,-30.1679,5.52,,ρ For
17771,57.0678,11.1433,5.08,,e Tau
17776,57.0867,23.4212,5.44,,
17797,57.1495,-37.6202,4.3,,f Eri
17798,57.1488,-20.903,5.81,,
17805,57.1623,0.2279,5.91,,
17846,57.2838,43.9631,5.95,,V0376 Per
17847,57.2906,24.0534,3.62,Atlas,27 Tau
17851,57.2967,24.1367,5.05,Pleione,28 Tau
17854,57.3072,70.871,5.4,,
17874,57.3635,-36.2003,4.17,,g Eri
17884,57.3803,65.526,4.39,,BE Cam
17886,57.3862,33.0914,5.14,,n Per
17891,57.4025,63.297,5.82,,
17932,57.5184,44.9679,5.65,,
17954,57.5789,25.5794,5.24,,
17959,57.5896,71.3323,4.59,,γ Cam
18081,57.9738,34.3591,5.78,,
18089,58.001,6.5349,5.66,,31 Tau
18141,58.1736,-5.3613,5.48,,30 Eri
18170,58.2919,17.3271,5.97,,
18199,58.3888,-46.8937,5.93,,
18212,58.4113,48.6505,5.76,,
18213,58.4123,-34.7323,5.11,,i Eri
18216,58.4279,-24.6122,4.64,,τ8 Eri
18217,58.4304,57.9751,5.8,,
18246,58.533,31.8836,2.84,Atik,ζ Per
18255,58.5729,-2.9547,4.46,,w Eri
18262,58.5965,-40.357,5.7,,
18339,58.8172,-12.0991,5.99,,DO Eri
18396,58.9924,47.8714,5.39,,
18434,59.1195,35.0809,5.49,,
18453,59.1522,50.6954,5.28,,A Per
18471,59.217,22.478,5.62,,32 Tau
18488,59.2845,61.1089,4.99,,
18505,59.356,63.0723,4.95,,
18532,59.4635,40.0102,2.9,,ε Per
18543,59.5074,-13.5085,2.97,Zaurak,γ Eri
18597,59.6865,-61.4002,4.56,,δ Ret
18606,59.7183,-5.4699,5.85,,
18614,59.7413,35.791,3.98,Menkib,ξ Per
18647,59.8755,-12.5744,5.61,,
18673,59.9812,-24.0162,4.62,,τ9 Eri
18723,60.1694,-30.4907,5.93,,
18724,60.1701,12.4903,3.41,,λ Tau
18735,60.2032,18.194,5.89,,
18744,60.2242,-62.1593,4.48,,γ Ret
18772,60.3256,-61.0788,4.97,,ι Ret
18788,60.3835,-1.5497,5.28,,35 Eri
18805,60.4422,9.998,5.67,,
18859,60.6531,-0.2689,5.38,,
18907,60.7891,5.9893,3.91,,ν Tau
18957,60.9359,5.4356,5.32,,40 Tau
18975,60.9859,8.1973,5.45,,
18993,61.0411,2.8269,5.36,,
19009,61.0903,24.106,5.46,,36 Tau
19011,61.0946,-12.7923,5.62,,
19018,61.1132,59.1555,5,,
19038,61.1738,22.0819,4.36,,A1 Tau
19076,61.3344,22.0089,5.9,,A2 Tau
19095,61.406,-27.6518,5.59,,
19129,61.5133,68.68,5.88,,
19167,61.646,50.3513,4.25,,λ Per
19171,61.6517,27.5999,5.18,,41 Tau
19205,61.7519,29.0013,5.21,,ψ Tau
19284,61.9976,17.3399,5.89,,
19335,62.1526,38.0397,5.52,,50 Per
19343,62.1654,47.7125,3.96,Nembus,c Per
19376,62.2565,13.3983,5.94,,
19388,62.2915,19.6092,5.51,,43 Tau
19398,62.3243,-16.3859,5.45,,
19454,62.5068,86.6261,5.84,,
19461,62.5114,80.6987,5.1,,
19483,62.5938,-6.9239,5.44,,37 Eri
19511,62.699,-8.8198,5.7,,
19513,62.7078,26.481,5.39,,p Tau
19515,62.7108,-41.9936,4.93,,δ Hor
19525,62.7459,33.5868,5.75,,
19554,62.8345,5.523,5.71,,45 Tau
19571,62.9008,-20.3562,5.8,,
19587,62.9664,-6.8376,4.04,Beid,ο1 Eri
19719,63.3879,7.716,5.29,,46 Tau
19740,63.4849,9.2638,4.84,,47 Tau
19747,63.5005,-42.2944,3.85,,α Hor
19777,63.5987,-10.2563,4.87,,A Eri
19780,63.6062,-62.4739,3.33,,α Ret
19799,63.651,10.0114,5.22,,
19805,63.7023,-62.1918,5.45,,
19811,63.7222,40.4837,4.67,,f Per
19812,63.7244,48.4093,4.12,,μ Per
19849,63.818,-7.6529,4.43,Keid,ο2 Eri
19860,63.8836,8.8924,4.27,,μ Tau
19893,64.0066,-51.4866,4.26,,γ Dor
19921,64.121,-59.3022,4.44,,ε Ret
19949,64.1795,53.6118,5.2,,
19968,64.2231,61.85,5.69,,
19983,64.2837,57.8604,5.72,,
19990,64.3153,20.5786,4.93,,ω Tau
19996,64.3301,-6.4722,5.95,,
20020,64.4178,-63.2554,5.88,,θ Ret
20042,64.4736,-33.7983,3.55,Beemim,υ4 Eri
20049,64.497,-80.214,5.67,,δ Men
20070,64.5609,50.2955,4.6,,b Per
20075,64.567,-20.7153,6,,
20087,64.5967,21.5793,5.64,,51 Tau
20156,64.8052,50.0487,5.46,,
20161,64.8196,-44.2679,5.33,,
20171,64.8587,21.1423,5.5,,53 Tau
20186,64.9029,21.7735,5.34,,56 Tau
20205,64.9483,15.6276,3.65,Prima Hyadum,γ Tau
20219,64.9904,14.0352,5.58,,h Tau
20234,65.048,50.9209,5.55,,b2 Per
20241,65.0601,41.8081,5.95,,
20250,65.0884,27.3508,4.97,Alkalbain,φ Tau
20252,65.1027,34.5667,4.93,,54 Per
20261,65.1513,15.0955,5.26,,58 Tau
20264,65.1626,-20.6396,5.38,,
20266,65.168,65.1404,5.26,,
20268,65.1719,6.1308,5.76,,
20271,65.1785,-7.5925,5.85,,d Eri
20297,65.2419,-81.5799,5.78,,ν Men
20341,65.3627,-0.0982,5.86,,
20354,65.3882,46.4989,4.8,,d Per
20376,65.4485,60.7356,5.4,,
20380,65.4659,56.5063,5.91,,
20384,65.4722,-63.3864,5.24,,η Ret
20400,65.5147,14.0772,5.72,,60 Tau
20417,65.5947,20.8214,5.91,,
20430,65.6456,25.6293,5.38,,χ Tau
20455,65.7337,17.5425,3.77,Secunda Hyadum,δ Tau
20465,65.7736,-24.8922,5.81,,
20484,65.8544,16.7773,5.64,,63 Tau
20493,65.8849,20.982,6,,V1141 Tau
20507,65.9202,-3.7455,5.17,,ξ Eri
20522,65.9659,9.461,5.1,,r Tau
20535,66.0092,-34.0168,3.97,Beemim,undefined3 Eri
20542,66.024,17.4441,4.8,,64 Tau
20579,66.1215,34.1308,5.73,,55 Per
20591,66.1561,33.9597,5.77,,56 Per
20614,66.238,19.042,5.97,,
20619,66.2722,-61.2382,5.94,,
20635,66.3424,22.2939,4.21,,κ Tau
20641,66.3542,22.2,5.27,,67 Tau
20648,66.3724,17.9279,4.3,,68 Tau
20704,66.5263,31.4389,5.29,,
20711,66.5769,22.8136,4.28,,υ Tau
20713,66.5864,15.6183,4.48,,71 Tau
20732,66.6516,14.7138,4.69,,π Tau
20776,66.7623,80.8242,5.42,,
20789,66.8227,22.9963,5.53,,72 Tau
20804,66.8699,11.2123,5.87,,
20825,66.9418,-62.5212,5.74,,
20842,67.0033,21.6199,5.72,,
20860,67.0553,83.8078,5.51,,V0408 Cep
20873,67.0975,14.741,5.9,,76 Tau
20877,67.1099,16.3597,4.96,,75 Tau
20884,67.1338,1.3808,5.53,,44 Eri
20885,67.1437,15.9622,3.84,,θ1 Tau
20889,67.1542,19.1804,3.53,Ain,ε Tau
20892,67.1627,-19.4589,5.95,,
20894,67.1656,15.8709,3.4,Chamukuy,θ2 Tau
20901,67.209,13.0476,5.02,,b Tau
20922,67.2789,-13.0484,5.61,,DU Eri
20982,67.5015,83.3404,5.47,,
20995,67.5358,15.6378,5.58,,80 Tau
21029,67.6401,16.194,4.78,,
21036,67.6557,13.7244,5.4,,83 Tau
21039,67.662,15.6919,5.47,,81 Tau
21042,67.668,-35.6535,5.95,,
21060,67.7087,-44.9537,5.07,,δ Cae
21139,67.9694,-0.044,4.91,,45 Eri
21148,68.0077,53.9108,5.78,,1 Cam
21192,68.1565,-3.2095,5.76,,DZ Eri
21247,68.3778,72.5286,5.94,,
21248,68.3773,-29.7665,4.49,Beemim,υ1 Eri
21253,68.3915,-62.8237,5.79,,
21273,68.4622,14.8444,4.65,,ρ Tau
21278,68.478,-6.7389,5.71,,46 Eri
21281,68.4991,-55.045,3.3,,α Dor
21295,68.5344,5.5686,5.67,,
21296,68.5485,-8.2314,5.2,,47 Eri
21297,68.549,-8.9703,5.24,,
21323,68.6583,28.9612,5.88,,
21393,68.8877,-30.5623,3.81,Theemin,υ2 Eri
21402,68.9136,10.1608,4.25,,d Tau
21421,68.9802,16.5093,0.87,Aldebaran,α Tau
21444,69.0798,-3.3525,3.93,,ν Eri
21452,69.1008,64.2616,5.91,,
21476,69.1726,41.2648,4.25,,e Per
21479,69.19,-62.0772,5.59,,R Dor
21515,69.307,0.9983,5.32,,49 Eri
21547,69.4005,-2.4735,5.22,,c Eri
21588,69.5394,16.0333,5.78,,89 Tau
21589,69.5394,12.5108,4.27,,c1 Tau
21594,69.5451,-14.304,3.86,Sceptrum,l Eri
21604,69.566,20.6847,5.85,,HU Tau
21644,69.7231,-12.1231,4.99,,
21670,69.7757,7.871,5.38,,
21673,69.7884,15.7998,5.08,,σ1 Tau
21683,69.8188,15.918,4.67,,σ2 Tau
21685,69.8321,-14.3592,5.46,,
21727,69.9778,53.0795,5.07,,3 Cam
21730,69.992,53.473,5.36,,2 Cam
21735,70.0142,12.1976,5.45,,93 Tau
21743,70.0283,-24.4824,5.56,,
21763,70.1105,-19.6715,4.32,,54 Eri
21770,70.1405,-41.8638,4.44,,α Cae
21819,70.3323,28.615,5.73,,
21823,70.3505,48.3009,5.66,,
21847,70.4594,38.2802,5.97,,
21861,70.5145,-37.1443,5.04,,β Cae
21881,70.5613,22.9569,4.27,,τ Tau
21914,70.6934,-50.4813,5.3,,λ Pic
21928,70.7264,43.3651,5.3,,59 Per
21949,70.7665,-70.931,5.53,,μ Men
21958,70.7887,-30.7656,5.66,,
21972,70.84,49.9738,5.86,,
21986,70.8948,-8.7943,5.98,,55 Eri
22024,71.0222,-8.5036,5.78,,56 Eri
22028,71.0333,-18.6666,5.53,,
22040,71.0881,-59.7327,5.28,,κ Dor
22044,71.1076,11.1461,5.39,,
22086,71.2673,-21.2834,5.72,,
22109,71.3756,-3.2547,4.01,,μ Eri
22157,71.5073,11.7056,5.35,,
22176,71.5701,18.7347,5.99,,
22220,71.6853,40.3126,5.99,,
22263,71.9012,-16.9345,5.49,,58 Eri
22287,72.0011,56.7572,5.29,,4 Cam
22325,72.1356,-16.3295,5.76,,59 Eri
22336,72.1516,-5.674,5.77,,
22361,72.2098,75.9412,5.96,,
22393,72.3035,31.4374,5.57,,
22407,72.3295,32.5882,5.84,,
22449,72.46,6.9613,3.19,Tabit,π3 Ori
22453,72.4777,37.4883,4.89,,1 Aur
22479,72.5484,-16.2172,5.03,,60 Eri
22509,72.653,8.9002,4.35,Al Taj,π2 Ori
22531,72.7305,-53.4615,5.58,,ι Pic
22545,72.7889,48.7407,5.64,,
22549,72.8015,5.6051,3.68,,π4 Ori
22565,72.8436,18.8399,5.08,,i Tau
22573,72.8676,-34.9063,5.82,,
22626,73.0217,63.5054,5.47,,
22667,73.1332,14.2506,4.71,Al Kumm,ο1 Ori
22678,73.1583,36.7032,4.79,,2 Aur
22697,73.1963,27.8975,5.97,,
22699,73.199,42.5866,5.68,,
22701,73.2236,-5.4527,4.36,,ω Eri
22730,73.3449,2.5082,5.33,,5 Ori
22783,73.5125,66.3427,4.26,,α Cam
22797,73.5629,2.4407,3.71,,π5 Ori
22833,73.6954,11.426,5.18,Manica,g Ori
22834,73.6991,7.7791,5.33,,
22840,73.7113,0.4672,5.98,,
22845,73.7239,10.1508,4.64,,π1 Ori
22854,73.763,55.2591,5.52,,5 Cam
22860,73.7784,-16.7407,5.71,,
22871,73.7967,-74.9369,5.47,,η Men
22881,73.8277,-16.4178,5.71,,R Eri
22913,73.959,15.0403,5.79,,
22936,74.0295,52.8698,5.75,,
22957,74.0928,13.5145,4.06,,ο2 Ori
22958,74.1008,-5.1714,5.5,,b Eri
23015,74.2484,33.1661,2.69,Hassaleh,ι Aur
23040,74.3217,53.7521,4.43,,7 Cam
23043,74.3431,17.1537,5.51,,
23068,74.4527,23.9486,5.79,,99 Tau
23088,74.5391,25.0504,5.79,,k Tau
23123,74.6371,1.714,4.47,,π6 Ori
23148,74.7124,-82.4705,5.84,,ξ Men
23166,74.7557,-16.376,5.65,,
23179,74.8142,37.8902,4.93,,4 Aur
23221,74.9602,-10.2633,5.39,,63 Eri
23231,74.9822,-12.5374,4.78,,64 Eri
23261,75.0764,39.3947,5.95,,5 Aur
23265,75.0863,81.1941,5.09,,
23362,75.3566,-20.0519,4.91,,
23364,75.3598,-7.174,4.8,Kursi al Jauzah,ψ Eri
23408,75.4598,0.7221,5.91,,
23416,75.4922,43.8233,3.03,Almaaz,ε Aur
23430,75.5409,-26.275,5.01,,
23446,75.595,-31.7713,5.92,,
23453,75.6195,41.0758,3.69,Saclateni,ζ Aur
23467,75.6792,-71.3143,5.3,,β Men
23474,75.6874,-22.7951,5.74,,1 Lep
23475,75.6891,-4.2101,5.86,,
23482,75.7029,-49.1514,5.37,,η1 Pic
23497,75.7739,21.59,4.62,,ι Tau
23522,75.8545,60.4422,4.03,,β Cam
23554,75.972,-24.3882,5.61,,
23595,76.1017,-35.483,4.55,,γ Cae
23607,76.1423,15.4041,4.65,,11 Ori
23649,76.2417,-49.5778,5.05,,η2 Pic
23668,76.3175,-26.1524,5.71,,
23685,76.3653,-22.371,3.19,,ε Lep
23693,76.3777,-57.4727,4.71,,ζ Dor
23734,76.5352,58.9724,5.22,,11 Cam
23766,76.6238,61.1698,6,,
23767,76.6287,41.2345,3.18,Haedus,η Aur
23783,76.6693,51.5977,4.98,,9 Aur
23794,76.6902,-4.6552,5.12,,66 Eri
23831,76.854,-12.4913,5.97,,
23835,76.8625,18.6451,4.91,,m Tau
23840,76.8918,-63.3997,5.19,,WZ Dor
23871,76.9517,20.4184,5.28,,l Tau
23875,76.9624,-5.0864,2.78,Cursa,β Eri
23879,76.9704,8.4984,5.33,,i Ori
23883,76.981,21.7048,5.84,,105 Tau
23900,77.0276,24.2652,5.5,,103 Tau
23916,77.0841,-8.6653,5.8,,
23941,77.1821,-4.4562,5.11,,68 Eri
23972,77.2866,-8.7541,4.25,,λ Eri
23983,77.3318,9.8296,5.43,,h Ori
24010,77.4248,15.5972,4.81,,15 Ori
24019,77.4379,28.0305,5.93,,V1156 Tau
24109,77.6788,46.9621,5.67,,
24162,77.8299,-2.4908,5.89,,
24169,77.8453,-11.8491,5.6,,RX Lep
24197,77.9232,16.0457,5.18,,
24203,77.939,1.037,5.88,,
24244,78.0746,-11.8692,4.45,,ι Lep
24254,78.0936,73.9467,5.44,,BN Cam
24294,78.2005,-6.0572,5.9,,
24305,78.2329,-16.2055,3.29,,μ Lep
24327,78.3078,-12.9413,4.36,,κ Lep
24331,78.3228,2.8613,4.46,,ρ Ori
24340,78.3572,38.4845,4.82,Alhiba,μ Aur
24372,78.4394,-67.1853,4.81,,θ Dor
24426,78.6202,-35.977,5.75,,
24436,78.6345,-8.2016,0.18,Rigel,β Ori
24450,78.6835,5.1562,5.5,,
24504,78.8516,32.6876,5.01,,14 Aur
24505,78.8516,-26.9435,5.06,,
24555,79.0172,11.3414,5.52,,18 Ori
24575,79.0756,34.3123,5.99,,AE Aur
24608,79.1723,45.998,0.08,Capella,α Aur
24659,79.3712,-34.8952,4.81,,ο Col
24674,79.4016,-6.8444,3.59,,τ Ori
24679,79.4177,-13.5198,5.48,,
24727,79.544,33.3716,4.54,,16 Aur
24732,79.5552,73.2681,5.81,,
24738,79.5654,42.7921,5.55,,PU Aur
24786,79.7103,-18.1301,5.96,,
24799,79.7501,33.7484,5.38,,IQ Aur
24813,79.7853,40.0991,4.69,,λ Aur
24817,79.7967,2.5958,5.34,,21 Ori
24822,79.8192,22.0965,4.96,,n Tau
24829,79.8422,-50.606,5.44,,ζ Pic
24831,79.8487,-27.3689,5.98,,
24845,79.8939,-13.1768,4.29,,λ Lep
24873,79.9959,-12.3156,5.29,,ν Lep
24879,80.0038,33.9581,5.05,,19 Aur
24902,80.0611,41.0862,5.46,,
24914,80.0942,62.6537,5.64,,
24927,80.1122,-21.2398,4.7,,
25001,80.3029,29.5699,5.66,,
25028,80.3827,-0.4165,5.68,,
25041,80.4315,8.4286,5.78,,
25044,80.4406,-0.3825,4.72,,o Ori
25045,80.4427,-24.773,5.06,,
25048,80.4517,41.8046,5.22,,ρ Aur
25110,80.6397,79.2311,5.08,,
25142,80.7083,3.5445,4.99,,m Ori
25143,80.7096,41.0293,5.54,,
25187,80.8271,-8.4156,5.99,,
25194,80.8501,-39.6784,5.73,,SW Col
25197,80.866,57.5444,5.24,,16 Cam
25202,80.8757,-13.9274,5.25,,8 Lep
25223,80.9263,-0.1598,5.69,,
25247,80.9868,-7.8081,4.13,,e Ori
25278,81.1061,17.3835,5,,111 Tau
25280,81.1187,-16.9758,5.64,,
25281,81.1192,-2.3971,3.35,Saif al Jabbar,η Ori
25282,81.1205,-0.8913,5.07,,p Ori
25291,81.1605,31.1431,5.94,,
25292,81.1631,37.3853,5.02,,σ Aur
25302,81.1868,1.8464,4.89,,25 Ori
25329,81.2573,-10.3289,5.6,,
25336,81.2828,6.3497,1.64,Bellatrix,γ Ori
25397,81.4993,-19.6954,5.78,,
25428,81.573,28.6075,1.65,Elnath,β Tau
25429,81.5803,-58.9125,5.14,,λ Dor
25471,81.7033,34.3918,5.92,,
25473,81.7093,3.0957,4.59,,ψ Ori
25488,81.7722,-40.9435,5.86,,
25492,81.7845,30.2086,5.69,,
25499,81.7921,17.9622,5.4,,115 Tau
25539,81.9087,21.937,4.88,,o Tau
25541,81.912,34.4759,5.08,,φ Aur
25555,81.94,15.8741,5.52,,116 Tau
25583,82.0067,17.2391,5.77,,117 Tau
25606,82.0613,-20.7594,2.81,Nihal,β Lep
25608,82.0639,-37.2308,5.56,,
25695,82.3188,25.1502,5.47,,118 Tau
25708,82.3487,-3.4464,5.8,,
25737,82.4333,-1.0922,4.71,,31 Ori
25751,82.4782,1.7893,5.77,,
25768,82.5395,-47.0777,5.46,,
25769,82.5425,63.0672,5.43,,17 Cam
25790,82.609,15.3604,5.93,,
25813,82.696,5.9481,4.2,,32 Ori
25816,82.7027,41.462,5.99,,
25853,82.7818,-20.8637,5.53,,10 Lep
25859,82.8031,-35.4705,3.86,,ε Col
25861,82.8106,3.2921,5.46,,n1 Ori
25887,82.9,-45.9253,5.86,,
25918,82.9709,-76.341,5.18,,γ Men
25923,82.9827,-7.3015,4.62,Thabit,υ Ori
25930,83.0017,-0.2991,2.25,Mintaka,δ Ori
25945,83.0531,18.5942,4.32,The Ruby Star,119 Tau
25950,83.0589,17.0581,5.5,,
25980,83.1723,-1.5918,5.34,,
25984,83.182,32.192,4.71,,χ Aur
25985,83.1826,-17.8223,2.58,Arneb,α Lep
25993,83.2142,-38.5134,5.45,,
26001,83.2482,-64.2275,5.34,,28 Dor
26019,83.2808,-35.1394,5.75,,
26063,83.381,-1.1561,5.36,,VV Ori
26064,83.3818,18.5402,5.67,,120 Tau
26069,83.4063,-62.4898,3.76,,β Dor
26093,83.4762,14.3056,5.6,,35 Ori
26108,83.5169,-1.4703,5.92,,
26126,83.5699,3.7669,5.32,,n2 Ori
26169,83.6866,-73.7413,5.79,,WX Men
26176,83.7052,9.4896,4.39,Heka,φ1 Ori
26197,83.7542,-6.0093,5.67,,
26199,83.7612,-6.002,4.78,,
26207,83.7845,9.9342,3.39,Meissa,λ Ori
26215,83.8052,10.2401,5.6,,
26219,83.8145,-33.0797,5.76,,
26220,83.8159,-5.3873,4.98,Trapezium,θ1 Ori
26221,83.8186,-5.3897,5.13,Becklin's Star,θ1 Ori
26235,83.8454,-5.4161,4.98,,θ2 Ori
26237,83.8465,-4.8384,4.58,Mizan Batil,c Ori
26241,83.8583,-5.9099,2.75,Hatysa,ι Ori
26248,83.863,24.0396,5.37,,121 Tau
26268,83.9145,-4.8561,5.24,,45 Ori
26311,84.0534,-1.2019,1.69,Alnilam,ε Ori
26344,84.1467,54.4287,5.74,,
26345,84.1487,-6.0648,5.71,,
26366,84.2266,9.2907,4.09,,φ2 Ori
26382,84.2656,17.0403,5.53,,122 Tau
26386,84.2683,11.035,5.97,,
26394,84.2912,-80.4691,5.65,,π Men
26396,84.2869,26.9245,5.83,,
26451,84.4112,21.1425,2.97,Tianguan,ζ Tau
26460,84.4359,-28.6897,5.28,,ν2 Col
26487,84.5047,7.5414,5.87,,
26535,84.6582,-6.574,5.96,,
26536,84.6587,30.4924,5.4,,26 Aur
26545,84.6814,-40.7073,5.81,,
26549,84.6865,-2.6001,3.77,,σ Ori
26563,84.7212,-7.2128,4.77,,d Ori
26594,84.7964,4.1215,4.5,,ω Ori
26606,84.8263,29.2152,5.98,,V0433 Aur
26624,84.8798,-3.5647,5.99,,
26634,84.9122,-34.0741,2.65,Phact,α Col
26640,84.9342,25.8971,5.18,,125 Tau
26649,84.9577,-32.6292,5.44,,
26727,85.1897,-1.9426,1.74,Alnitak,ζ Ori
26736,85.2113,-1.1288,4.95,,
26762,85.2733,0.3378,5.93,,
26777,85.3238,16.5341,4.84,,126 Tau
26865,85.5582,-22.3737,5.88,,12 Lep
26868,85.5633,-34.6678,5.29,,WZ Col
26882,85.6102,65.6976,5.62,,
26885,85.6193,1.4746,4.9,,b Ori
26926,85.7246,-6.7962,5.97,,
26966,85.8403,-18.5575,5.73,,
27072,86.1158,-22.4484,3.59,Kursi al Jabbar,γ Lep
27100,86.1932,-65.7355,4.34,,δ Dor
27196,86.4752,49.8263,5.46,,ο Aur
27204,86.4996,-32.3064,5.18,,μ Col
27243,86.6141,-46.5972,5.31,,
27249,86.6266,56.1156,5.93,,26 Cam
27253,86.6455,1.1682,5.95,,
27265,86.6896,15.8225,6,,129 Tau
27280,86.7172,9.5223,5.78,,
27288,86.7389,-14.822,3.55,,ζ Lep
27316,86.8048,14.4883,5.72,,131 Tau
27321,86.8212,-51.0665,3.85,,β Pic
27338,86.8592,17.7291,5.47,,130 Tau
27364,86.9288,13.8996,5.28,,133 Tau
27366,86.9391,-9.6696,2.07,Saiph,κ Ori
27386,87.001,6.4542,5.26,,52 Ori
27435,87.1456,-4.0946,5.97,,
27468,87.254,24.5675,4.88,,132 Tau
27483,87.2935,39.1811,4.51,,τ Aur
27511,87.3872,12.6513,4.89,,134 Tau
27517,87.4023,-14.4837,5.49,,
27530,87.4569,-56.1667,4.5,,γ Pic
27533,87.4729,-22.9719,5.87,,
27534,87.473,-66.9012,5.1,,ε Dor
27549,87.5112,9.8712,5.79,,
27560,87.5544,4.4234,5.96,,
27566,87.5699,-79.3614,5.46,,κ Men
27581,87.6204,14.3056,5.54,,135 Tau
27588,87.6251,2.0247,5.97,,
27621,87.7218,-52.1089,5.16,,
27628,87.74,-35.7683,3.12,Wazn,β Col
27629,87.7421,27.9679,5.6,,
27639,87.7602,37.3056,4.72,,υ Aur
27654,87.8304,-20.8791,3.76,Arsh al Jauzah,δ Lep
27658,87.8416,-7.518,5.36,,55 Ori
27673,87.8725,39.1485,3.97,,ν Aur
27713,88.0322,-9.0419,5.95,,
27737,88.0842,-57.1562,5.93,,
27743,88.0929,14.1718,5.6,,137 Tau
27747,88.0975,19.8678,5.96,,
27750,88.1102,1.8551,4.76,,56 Ori
27766,88.1383,-37.6311,5.62,,
27810,88.2787,-33.8014,4.88,,λ Col
27830,88.3319,27.6123,4.56,,136 Tau
27890,88.5252,-63.0896,4.65,,36 Dor
27913,88.5958,20.2762,4.39,,χ1 Ori
27938,88.6818,-11.7742,5.62,,
27939,88.6835,0.9686,5.99,,
27947,88.7087,-52.6355,5.29,,
27949,88.7116,55.7069,4.96,,ξ Aur
27955,88.7187,-39.9579,5.55,,
27965,88.7362,19.7496,5.92,,57 Ori
27971,88.7409,59.8884,5.2,,31 Cam
27973,88.7458,31.7015,5.9,,
27989,88.7929,7.4071,0.45,Betelgeuse,α Ori
28010,88.8747,-37.1207,4.97,,ξ Col
28011,88.8757,-4.6165,5.87,,
28085,89.0595,-22.84,5.95,,
28098,89.0873,-31.3824,5.52,,σ Col
28103,89.1012,-14.1677,3.71,,η Lep
28110,89.1168,9.5094,5.97,,
28139,89.206,11.5211,5.89,,
28199,89.3842,-35.2833,4.36,,γ Col
28237,89.4986,25.9539,4.81,,139 Tau
28271,89.6018,1.8371,5.89,,59 Ori
28287,89.6564,-44.0346,5.81,,
28296,89.7065,0.553,5.21,,60 Ori
28302,89.7218,12.8083,5.7,,
28325,89.768,-9.5583,5.04,,2 Mon
28328,89.7867,-42.8151,3.96,,η Col
28343,89.8407,49.9245,5.9,,
28358,89.8818,54.2847,3.72,,δ Aur
28360,89.8822,44.9474,1.9,Menkalinan,β Aur
28380,89.9303,37.2126,2.65,Mahasim,θ Aur
28404,89.9837,45.9367,4.3,,π Aur
28413,90.014,-3.0743,4.53,,
28484,90.2049,-51.2163,5.65,,
28499,90.244,47.9019,5.71,,36 Aur
28524,90.3179,-33.9118,5.54,,
28562,90.4294,48.9594,5.98,,
28574,90.4601,-10.5979,4.92,,3 Mon
28614,90.5958,9.6473,4.12,,μ Ori
28675,90.815,-26.2845,5.03,,
28691,90.864,19.6906,5.14,,64 Ori
28716,90.9799,20.1385,4.64,,χ2 Ori
28734,91.0301,23.2633,4.16,Propus,1 Gem
28744,91.0563,-6.7089,5.19,,V0696 Mon
28756,91.0844,-32.1724,5.65,,72 Col
28790,91.1671,-45.0789,5.93,,
28812,91.2424,5.42,5.67,,63 Ori
28814,91.2432,4.1587,5.63,,66 Ori
28816,91.2464,-16.4844,4.92,,17 Lep
28823,91.2641,42.9816,5.9,,39 Aur
28854,91.3626,-10.2426,5.88,,
28855,91.3632,-35.5136,5.8,,
28899,91.5231,-29.7586,5.79,,
28909,91.5391,-66.0396,5.72,,η1 Dor
28910,91.5388,-14.9353,4.67,,θ Lep
28943,91.6337,-23.1108,5.46,,
28946,91.6462,38.4826,5.35,,40 Aur
28949,91.6614,-4.1938,5.37,,
28984,91.7396,-21.8123,5.74,,
28991,91.7641,-62.1546,5.04,,
28992,91.7653,-34.312,5.82,,
29034,91.8818,-37.2529,5,Elkurud,θ Col
29038,91.893,14.7685,4.42,,ν Ori
29048,91.9235,-19.1659,5.28,,19 Lep
29064,91.9702,-42.154,5.5,,π2 Col
29134,92.1844,-68.8434,5.06,,ν Dor
29150,92.2411,-22.4274,5.49,,
29151,92.2413,2.4997,5.7,,
29196,92.3852,22.1903,5.93,,
29205,92.3939,-14.5846,5.56,,
29225,92.4333,23.1135,5.75,,3 Gem
29234,92.4498,-22.7743,5.71,,
29246,92.4959,58.9357,5.35,,37 Cam
29263,92.5433,-40.3538,5.54,,AF Col
29271,92.5603,-74.753,5.08,,α Men
29276,92.5746,-54.9686,4.72,,δ Pic
29294,92.6445,-27.1543,5.72,,
29353,92.8124,-65.5894,5.01,,η2 Dor
29379,92.8846,24.4203,5.83,,5 Gem
29388,92.9025,48.711,5.78,,41 Aur
29417,92.9659,-6.5503,5.06,,
29426,92.985,14.2088,4.45,,ξ Ori
29433,93.0056,19.7905,5.76,,68 Ori
29434,93.0137,16.1304,4.95,,f1 Ori
29451,93.0838,32.6934,5.78,,
29490,93.2128,65.7184,5.36,,36 Cam
29575,93.476,-3.7414,5.83,,
29616,93.6191,17.9064,5.86,,
29629,93.6529,-4.5685,5.83,,
29650,93.712,19.1564,5.2,,71 Ori
29651,93.7139,-6.2748,3.99,,γ Mon
29655,93.7194,22.5068,3.31,Propus,η Gem
29678,93.7853,13.8511,5.91,,
29679,93.785,-20.2722,5.88,,
29692,93.8238,-18.4772,5.99,,
29696,93.8445,29.4981,4.32,,κ Aur
29704,93.8547,16.1432,5.34,,f2 Ori
29711,93.8736,-4.9147,5.99,,
29716,93.8928,-0.5122,5.62,,
29730,93.9189,59.999,5.37,,40 Cam
29735,93.937,-13.7184,5,,
29736,93.9374,12.5511,5.44,,73 Ori
29771,94.032,-16.618,5.97,,
29800,94.1109,12.2722,5.04,,k Ori
29807,94.1381,-35.1405,4.37,,κ Col
29808,94.1483,-39.2644,6,,
29842,94.2551,-37.7374,5.54,,
29850,94.2776,9.9424,5.39,,l Ori
29852,94.2899,-37.2535,5.88,,
29860,94.3172,5.1001,5.7,,
29895,94.4238,-16.8159,5.15,,
29919,94.4784,61.5153,5.01,,1 Lyn
29941,94.5572,-19.967,5.51,,
29996,94.7108,-9.39,5.36,,
29997,94.7116,69.3198,4.76,,
30011,94.7457,-20.9256,5.79,,
30060,94.9058,59.011,4.44,,2 Lyn
30069,94.9207,-34.3966,5.76,,
30073,94.9283,-7.8229,5.27,,7 Mon
30093,94.9983,-2.9445,4.91,,
30099,95.0176,14.6511,5.67,,
30122,95.0783,-30.0634,3.02,Furud,ζ CMa
30143,95.151,-34.1441,5.55,,
30214,95.353,-11.7732,5.48,,FR CMa
30247,95.4422,53.4522,5.34,,45 Aur
30277,95.5285,-33.4364,3.85,,δ Col
30318,95.6516,12.5702,6,,
30321,95.6595,-69.984,5.56,,π1 Dor
30324,95.6749,-17.9559,1.98,Mirzam,β CMa
30342,95.7326,-56.37,5.6,,ν Pic
30343,95.7401,22.5136,2.87,Tejat,μ Gem
30419,95.942,4.5929,4.39,,ε Mon
30436,95.983,-25.5776,5.61,,
30438,95.988,-52.6957,-0.62,Canopus,α Car
30444,96.0042,-36.7078,5.62,,
30457,96.043,-11.5301,5.21,,
30463,96.0577,-60.2813,5.78,,
30520,96.2246,49.2879,4.92,Dolones,ψ1 Aur
30545,96.3189,-0.9459,5.88,,
30565,96.3693,-69.6903,5.37,,π2 Dor
30591,96.4319,-48.1769,5.76,,G Pup
30651,96.6077,56.2851,5.53,,RR Lyn
30666,96.6649,-1.5073,5.87,,
30679,96.7036,58.4174,5.21,,5 Lyn
30703,96.7672,-58.0021,5.82,,
30717,96.8073,0.2992,5.19,,77 Ori
30720,96.815,-0.276,5.55,,78 Ori
30728,96.8352,2.9083,5.55,,
30772,96.9899,-4.7622,5.06,,10 Mon
30788,97.0425,-32.5801,4.47,,λ CMa
30827,97.142,30.493,5.75,,48 Aur
30836,97.1559,-17.466,5.76,,
30840,97.1635,-32.3713,5.74,,IY CMa
30867,97.2045,-7.0331,3.76,,β Mon
30883,97.2408,20.2121,4.13,Nucatai,ν Gem
30932,97.3687,-56.8528,5.2,,61 Pic
30953,97.4544,-50.2391,5.28,,
30972,97.5124,46.6856,5.88,,47 Aur
30986,97.547,-10.0815,5.92,,
31037,97.6929,-27.7696,5.92,,
31039,97.6963,58.1626,5.86,,6 Lyn
31072,97.8046,-35.2588,5.82,,
31079,97.8263,-51.826,5.58,,
31084,97.846,-12.392,5.16,,
31119,97.9512,11.5444,5.22,,
31121,97.9586,-8.1582,5.43,,
31125,97.964,-23.4184,4.34,,ξ1 CMa
31137,97.993,-58.7538,5.69,,μ Pic
31159,98.08,4.856,5.88,,12 Mon
31165,98.0891,-37.6967,5.25,,
31167,98.0964,-5.8688,5.6,,
31173,98.1133,32.4549,5.82,,WW Aur
31190,98.1624,-32.0304,5.73,,
31216,98.2259,7.333,4.47,,13 Mon
31277,98.4007,14.1552,5.57,,
31278,98.408,-1.2202,5.09,,
31299,98.4562,-36.232,5.42,,
31362,98.6472,-32.7163,5.62,,
31407,98.7441,-52.9756,4.35,,N Car
31416,98.7641,-22.9648,4.54,,ξ2 CMa
31434,98.8003,28.0223,5.26,,49 Aur
31446,98.8159,0.8902,5.78,,
31448,98.8233,9.9883,5.93,,
31457,98.8509,-36.7799,5.59,,
31564,99.0952,-18.6599,5.71,,ν1 CMa
31579,99.1368,38.4455,5.4,,
31583,99.1472,-5.2111,5.52,,
31592,99.171,-19.2559,3.95,,ν2 CMa
31599,99.1942,-13.321,5.95,,
31637,99.3076,-36.9907,5.72,,
31665,99.41,56.8575,5.87,,11 Lyn
31676,99.4224,61.4812,5.94,,8 Lyn
31681,99.4279,16.3993,1.93,Alhena,γ Gem
31685,99.4403,-43.1959,3.17,,ν Pup
31688,99.4484,-32.3397,5.25,,
31700,99.4726,-18.2375,4.42,,ν3 CMa
31737,99.5959,28.9844,5.76,,53 Aur
31765,99.6568,-48.2202,5.05,,
31771,99.6647,39.3909,5.7,,51 Aur
31789,99.7049,39.9026,5.34,,ψ3 Aur
31827,99.8197,-14.1458,4.82,,
31832,99.8326,42.4889,4.8,,ψ2 Aur
31870,99.9278,-30.4705,5.7,,
31876,99.9488,12.9828,5.99,,
31897,100.012,-80.8136,5.61,,ζ Men
31940,100.1203,77.9958,5.75,,
31946,100.1344,71.7488,5.88,,
31978,100.2444,9.8958,4.66,,15 Mon
31992,100.2727,0.4953,5.79,,
32064,100.4849,-9.1675,5.21,,
32104,100.6014,17.6453,5.2,,26 Gem
32173,100.7707,44.5244,5.04,,ψ4 Aur
32226,100.911,3.9325,5.88,,
32246,100.983,25.1311,3.06,Mebsuta,ε Gem
32249,100.9971,13.228,4.49,,30 Gem
32292,101.1186,-31.0705,5.23,,10 CMa
32311,101.1894,28.9709,5.42,,28 Gem
32349,101.2872,-16.7161,-1.44,Sirius,α CMa
32362,101.3224,12.8956,3.35,Alzirr,ξ Gem
32366,101.3456,-31.7937,5.92,,
32385,101.38,-30.949,5.62,,HP CMa
32402,101.4738,-52.4097,5.81,,
32411,101.4975,-14.7961,5.3,,
32438,101.5589,59.4417,4.86,,12 Lyn
32439,101.559,79.5648,5.44,,
32463,101.6351,8.5872,5.92,,16 Mon
32474,101.6626,-10.1074,5.66,,
32480,101.6847,43.5774,5.24,,ψ5 Aur
32489,101.7063,57.1692,5.34,,13 Lyn
32492,101.7129,-14.426,5.28,,11 CMa
32494,101.7195,-51.2657,5.39,,
32531,101.828,-55.54,5.6,,O Car
32533,101.8326,8.0373,4.77,,17 Mon
32537,101.8392,-37.9297,5.27,,x Pup
32558,101.9051,-8.9985,5.08,,
32562,101.9149,48.7895,5.22,,ψ6 Aur
32578,101.9652,2.4122,4.48,,18 Mon
32607,102.0477,-61.9414,3.24,,α Pic
32609,102.0512,55.7042,5.54,,
32617,102.0794,-1.3189,5.75,,
32677,102.2406,-15.1447,5.39,,
32698,102.3184,-2.272,5.75,,
32740,102.4221,32.6068,5.72,,IS Gem
32753,102.4577,16.2029,5.87,,33 Gem
32759,102.4602,-32.5085,3.5,,κ CMa
32761,102.4638,-53.6224,4.41,,A Car
32765,102.4776,-46.6146,5.14,,
32768,102.484,-50.6146,2.94,,τ Pup
32809,102.5907,-17.0846,5.77,,
32810,102.5973,-31.7061,5.74,,HZ CMa
32814,102.6062,13.4132,5.68,,35 Gem
32844,102.6914,41.7812,4.99,,ψ7 Aur
32851,102.7076,-0.5409,5.78,,
32855,102.7181,-34.3673,4.99,,
32864,102.7379,67.5719,5.14,,42 Cam
32912,102.8624,-70.9634,5.41,,ι Vol
32921,102.8877,21.7611,5.28,,d Gem
32938,102.9268,-36.2303,5.94,,
32968,102.9999,23.6017,5.68,,
33018,103.1972,33.9613,3.6,,θ Gem
33024,103.2061,8.3804,5.75,,
33048,103.271,59.4485,5.34,,14 Lyn
33077,103.3284,-19.0328,5.65,,
33092,103.3871,-20.2243,4.82,,15 CMa
33104,103.426,68.8883,5.11,,43 Cam
33152,103.5331,-24.1842,3.89,Udra,ο1 CMa
33160,103.5475,-12.0386,4.08,,θ CMa
33184,103.6028,-1.127,5.44,,
33202,103.661,13.1778,4.73,,e Gem
33248,103.7614,-20.4049,5.8,,17 CMa
33277,103.8278,25.3757,5.74,,37 Gem
33302,103.906,-20.1365,4.66,,π CMa
33316,103.9455,-22.9414,5.29,,
33345,104.0277,-14.0434,5,Isis,μ CMa
33347,104.0343,-17.0542,4.36,,ι CMa
33357,104.0666,-48.7211,4.94,,
33372,104.1076,9.9566,5.9,,
33377,104.1336,46.274,5.85,,ψ9 Aur
33384,104.1436,-79.4202,5.45,,θ Men
33415,104.2335,46.7054,5.88,,
33421,104.2522,33.681,5.91,,
33449,104.3192,58.4228,4.35,,15 Lyn
33478,104.3913,-24.6308,5.45,,
33485,104.4046,45.0941,4.9,,16 Lyn
33558,104.6046,-34.1117,5.07,,t Pup
33575,104.6496,-25.4142,5.59,,
33579,104.6565,-28.9721,1.5,Adhara,ε CMa
33603,104.7376,3.6024,5.96,,
33682,104.9606,-67.9164,5.18,,
33694,105.0168,76.9774,4.55,,
33715,105.0659,16.079,5.73,,41 Gem
33729,105.099,-8.4068,5.95,,
33779,105.2145,-51.4026,5.14,,23 Car
33804,105.2748,-25.2156,5.64,,LS CMa
33827,105.3392,70.8083,5.69,,
33856,105.4298,-27.9348,3.49,Unurgunite,σ CMa
33878,105.4849,-5.7221,5.22,,
33914,105.5729,15.336,5.78,,
33927,105.6033,24.2154,5.2,,ω Gem
33929,105.6064,17.7555,5.96,,NP Gem
33937,105.6387,16.6744,5.86,,
33971,105.7282,-4.2392,4.99,,19 Mon
33977,105.7561,-23.8333,3.02,Al Zara,ο2 CMa
34000,105.8129,-59.1781,5.5,,V0450 Car
34002,105.8246,9.1384,5.96,,
34017,105.8769,29.3371,5.93,,
34033,105.9086,10.9518,5.14,,
34045,105.9396,-15.6333,4.11,Muliphein,γ CMa
34059,105.9734,-49.5839,4.92,,H Pup
34065,105.9888,-43.608,5.56,,
34081,106.0116,-42.3373,5.2,,C Pup
34086,106.0219,-5.324,5.63,,
34088,106.0272,20.5703,4.01,Mekbuda,ζ Gem
34105,106.0764,-56.7497,5.14,,V0386 Car
34182,106.3265,22.6375,6,,44 Gem
34215,106.4126,9.1858,5.78,,
34267,106.5483,34.474,5.55,,
34301,106.6699,-11.294,5.41,,FN CMa
34339,106.7795,-40.8933,5.8,,D Pup
34349,106.8054,-51.9683,5.96,,
34358,106.8433,34.0093,5.94,,
34360,106.8441,-23.8407,5.75,,FV CMa
34387,106.9562,7.4712,5.74,,
34440,107.0918,15.9307,5.47,,45 Gem
34444,107.0979,-26.3932,1.83,Wezen,δ CMa
34473,107.1765,-70.4971,5.68,,γ1 Vol
34481,107.1869,-70.4989,3.78,,γ2 Vol
34495,107.2128,-39.6557,4.83,,A Pup
34561,107.389,-16.2345,6,,OS CMa
34579,107.4293,-25.231,5.69,,LZ CMa
34622,107.557,-4.2371,4.91,,20 Mon
34624,107.5805,-27.4915,5.46,,
34670,107.6978,-48.9321,5.12,,
34693,107.7849,30.2452,4.41,,τ Gem
34722,107.8461,26.8566,5.75,,47 Gem
34724,107.8484,-0.3019,5.44,,21 Mon
34752,107.9139,39.3205,4.91,,63 Aur
34758,107.9234,-20.8831,5.84,,
34769,107.9661,-0.4928,4.15,,δ Mon
34798,108.0509,-25.9426,5.91,,26 CMa
34802,108.0659,-40.4988,5.3,,E Pup
34817,108.1076,-36.5444,5.94,,V0363 Pup
34819,108.1099,24.1286,5.85,,48 Gem
34834,108.1401,-46.7593,4.49,,I Pup
34888,108.28,-11.2513,5.77,,
34899,108.3056,-45.1827,4.87,,L1 Pup
34909,108.3428,16.159,5.07,,51 Gem
34912,108.3475,51.4287,5.46,,UY Lyn
34914,108.3501,-22.6742,5.99,,
34922,108.3847,-44.6397,4.42,,L2 Pup
34975,108.5452,-3.9018,5.8,,
34981,108.5634,-26.3525,4.42,,27 CMa
34982,108.5647,-9.9475,5.9,,
34987,108.5836,3.1114,5.36,,
35005,108.6359,12.1158,5.71,,
35020,108.6589,-48.2719,4.75,,
35025,108.6749,24.885,5.84,,52 Gem
35029,108.6917,-46.8497,5.72,,PR Pup
35037,108.7027,-26.7727,4.01,,ω CMa
35044,108.7132,-27.038,5.58,,
35054,108.7381,-41.4264,5.95,,
35083,108.8378,-30.6864,5.36,,
35084,108.8384,-52.4992,5.96,,
35120,108.9143,7.9777,5.78,,
35127,108.9302,-10.5836,5.95,,
35136,108.9589,47.24,5.54,,
35146,108.9788,59.6375,5.2,,18 Lyn
35152,108.9882,27.8974,5.75,,53 Gem
35180,109.0606,-15.5857,5.46,,
35181,109.0645,-46.7745,5.64,,
35202,109.1327,-38.3189,5.81,,
35205,109.1458,-27.8812,4.66,,
35210,109.1535,-23.3156,4.83,,145 CMa
35226,109.2059,-36.5926,5.03,,
35228,109.2076,-67.9572,3.97,,δ Vol
35264,109.2857,-37.0975,2.71,,π Pup
35304,109.3905,52.1311,5.93,,
35341,109.5092,40.8834,5.87,,64 Aur
35347,109.5177,-43.9868,5.86,,M Pup
35350,109.5232,16.5404,3.58,,λ Gem
35363,109.5766,-36.734,4.65,,v1 Pup
35384,109.6332,49.4648,5,,
35393,109.6396,-39.2103,5.24,,F Pup
35406,109.6591,-36.7427,5.11,,v2 Pup
35412,109.6682,-24.5587,4.88,,29 CMa
35415,109.677,-24.9544,4.37,,τ CMa
35427,109.7136,-26.5859,5.29,,
35476,109.8432,2.7407,5.9,,
35487,109.8674,-16.3952,5.7,,R CMa
35509,109.9485,7.1429,5.91,,
35550,110.0307,21.9823,3.5,Wasat,δ Gem
35564,110.0893,-52.3115,5.5,,
35589,110.1617,-52.0859,5.38,,
35611,110.2288,-26.9638,6,,HQ CMa
35615,110.2429,-14.3605,5.59,,
35626,110.2681,-25.8916,5.87,,MZ CMa
35643,110.3229,45.2282,5.74,,
35699,110.4869,20.4437,5.09,,56 Gem
35710,110.5109,36.7606,5.12,,65 Aur
35712,110.5145,0.1771,5.99,,
35727,110.5564,-19.0166,4.94,,
35749,110.6058,-5.9828,5.83,,
35785,110.7169,55.2814,5.8,,19 Lyn
35795,110.7529,-31.9238,5.4,,NO CMa
35846,110.8688,25.0505,5.04,,A Gem
35848,110.8708,-27.8343,5.37,,
35855,110.8829,-32.2021,5.41,,
35904,111.0238,-29.3031,2.45,Aludra,η CMa
35907,111.0353,40.6724,5.23,,66 Aur
35941,111.1394,27.6379,5.77,,59 Gem
35951,111.1674,-16.2015,5.18,,FW CMa
35957,111.1827,-31.8089,5.35,,
35984,111.2379,51.8873,5.8,,
35987,111.2424,11.6695,5.37,,1 CMi
35998,111.2846,-13.752,5.79,,
36024,111.3553,-25.2178,5.79,,
36039,111.4087,-79.0942,5.54,,ε Men
36041,111.4121,9.2761,4.99,,ε CMi
36046,111.4317,27.7981,3.78,Propus,ι Gem
36055,111.4633,-5.775,5.98,,
36114,111.591,-51.0185,5.09,,
36143,111.6769,-34.1407,5.9,,
36145,111.6785,49.2115,4.61,,21 Lyn
36156,111.7347,20.2576,5.94,,61 Gem
36168,111.7478,-23.086,5.65,,FY CMa
36186,111.7833,-17.8649,5.6,,NR CMa
36188,111.7877,8.2893,2.89,Gomeisa,β CMi
36236,111.9289,-22.8592,5.98,,
36238,111.9348,21.4452,5.2,,63 Gem
36251,111.9653,-11.5569,5.79,,
36258,111.9965,-29.1559,5.55,,
36265,112.0086,6.942,5.22,,η CMi
36284,112.0408,8.9255,4.33,,γ CMi
36345,112.2131,-31.8484,5.95,,
36348,112.2145,48.1839,5.7,,
36362,112.2705,-31.4562,5.78,,
36363,112.2737,-38.8121,5.41,,y Pup
36366,112.278,31.7846,4.16,,ρ Gem
36377,112.3076,-43.3014,3.25,,σ Pup
36388,112.3278,-1.9053,5.6,,
36393,112.3352,28.1183,5.07,,64 Gem
36396,112.3421,-10.3267,5.75,,
36399,112.3568,-7.5512,5.86,,
36425,112.4491,12.0066,4.55,,6 CMi
36429,112.4532,27.9161,5.01,,b Gem
36431,112.4642,-23.0243,4.85,,
36439,112.4832,49.6725,5.35,,22 Lyn
36444,112.4988,-52.6512,5.87,,
36496,112.6288,-54.3994,5.95,,
36514,112.6775,-30.9623,4.65,,
36528,112.7196,68.4656,5.63,,
36547,112.7686,82.4115,4.92,,VZ Cam
36616,112.9517,17.086,5.45,,
36640,113.024,-8.8813,5.9,,
36641,113.0248,1.9145,5.24,,δ1 CMi
36721,113.2907,-24.7107,5.84,,
36723,113.2986,3.2904,5.59,,δ2 CMi
36732,113.3315,-19.4125,5.64,,
36760,113.402,15.8267,5.27,,68 Gem
36773,113.4498,-14.5239,4.82,,KQ Pup
36778,113.4627,-36.3384,5.42,,z Pup
36795,113.5133,-22.2961,4.44,,
36812,113.5662,3.3717,5.83,,δ3 CMi
36817,113.5776,-23.4737,5.06,,n Pup
36848,113.645,-27.0123,5.78,,
36850,113.6494,31.8883,1.58,Castor,α Gem
36896,113.7867,30.9609,5.34,,
36917,113.8454,-28.3693,4.65,,p Pup
36942,113.9155,-52.5338,4.93,,Q Car
36962,113.9806,26.8957,4.06,,υ Gem
36981,114.0162,-14.4928,5.66,,V0378 Pup
37023,114.1318,46.1803,5.66,,
37031,114.1446,5.8622,5.89,,
37036,114.171,-19.7023,5.69,,PT Pup
37043,114.183,-48.8302,5.69,,y2 Pup
37046,114.196,55.7551,5.93,,
37088,114.3195,-4.111,5.14,,25 Mon
37096,114.3421,-34.9685,4.53,,f Pup
37140,114.4744,48.7738,5.93,,
37173,114.5752,-25.3648,4.69,,m Pup
37174,114.5759,-48.6014,5.68,,y3 Pup
37204,114.6369,35.0486,5.58,,70 Gem
37223,114.6829,-36.4968,5.78,,e Pup
37229,114.7078,-26.8038,3.8,Markab,κ1 Pup
37265,114.7914,34.5843,4.89,Jishui,ο Gem
37279,114.8255,5.225,0.4,Procyon,α CMi
37297,114.8639,-38.308,4.84,,d1 Pup
37300,114.8691,17.6745,5.04,,f Gem
37322,114.9326,-38.1393,5.73,,d2 Pup
37329,114.9495,-38.2607,5.76,,d3 Pup
37345,114.9916,-37.5794,5.99,,d4 Pup
37364,115.0564,-19.6609,5.92,,
37369,115.0612,38.3445,5.77,,
37379,115.0967,-15.2639,4.98,,140 Pup
37391,115.127,87.0201,5.05,,OV Cep
37428,115.2438,23.0185,5.93,,
37441,115.3017,48.1315,5.58,,
37447,115.3118,-9.5511,3.94,,α Mon
37450,115.3159,-38.5335,5.41,,
37478,115.3965,3.6248,5.95,,
37504,115.4553,-72.6061,3.93,,ζ Vol
37508,115.466,13.4805,5.79,,
37521,115.5134,14.2085,5.55,,NZ Gem
37590,115.7006,-26.3513,5.64,,
37606,115.7379,-45.1731,5.04,,
37609,115.7517,58.7104,4.93,,24 Lyn
37623,115.7999,-36.0501,5.6,,
37629,115.828,28.8835,4.23,,σ Gem
37648,115.8849,-28.4109,4.63,,1 Pup
37664,115.9247,-40.9337,5.12,,
37677,115.952,-28.9548,3.94,,l Pup
37701,116.0174,50.4338,5.31,,
37704,116.0288,25.7842,5.3,,c Gem
37710,116.0404,-36.0625,5.8,,
37740,116.1119,24.398,3.57,,κ Gem
37751,116.1424,-24.6741,5.62,,V0390 Pup
37752,116.1424,-37.9429,5.89,,
37819,116.3137,-37.9686,3.62,,c Pup
37826,116.329,28.0262,1.16,Pollux,β Gem
37853,116.3959,-34.1724,5.36,,171 Pup
37891,116.487,-14.5638,5.03,,4 Pup
37901,116.5091,-6.7725,5.49,,
37908,116.531,18.51,4.89,,g Gem
37915,116.5439,-37.9337,5.87,,V0392 Pup
37921,116.5675,10.7683,5.25,,11 CMi
37946,116.6637,37.5174,5.15,,DU Lyn
37949,116.667,65.4557,5.93,,51 Cam
37995,116.8023,-22.5195,5.9,,
38010,116.8541,-38.5111,5.07,,
38016,116.8763,33.4157,5.14,,π Gem
38020,116.8813,-46.6085,5.22,,
38048,116.9863,-12.1927,5.48,,5 Pup
38070,117.0215,-25.9372,4.4,,ο Pup
38089,117.084,-47.0777,4.69,,Q Pup
38146,117.257,-24.9122,5.32,,188 Pup
38152,117.278,-56.4104,5.57,,
38159,117.3036,-46.8577,5.82,,QS Pup
38160,117.3038,-60.2837,5.78,,
38164,117.3096,-46.3732,4.1,,P Pup
38167,117.311,-35.2433,5.94,,V0397 Pup
38170,117.3236,-24.8598,3.34,Azmidi,ξ Pup
38200,117.3975,-33.2889,5.61,,
38210,117.4208,-66.196,5.78,,
38211,117.4217,-17.2284,5.17,,6 Pup
38253,117.5441,-9.1834,5.6,,
38267,117.5993,-50.5095,5.89,,
38373,117.925,1.7669,5.12,,ζ CMi
38375,117.9293,-21.1737,5.62,,
38382,117.9429,-13.898,5.16,,9 Pup
38414,118.0543,-40.5758,3.71,,a Pup
38423,118.0653,-34.7054,5.01,,212 Pup
38427,118.0787,-14.8462,5.69,,10 Pup
38438,118.1239,-54.3672,5.7,,V0372 Car
38455,118.161,-38.8628,4.49,,b Pup
38474,118.1994,-5.4283,5.76,,
38497,118.2646,-36.3638,5.44,,
38500,118.2651,-49.613,4.63,,
38518,118.3257,-48.1029,4.22,,J Pup
38538,118.3742,26.7658,4.97,,φ Gem
38593,118.5459,-35.8773,5.48,,
38639,118.6779,47.5646,5.47,,26 Lyn
38656,118.7222,-57.3028,5.62,,
38712,118.881,8.8628,5.86,,
38722,118.9162,19.884,5.38,,85 Gem
38783,119.0777,-60.5264,5.74,,
38827,119.1946,-52.9824,3.46,,χ Car
38835,119.2147,-22.8801,4.2,,j Pup
38846,119.2408,-43.5004,5.36,,
38848,119.2477,15.7903,5.8,,1 Cnc
38872,119.3268,-44.1099,5.08,,N Pup
38901,119.4171,-30.3346,4.76,,χ Pup
38908,119.4455,-60.3031,5.59,,
38917,119.4655,-45.5777,5.14,,O Pup
38957,119.5602,-49.2449,4.47,,V Pup
38962,119.5861,2.2248,5.3,,14 CMi
38994,119.7106,-60.8245,5.77,,V0374 Car
39014,119.7575,-45.2158,5.98,,
39023,119.7738,-23.3104,5.09,,12 Pup
39061,119.8682,-39.2969,5.22,,
39070,119.9064,-60.5871,5.19,,V0460 Car
39079,119.934,-3.6796,4.93,,27 Mon
39095,119.9669,-18.3992,4.61,,
39117,120.0489,73.9179,5.37,,
39138,120.0832,-63.5675,4.81,,D Car
39177,120.1971,17.3087,5.6,,3 Cnc
39184,120.2081,-54.1513,5.87,,
39191,120.2328,25.3928,5.87,,ω Cnc
39211,120.3056,-1.3926,4.69,,28 Mon
39213,120.3079,4.8798,5.65,,
39221,120.3366,59.0474,5.78,,
39236,120.3762,16.4553,5.99,,5 Cnc
39251,120.4064,-37.2837,5.9,,
39311,120.5664,2.3346,4.39,,G CMi
39360,120.6866,-41.3098,5.52,,V0336 Pup
39380,120.7673,-32.4635,5.83,,
39424,120.8795,27.7943,4.94,,χ Gem
39429,120.896,-40.0031,2.21,Naos,ζ Pup
39487,121.0675,-32.6748,5.25,,MZ Pup
39527,121.1767,-50.5904,5.96,,
39538,121.1961,79.4796,5.39,,
39566,121.2655,-53.1079,5.52,,
39567,121.2687,13.1182,5.14,,8 Cnc
39659,121.5766,22.6355,5.96,,9 Cnc
39690,121.6681,-45.266,5.04,,
39734,121.8252,-20.5543,5.33,,
39757,121.886,-24.3043,2.83,Tureis,ρ Pup
39780,121.9411,21.5818,5.3,,μ Cnc
39794,121.9825,-68.6171,4.35,,ε Vol
39847,122.1144,51.5067,4.78,,27 Lyn
39863,122.1485,-2.9838,4.36,,ζ Mon
39903,122.2528,-61.3024,4.74,,B Car
39906,122.2568,-19.245,4.4,,16 Pup
39919,122.2896,-48.6844,5.66,,NN Vel
39943,122.3689,-16.2489,5.66,,
39953,122.3831,-47.3366,1.75,Regor,γ2 Vel
39957,122.3901,-56.0854,5.66,,
39961,122.3996,-44.1228,5.2,,
39970,122.4298,-47.9372,5.23,,IS Vel
39995,122.5157,58.2482,5.91,,
40023,122.6133,25.5073,5.73,,ψ Cnc
40035,122.6659,-13.7992,5.53,,18 Pup
40077,122.795,-48.462,5.83,,
40084,122.8179,-12.927,4.72,,19 Pup
40091,122.8396,-39.6185,4.44,,h1 Pup
40096,122.8579,-42.9873,4.73,,
40107,122.8875,-7.7725,5.36,,
40155,122.9999,-46.6444,5.77,,AH Vel
40167,123.053,17.6478,4.67,Tegmine,ζ1 Cnc
40183,123.1283,-46.2643,6,,
40215,123.2033,68.4741,5.34,,55 Cam
40240,123.2869,29.6565,5.62,,15 Cnc
40259,123.3332,-15.7882,4.99,,20 Pup
40274,123.373,-35.8995,4.78,,r Pup
40282,123.3927,-50.1961,5.52,,16 Vel
40285,123.4006,-46.9916,5.14,,NO Vel
40305,123.4591,56.4522,5.88,,
40321,123.493,-36.3223,5.09,,OS Pup
40326,123.5122,-40.3479,4.42,,h2 Pup
40344,123.5552,-35.49,5.77,,
40357,123.5995,-45.8345,5.86,,
40429,123.8163,-62.9156,5.16,,C Car
40526,124.1288,9.1855,3.53,Tarf,β Cnc
40646,124.4601,59.5711,5.63,,29 Lyn
40678,124.5725,-35.4517,5.59,,
40680,124.5784,-65.6132,5.06,,
40693,124.5998,-12.6322,5.95,,
40702,124.6315,-76.9197,4.05,,α Cha
40706,124.6388,-36.6593,4.44,,q Pup
40772,124.8215,62.5072,5.73,,57 Cam
40793,124.8845,75.7569,5.55,,
40817,124.954,-71.5149,5.33,,κ1 Vol
40834,125.0022,-71.5054,5.63,,κ2 Vol
40843,125.0161,27.2177,5.13,,χ Cnc
40866,125.0874,20.7477,5.8,,
40875,125.1086,57.7433,5.89,,30 Lyn
40881,125.1339,24.0223,5.92,Piautos,λ Cnc
40888,125.1606,-77.4845,4.34,,θ Cha
40889,125.168,72.4072,6,,
40932,125.3004,-57.9732,5.96,,
40943,125.3377,-36.4842,5.18,,
40944,125.3384,-20.0791,5.58,,
40945,125.3459,-33.0544,4.83,,w Pup
40990,125.4775,-17.5863,5.71,,
41003,125.5186,-73.4,5.28,,η Vol
41037,125.6285,-59.5095,1.86,Avior,ε Car
41039,125.6321,-48.4904,4.79,,B Vel
41074,125.7081,-26.3482,5.88,,
41075,125.7088,43.1881,4.25,Alsciaukat,31 Lyn
41080,125.7254,-7.5431,5.92,,
41081,125.7298,-52.1237,5.89,,
41117,125.841,18.3322,5.94,,d1 Cnc
41152,125.9521,53.2197,5.52,,
41191,126.0826,-80.9142,5.67,,
41211,126.1459,-3.7512,5.61,,1 Hya
41242,126.2299,-23.1537,5.67,,
41250,126.2384,-42.7698,5.97,,V0438 Pup
41260,126.2656,-24.0462,5.32,,
41296,126.3805,-51.7274,5.18,,
41299,126.3981,2.1022,5.74,,
41307,126.4151,-3.9064,3.91,,C Hya
41312,126.4341,-66.1369,3.77,,β Vol
41321,126.465,-64.6006,5.95,,
41323,126.4663,-42.1531,5.45,,
41325,126.4782,7.5645,5.13,,
41328,126.4816,-14.9297,5.96,,
41375,126.6134,-3.9875,5.6,,2 Hya
41377,126.6154,27.8936,5.58,,φ1 Cnc
41395,126.6748,-12.5346,5.52,,
41400,126.6831,12.6546,5.56,,27 Cnc
41451,126.8198,-70.0935,5.51,,
41483,126.9024,-53.0885,5.08,,F Vel
41515,126.9976,-35.1138,5.75,,XY Pyx
41578,127.1556,14.2108,5.94,,29 Cnc
41616,127.2698,-47.9289,5.33,,A Vel
41621,127.2815,-44.1604,5.82,,
41639,127.3645,-44.7248,5.03,,
41674,127.4401,-46.3317,5.98,,
41676,127.4425,67.2974,5.89,,
41704,127.5661,60.7182,3.35,Muscida,ο UMa
41723,127.6192,-32.1593,5.61,,
41816,127.8772,24.0811,5.71,,υ1 Cnc
41817,127.8788,-19.5775,5.42,,
41822,127.8989,18.0944,5.33,,θ Cnc
41861,128.0207,-53.2119,5.68,,
41909,128.1771,20.4412,5.33,,η Cnc
41935,128.2291,38.0164,5.88,,
42001,128.4101,-38.8488,5.92,,
42008,128.4312,4.757,5.89,,
42028,128.5067,-2.1516,5.8,,
42080,128.6505,65.1452,5.47,,A UMa
42088,128.6817,-49.9442,5.01,,C Vel
42090,128.6829,36.4196,5.76,,33 Lyn
42129,128.8148,-58.2247,5.27,,e1 Car
42134,128.8321,-58.0092,4.84,,e2 Car
42146,128.8675,-7.9823,5.72,,3 Hya
42147,128.8696,-26.8435,5.95,,
42172,128.9624,6.6202,5.91,,
42177,128.9668,-50.9697,5.79,,E Vel
42265,129.274,9.6556,5.92,,c Cnc
42286,129.3285,-62.8535,5.45,,
42312,129.411,-42.9891,4.11,,e Vel
42313,129.414,5.7038,4.14,Minazal,δ Hya
42334,129.4673,-26.255,5.24,,η Pyx
42365,129.5791,32.802,5.96,,
42372,129.5924,53.4015,5.66,,
42402,129.6893,3.3414,4.45,Minchir,σ Hya
42425,129.7715,-70.3867,5.19,,θ Vol
42430,129.7829,-22.6619,5.05,,
42438,129.7988,65.0209,5.63,Muscida,π1 UMa
42452,129.8234,52.7116,5.91,,
42459,129.8493,-53.4398,5.45,,HW Vel
42483,129.927,-29.5611,4.86,,ζ Pyx
42504,129.99,-53.0547,5.18,,NZ Vel
42509,130.0061,-12.4754,4.98,,a Hya
42515,130.0256,-35.3084,3.97,,β Pyx
42527,130.0534,64.3279,4.59,Museida,π2 UMa
42535,130.0728,-53.0154,5.56,,
42536,130.0733,-52.9219,3.6,,ο Vel
42540,130.0799,-40.2639,5.2,,NY Vel
42564,130.1469,-45.1911,5.67,,
42568,130.1543,-59.761,4.31,,d Car
42570,130.1565,-46.6487,3.77,,b Vel
42604,130.2545,45.834,5.35,,34 Lyn
42614,130.2722,-48.9227,5.9,,
42624,130.3047,-47.3171,4.74,,n Vel
42637,130.3313,-78.9634,5.46,,η Cha
42662,130.4306,-15.9434,4.87,,9 Hya
42679,130.4871,-45.4107,5.2,,LN Vel
42712,130.5675,-48.0991,5.48,,HX Vel
42715,130.5791,-53.1001,5.49,,KT Vel
42726,130.6058,-53.114,4.83,,HY Vel
42795,130.8014,12.6809,5.62,,A1 Cnc
42799,130.8061,3.3987,4.3,,η Hya
42806,130.8214,21.4685,4.66,Asellus Borealis,γ Cnc
42828,130.8981,-33.1864,3.68,,α Pyx
42834,130.9178,-49.8228,5.15,,D Vel
42835,130.9182,-7.2337,4.63,,F Hya
42884,131.0998,-42.6493,4.05,,d Vel
42911,131.1712,18.1543,3.94,Asellus Australis,δ Cnc
42913,131.1759,-54.7088,1.93,Alsephina,δ Vel
42917,131.1877,10.0817,5.63,,b Cnc
42923,131.2164,-37.1472,5.74,,
43012,131.4798,-79.5044,5.79,,
43023,131.5069,-46.0415,3.87,,a Vel
43026,131.5103,-2.0487,5.7,,
43067,131.5939,-13.5477,4.32,,D Hya
43082,131.6273,-45.9125,5.43,,OP Vel
43103,131.6743,28.7599,4.03,Zubanah,ι Cnc
43105,131.6773,-56.7698,4.5,,f Car
43109,131.6938,6.4188,3.38,Ashlesha,ε Hya
43121,131.7334,12.11,5.89,,A2 Cnc
43142,131.8124,-1.897,5.28,,
43148,131.8285,-46.1554,5.71,,
43234,132.1082,5.8378,4.35,,ρ Hya
43305,132.3405,-3.443,5.3,,14 Hya
43325,132.4132,-40.3202,5.47,,h Vel
43347,132.4485,-45.3079,4.94,,g Vel
43352,132.4646,-32.7805,5.19,,
43370,132.5093,-29.463,5.86,,
43392,132.5876,-42.0898,6,,
43409,132.633,-27.7098,4.02,,γ Pyx
43413,132.6394,-46.5292,5.09,,f Vel
43414,132.6451,-66.793,5.34,,
43496,132.8934,-7.1772,5.55,,15 Hya
43499,132.9021,-57.6336,5.59,,
43531,132.9868,43.7266,5.15,,35 Lyn
43550,133.0418,42.0027,5.98,,
43553,133.049,45.3128,5.96,,
43584,133.1443,32.4742,5.67,,σ1 Cnc
43587,133.1492,28.3308,5.96,Copernicus,ρ1 Cnc
43589,133.1609,-48.3591,5.92,,
43603,133.2001,-38.7241,5.79,,
43644,133.344,61.9623,5.72,,b UMa
43669,133.4527,-60.3539,5.78,,
43671,133.4608,-47.5208,5.31,,
43721,133.5614,30.5791,5.4,,57 Cnc
43783,133.7618,-60.6446,3.84,,c Car
43797,133.7991,-54.9658,5.7,,
43798,133.8018,-18.2412,5.75,,
43813,133.8484,5.9456,3.11,,ζ Hya
43825,133.8815,-27.6819,4.87,,δ Pyx
43834,133.9153,27.9275,5.23,,ρ2 Cnc
43851,133.9815,11.626,5.44,,60 Cnc
43878,134.0803,-52.7235,4.68,,H Vel
43894,134.1271,40.2015,5.9,,
43899,134.1422,-16.7087,5.95,,
43903,134.156,64.6038,5.57,,6 UMa
43908,134.1708,-85.6632,5.43,,ζ Oct
43923,134.2081,45.6316,5.72,,
43932,134.2358,32.9104,5.44,,σ2 Cnc
43937,134.2434,-59.2293,4.93,,b1 Car
43970,134.3123,15.3228,5.22,,ο1 Cnc
44001,134.3967,15.5813,5.68,,ο2 Cnc
44024,134.4815,-48.5729,5.88,,
44066,134.6218,11.8577,4.26,Acubens,α Cnc
44075,134.6831,-16.1327,5.8,,
44093,134.7181,-47.2347,5.17,,FZ Vel
44127,134.8019,48.0418,3.12,Talitha,ι UMa
44143,134.8508,-59.0837,5.17,,b2 Car
44154,134.8861,32.4186,5.23,,σ3 Cnc
44191,135.0225,-41.2536,4.45,,w Vel
44248,135.1599,41.7829,3.96,,10 UMa
44256,135.1906,-60.9638,5.8,,
44283,135.2855,-68.6839,5.89,,
44299,135.3369,-41.8643,5.56,,IZ Vel
44307,135.3505,32.2523,5.89,,66 Cnc
44337,135.4357,-52.1887,5.23,,OY Vel
44356,135.4916,-0.4827,5.64,,
44382,135.6116,-66.3961,4,,α Vol
44390,135.6362,67.6296,4.74,,ρ UMa
44405,135.6844,24.4529,5.45,,ν Cnc
44406,135.6867,7.2983,5.85,,
44471,135.9064,47.1565,3.57,Alkaphrah,κ UMa
44504,136.0017,54.2839,5.74,,
44511,136.0387,-47.0977,3.75,,c Vel
44599,136.2867,-72.6027,4.47,,G Car
44613,136.3504,48.5303,5.48,,
44626,136.4099,-70.5385,4.66,,E Car
44659,136.4932,5.0923,4.99,,ω Hya
44700,136.6324,38.4522,4.56,,
44798,136.9367,10.6682,5.23,,κ Cnc
44816,136.999,-43.4326,2.23,Suhail,λ Vel
44818,137.0002,29.6542,5.42,,τ Cnc
44824,137.012,-25.8585,4.62,,κ Pyx
44857,137.0979,66.8732,5.15,,σ1 UMa
44883,137.1757,-8.5895,5.6,,19 Hya
44892,137.1972,26.6291,5.95,,75 Cnc
44897,137.2128,33.8822,5.95,,
44901,137.2177,51.6046,4.46,Alhaud,f UMa
44923,137.2675,-18.3285,5.73,,
44936,137.298,-12.3577,5.76,,
44946,137.3397,22.0454,5.16,Nahn,ξ Cnc
44961,137.3982,-8.7876,5.47,,20 Hya
45001,137.485,-30.3654,5.59,,ε Pyx
45038,137.5981,67.134,4.8,,σ2 UMa
45075,137.7294,63.5136,4.67,,τ UMa
45080,137.742,-58.9669,3.43,,a Car
45085,137.7683,-44.8679,4.99,,GX Vel
45101,137.8197,-62.317,3.96,,i Car
45122,137.8891,-46.5839,5.78,,
45158,137.9947,-19.7476,5.72,,
45189,138.1272,-43.6133,5.56,,KL Vel
45219,138.2318,-59.4139,5.54,,
45238,138.2999,-69.7172,1.67,Miaplacidus,β Car
45270,138.3936,-47.3384,5.92,,
45290,138.4509,43.2178,5.3,,36 Lyn
45314,138.5342,-44.1458,5.85,,
45328,138.575,-55.5696,5.26,,
45333,138.5856,61.4233,5.18,,c UMa
45336,138.5911,2.3143,3.89,,θ Hya
45344,138.602,-43.2275,5.24,,z Vel
45386,138.7382,-37.6024,5.85,,k1 Vel
45410,138.8077,14.9415,5.36,,π Cnc
45412,138.8094,34.6335,5.98,,
45439,138.903,-38.5699,4.92,,l Vel
45448,138.9378,-37.4131,4.63,Markeb,k Vel
45455,138.9574,56.7414,5.28,,17 UMa
45461,138.9691,72.9463,5.93,,
45493,139.0472,54.0219,4.8,,e UMa
45496,139.0503,-57.5415,4.34,,g Car
45505,139.096,-44.2657,5.12,,
45526,139.1724,-8.7448,5.49,,24 Hya
45527,139.1739,-6.3531,5.24,,23 Hya
45544,139.2378,-39.4015,5.31,,
45556,139.2725,-59.2752,2.21,Aspidiske,ι Car
45559,139.2822,-14.5741,5.83,,
45571,139.3218,-68.6896,5.38,,
45581,139.3549,-74.8943,5.28,,
45585,139.3649,-74.7346,5.86,,
45590,139.3799,46.8172,5.96,,
45631,139.5245,-51.0509,5.26,,K Vel
45661,139.608,35.3641,5.94,,
45675,139.6765,-51.5607,5.83,,LR Vel
45688,139.711,36.8026,3.82,,38 Lyn
45743,139.8881,-15.8347,5.79,,
45751,139.9433,-11.9749,4.77,,26 Hya
45811,140.1209,-9.5557,4.8,,P Hya
45856,140.2367,-62.4046,4.79,,k Car
45860,140.2638,34.3926,3.14,,α Lyn
45902,140.3733,-25.9654,4.71,,θ Pyx
45915,140.4304,56.6992,5.79,,CG UMa
45920,140.4585,-55.5147,5.61,,
45924,140.4624,-42.1949,5.56,,
45941,140.5284,-55.0107,2.47,Markeb,κ Vel
45962,140.6,-46.0474,5.74,,
46026,140.801,-28.8339,4.71,,λ Pyx
46101,141.0229,-61.6489,5.99,,
46107,141.0384,-80.7869,5.34,,ι Cha
46146,141.1636,26.1823,4.47,Al Minlear al Asad,κ Leo
46221,141.3501,-5.1174,5.6,,28 Hya
46225,141.3635,-61.9505,5.77,,
46283,141.5748,-53.3789,5.09,,I Vel
46358,141.7763,-71.6019,5.46,,
46371,141.8267,-22.3438,4.72,,G Hya
46390,141.8968,-8.6586,1.99,Alphard,α Hya
46404,141.9449,-6.0712,5.38,,
46454,142.1142,9.0568,5.4,,ω Leo
46457,142.1216,8.1883,5.72,,3 Leo
46460,142.1273,-66.7019,5.9,,
46471,142.1666,45.6015,5.4,Intercrus,41 Lyn
46482,142.1963,-62.2731,5.91,,
46509,142.2871,-2.769,4.59,Ukdah,τ1 Hya
46511,142.3027,-20.7491,5.66,,
46515,142.3113,-35.9513,4.51,,ε Ant
46578,142.4771,-26.5896,5.49,,
46594,142.5213,-51.5172,5.45,,
46618,142.5937,-15.5774,5.86,,
46620,142.5976,-58.3618,5.88,,V0482 Car
46651,142.675,-40.4668,3.6,,ψ Vel
46652,142.6801,33.6557,5.87,,7 LMi
46657,142.6921,-31.8892,5.75,,ζ1 Ant
46701,142.8055,-57.0344,3.16,,N Vel
46733,142.8821,63.0619,3.65,,h UMa
46734,142.884,-31.8718,5.91,,ζ2 Ant
46735,142.885,35.1033,5.39,,8 LMi
46736,142.8877,-35.7148,5.86,,
46741,142.9011,-73.0809,5.46,,H Car
46750,142.9301,22.968,4.32,Alterf,λ Leo
46771,142.9864,11.2998,4.99,,ξ Leo
46774,142.9899,9.7158,5.07,,h Leo
46776,142.9955,-1.1847,4.54,,τ2 Hya
46811,143.0803,-40.6493,5.35,,
46813,143.085,-19.4003,5.74,,
46853,143.2143,51.6773,3.17,,θ UMa
46859,143.2324,-13.5168,5.95,,
46880,143.3019,-21.1157,5.02,,
46897,143.3585,-22.8639,5.92,,
46914,143.4356,-49.0051,5.12,,
46928,143.4724,-80.9413,5.07,,ζ Cha
46950,143.5366,-51.2553,5.01,,L Vel
46952,143.5558,36.3976,4.54,,10 LMi
46974,143.611,-59.2298,4.08,,h Car
46977,143.6202,69.8303,4.54,,d UMa
46982,143.636,-5.9149,5.56,,A Hya
47006,143.706,52.0515,4.47,,26 UMa
47013,143.723,72.2057,5.77,,22 UMa
47029,143.766,39.6215,4.81,,
47080,143.9146,35.8101,5.4,,11 LMi
47168,144.1786,31.1617,5.57,,
47175,144.2064,-49.355,4.34,,M Vel
47187,144.2509,-25.2968,5.68,,
47189,144.2608,16.438,5.73,,8 Leo
47193,144.272,81.3264,4.28,,
47199,144.2912,-32.1786,5.62,,
47204,144.3027,-53.6685,5.44,,
47205,144.3028,6.8358,5,,10 Leo
47224,144.3683,-36.096,5.96,,
47267,144.5061,-43.1909,5.51,,y Vel
47300,144.5907,40.2398,5.28,,42 Lyn
47310,144.6137,4.6493,4.68,,2 Sex
47391,144.8375,-61.3281,4.51,,m Car
47401,144.8661,67.2722,5.96,,
47431,144.964,-1.1428,3.9,Ukdah,ι Hya
47452,145.0765,-14.3323,5.07,Al Sharasif,κ Hya
47479,145.1773,-57.9836,5.3,,
47498,145.2591,-57.2595,5.8,,
47508,145.2876,9.8923,3.52,Subra,ο Leo
47522,145.3209,-23.5915,4.76,,I Hya
47544,145.3963,31.2778,5.9,,
47559,145.4497,-55.2138,5.99,,
47570,145.5014,39.7579,5.61,,43 Lyn
47592,145.5601,-23.9156,4.93,,
47594,145.5618,69.2375,5.72,,
47654,145.7383,72.2526,5.15,,27 UMa
47701,145.8886,29.9745,5.64,,f Leo
47717,145.926,-53.8913,5.56,,O Vel
47723,145.9329,14.0217,5.36,,ψ Leo
47758,146.0504,-27.7695,4.78,,θ Ant
47854,146.3117,-62.5079,3.69,,l Car
47908,146.4628,23.7743,2.97,Algenubi,ε Leo
47943,146.5419,6.7086,5.8,,
47956,146.586,-76.7761,5.43,,ν Cha
47959,146.5972,11.81,5.67,,18 Leo
47960,146.5984,1.7856,5.65,,
47963,146.6265,-44.7551,5.58,,
47965,146.6319,57.1281,5.09,,44 UMa
48002,146.7755,-65.072,2.92,,υ Car
48113,147.1474,46.021,5.08,,15 LMi
48191,147.367,-37.1868,5.95,,
48224,147.4881,-45.7327,5.09,,u Vel
48287,147.6747,-46.9339,5.72,,
48310,147.7316,-62.7451,5.56,,
48319,147.7473,59.0387,3.78,,υ UMa
48339,147.8003,-59.4258,5.79,,
48348,147.8322,-46.1939,5.62,,
48356,147.8696,-14.8466,4.11,Zhang,υ1 Hya
48374,147.9194,-46.5476,4.58,,m Vel
48390,147.971,24.3954,5.29,,g Leo
48402,148.0265,54.0643,4.55,,φ UMa
48437,148.1268,-8.105,5.07,,γ Sex
48455,148.1909,26.007,3.88,Rasalas,μ Leo
48519,148.4289,5.9586,5.9,,
48527,148.4587,-51.1467,5.95,,V0335 Vel
48559,148.5513,-25.9323,4.87,,
48561,148.5736,-45.2835,5.72,,
48613,148.7135,-50.244,5.71,,
48615,148.7175,-19.0094,4.94,Felis,
48682,148.9292,49.8198,5.27,,31 UMa
48734,149.1082,8.9332,5.85,,
48748,149.1479,-33.4185,5.83,,
48774,149.2156,-54.5678,3.52,,φ Vel
48802,149.3067,57.4182,5.97,,
48833,149.4211,41.0556,5.11,,19 LMi
48883,149.5557,12.4448,5.26,,ν Leo
48893,149.5949,72.8795,5.86,,
48926,149.7178,-35.891,5.23,,η Ant
48982,149.9009,29.6452,5.75,,
49005,149.9654,56.8118,5.5,,
49029,150.0534,8.0442,4.68,,π Leo
49065,150.1825,-82.2147,5.53,,μ Cha
49081,150.2527,31.9237,5.37,,20 LMi
49164,150.5004,-60.4209,5.93,,
49220,150.704,21.9493,5.68,,
49339,151.0873,-24.2855,5.7,,
49363,151.1513,53.8917,5.71,,
49402,151.2811,-13.0646,4.6,,υ2 Hya
49485,151.5467,-47.37,5.06,,
49569,151.7896,-17.1417,5.59,,
49583,151.8331,16.7627,3.48,Al Jabhah,η Leo
49593,151.8573,35.2447,4.49,,21 LMi
49637,151.9761,9.9975,4.39,,A Leo
49641,151.9845,-0.3716,4.48,,α Sex
49669,152.093,11.9672,1.36,Regulus,α Leo
49698,152.1781,-65.8154,5.26,,
49712,152.2343,-51.8113,4.85,,Q Vel
49764,152.3757,-68.6828,5.8,,
49809,152.5245,-12.8159,5.3,,
49812,152.5314,-8.4082,5.91,,17 Sex
49841,152.647,-12.3541,3.61,,λ Hya
49844,152.6572,-41.7152,5.98,,
49865,152.7328,-8.4185,5.64,,18 Sex
49893,152.8032,37.4019,5.86,,
49934,152.9436,-58.0605,5.7,,QY Car
50027,153.2015,4.6147,5.77,,19 Sex
50070,153.3452,-51.233,5.27,,LW Vel
50078,153.3666,-51.7558,5.78,,
50083,153.3776,-66.3728,5.15,,M Car
50099,153.4342,-70.0379,3.29,,ω Car
50103,153.4413,-40.3461,5.91,,
50191,153.684,-42.1219,3.85,,q Vel
50241,153.8815,-43.1124,5.59,,
50303,154.0601,29.3105,5.49,,23 LMi
50319,154.1345,23.5031,5.95,,35 Leo
50333,154.1697,13.7283,5.42,,37 Leo
50335,154.1726,23.4173,3.43,Adhafera,ζ Leo
50336,154.174,25.3707,5.84,,
50371,154.2707,-61.3323,3.39,,q Car
50372,154.2741,42.9144,3.45,Tania Borealis,λ UMa
50384,154.3106,23.1062,5.81,,39 Leo
50414,154.4075,-8.0689,5.25,,ε Sex
50448,154.5084,65.1084,5.74,,32 UMa
50456,154.5316,-28.992,5.52,,AG Ant
50480,154.6177,-41.6685,5.97,,
50493,154.658,-56.1104,5.8,,
50520,154.7711,-64.6763,5.66,,
50546,154.8616,48.3968,6,,
50555,154.9031,-55.0293,4.59,,GZ Vel
50564,154.934,19.4709,4.78,,40 Leo
50583,154.9931,19.8415,2.01,Algieba,γ1 Leo
50609,155.0696,-47.6991,5.66,,
50676,155.2283,-56.0432,4.5,,J Vel
50685,155.2639,68.7477,5.88,,EN UMa
50786,155.544,41.2295,5.73,,
50799,155.5816,-41.65,4.82,,r Vel
50801,155.5823,41.4995,3.06,Tania Australis,μ UMa
50847,155.7423,-66.9015,4.97,,L Car
50860,155.7764,33.9081,5.89,,27 LMi
50885,155.8603,-4.074,5.93,,25 Sex
50888,155.8721,-38.0098,5.34,,
50933,156.0327,65.5664,4.94,,ET UMa
50935,156.0358,33.7185,5.52,,28 LMi
50954,156.0988,-74.0316,3.99,,I Car
50993,156.2476,-58.5763,5.93,,
51008,156.3133,8.7848,5.61,,44 Leo
51046,156.4345,-7.0598,5.6,,
51056,156.4784,33.7961,4.72,,30 LMi
51069,156.5226,-16.8363,3.83,,μ Hya
51140,156.7038,-54.8773,5.58,,
51172,156.7879,-31.0678,4.28,,α Ant
51192,156.852,-57.6388,4.65,,P Car
51194,156.8553,-65.7047,6,,
51200,156.8668,41.601,6,,
51232,156.9697,-58.7394,3.81,,s Car
51233,156.9708,36.7072,4.2,,β LMi
51313,157.2191,-64.1723,5.27,,
51362,157.3696,-2.7391,5.19,,δ Sex
51364,157.3707,-29.6638,5.58,,
51376,157.3974,-30.6071,5.57,,δ Ant
51384,157.4228,84.252,5.52,,
51420,157.5269,38.9251,5.79,,32 LMi
51437,157.5728,-0.637,5.08,,β Sex
51438,157.5839,-71.9928,4.72,,K Car
51459,157.6566,55.9805,4.82,,36 UMa
51491,157.7493,-13.5885,5.59,,
51495,157.7586,-73.2215,4.94,,
51502,157.7694,82.5586,5.25,,
51523,157.8409,-53.7155,4.89,,
51556,157.9641,32.3796,5.9,,33 LMi
51561,157.9893,-45.0667,5.76,,s Vel
51576,158.0061,-61.6853,3.3,,p Car
51585,158.0491,14.1373,5.43,,46 Leo
51610,158.14,-44.6185,5.91,,
51623,158.1992,-58.6667,5.98,,
51624,158.2028,9.3066,3.84,,ρ Leo
51635,158.2369,-47.0034,5.02,,t Vel
51658,158.3079,40.4256,4.72,,
51685,158.3788,34.9887,5.57,,34 LMi
51718,158.5037,-23.7452,5.08,,44 Hya
51775,158.7001,6.9537,5.07,,48 Leo
51802,158.759,8.6504,5.67,,49 Leo
51808,158.7728,75.7129,4.86,,
51814,158.7904,57.0826,5.16,,37 UMa
51821,158.8035,-39.5626,5.5,,
51839,158.8671,-78.6078,4.11,,γ Cha
51849,158.8971,-57.5576,4.45,,r Car
51912,159.0855,-59.5644,5.08,,t1 Car
51933,159.1349,-12.2301,5.71,,
51979,159.3072,-27.4126,4.87,,
51986,159.3256,-48.2256,3.84,,p Vel
52004,159.3628,-58.7333,5.47,,V0370 Car
52009,159.3886,-13.3845,4.89,,U Hya
52043,159.511,-57.2563,5.89,,V0514 Car
52085,159.6456,-16.8766,4.91,,φ Hya
52098,159.6801,31.9762,4.68,,37 LMi
52102,159.6875,-59.183,4.69,,t2 Car
52127,159.7484,-58.8169,5.96,,
52136,159.7736,53.6683,5.55,,
52139,159.7818,37.91,5.84,,38 LMi
52154,159.8266,-55.6033,4.29,,x Vel
52221,160.0477,-65.1002,5.51,,V0364 Car
52338,160.4511,68.4435,5.74,,
52340,160.4647,-79.7833,5.97,,DR Cha
52353,160.4856,65.7163,5.12,,38 UMa
52370,160.5588,-64.4664,4.76,,V0518 Car
52405,160.669,-59.2158,5.36,,V0519 Car
52407,160.6799,-32.7157,5.63,,
52419,160.7392,-64.3945,2.74,,θ Car
52422,160.7578,26.3256,5.51,,40 LMi
52425,160.7668,69.0762,5.01,,
52452,160.8372,4.7477,5.77,,35 Sex
52457,160.854,23.1884,5.08,,41 LMi
52468,160.8845,-60.5666,4.58,,w Car
52469,160.887,46.2039,5.18,,
52478,160.9306,57.1992,5.79,,39 UMa
52487,160.9633,-64.249,5.74,,
52502,161.0288,-63.9611,4.8,,
52577,161.2668,67.4114,5.95,,VY UMa
52595,161.318,-80.4696,5.46,,δ1 Cha
52633,161.4458,-80.5402,4.45,,δ2 Cha
52638,161.4662,30.6823,5.36,,42 LMi
52678,161.569,-64.5146,5.33,,
52686,161.6023,18.8915,5.5,,m Leo
52689,161.6053,14.1946,5.49,,k Leo
52701,161.6233,-64.2632,5.23,,
52727,161.6924,-49.4203,2.69,,μ Vel
52736,161.7134,-64.3835,4.87,,
52737,161.7169,-17.2969,5.44,,b1 Hya
52742,161.7395,-56.7572,5.14,,
52827,162.0225,-59.9192,5.98,,V0522 Car
52841,162.0588,-31.6879,5.87,,
52863,162.169,-1.9589,5.92,,
52911,162.3143,10.5452,5.32,,l Leo
52922,162.3518,-59.3238,5.85,,
52943,162.4062,-16.1936,3.11,,ν Hya
52948,162.4312,-9.8527,5.85,,
52965,162.4876,-34.0582,5.61,,
52980,162.5752,-8.8978,5.8,,41 Sex
53035,162.7725,-3.0927,5.95,,
53043,162.7959,56.5823,5.66,,43 UMa
53064,162.8488,59.3201,5.57,,42 UMa
53154,163.1285,-57.2404,5.26,,V0524 Car
53229,163.3279,34.2149,3.79,Praecipua,46 LMi
53252,163.373,-20.1387,5.23,,b3 Hya
53253,163.3736,-58.8532,3.78,,u Car
53257,163.3779,69.8539,5.91,,
53261,163.3935,54.5851,5.12,,44 UMa
53272,163.4253,-70.7203,5.99,,
53273,163.4321,-2.1292,5.45,,p1 Leo
53295,163.4948,43.19,4.66,,ω UMa
53316,163.5741,-13.758,5.65,,
53334,163.6233,-61.8266,5.95,,
53377,163.7424,34.0348,5.73,,47 LMi
53394,163.8218,-60.517,5.93,,T Car
53417,163.9033,24.7497,4.3,,54 Leo
53423,163.9267,0.7369,5.91,,55 Leo
53426,163.9349,33.5069,5.02,,46 UMa
53449,164.0061,6.1854,5.91,,56 Leo
53502,164.1794,-37.1378,4.6,,ι Ant
53530,164.2827,-50.765,5.9,,IW Vel
53699,164.8073,-33.7376,5.7,,
53721,164.8666,40.4303,5.03,Chalawan,47 UMa
53723,164.8789,-16.3537,5.88,,
53726,164.8866,36.0931,5.99,,
53740,164.9436,-18.2988,4.08,Alkes,α Crt
53762,164.9974,-43.8071,5.81,,
53773,165.0386,-42.2259,4.37,,i Vel
53778,165.0487,-14.0834,5.86,,
53781,165.0613,45.5263,5.47,,
53807,165.1402,3.6175,4.84,,d Leo
53824,165.1867,6.1014,4.98,,c Leo
53838,165.2101,39.2121,5.06,,49 UMa
53907,165.457,-2.4846,4.73,,p2 Leo
53910,165.4603,56.3824,2.34,Merak,β UMa
53954,165.5824,20.1798,4.42,,b Leo
54029,165.812,-11.3035,5.51,,
54049,165.9025,-0.0008,5.95,,p3 Leo
54061,165.932,61.751,1.81,Dubhe,α UMa
54137,166.13,-47.6791,5.67,,
54173,166.2258,-35.8047,5.43,,
54182,166.2543,7.336,4.62,,χ Leo
54204,166.3329,-27.2936,4.92,,χ1 Hya
54255,166.4899,-27.2879,5.69,,χ2 Hya
54301,166.6351,-62.4241,4.62,,z Car
54327,166.7079,-70.8779,5.58,,
54336,166.7259,1.9555,5.52,,p4 Leo
54360,166.8195,-42.6387,5.15,,V0815 Cen
54461,167.1417,-61.9472,5.11,,z2 Car
54463,167.1475,-58.975,3.93,,x Car
54477,167.1833,-28.0807,5.43,,
54487,167.2045,24.6585,5.7,,67 Leo
54522,167.3295,36.3094,5.71,,CO UMa
54537,167.4104,43.2077,5.89,,
54539,167.4159,44.4985,3,,ψ UMa
54561,167.4725,-32.3675,5.79,,
54682,167.9145,-22.8258,4.46,Al Sharasif,β Crt
54746,168.1377,-49.101,5.37,,
54751,168.1501,-60.3176,4.59,,y Car
54767,168.1884,-64.1698,5.22,,
54811,168.3112,-44.3722,5.77,,
54829,168.3783,-59.6193,5.74,,
54840,168.4141,-53.2318,5.75,,
54849,168.4398,-0.0695,5.4,,p5 Leo
54863,168.5076,8.0607,5.79,,
54872,168.5271,20.5237,2.56,Zosma,δ Leo
54879,168.56,15.4296,3.33,Chertan,θ Leo
54951,168.801,23.0955,4.56,Zubrah,72 Leo
55016,168.9662,13.3076,5.31,,n Leo
55084,169.1654,-3.6516,4.45,,φ Leo
55086,169.1744,49.4763,5.88,,
55137,169.3225,2.0106,5.18,,75 Leo
55203,169.5468,31.5308,3.79,Alula Australis,ξ UMa
55219,169.6197,33.0943,3.49,Alula Borealis,ν UMa
55249,169.729,1.6504,5.9,,76 Leo
55266,169.7829,38.1856,4.76,,55 UMa
55280,169.8185,-64.5825,5.99,,
55282,169.8352,-14.7785,3.56,Labr,δ Crt
55425,170.2517,-54.491,3.9,,π Cen
55434,170.2841,6.0293,4.05,,σ Leo
55560,170.7066,43.4827,4.99,,56 UMa
55581,170.7839,-56.7794,5.82,,
55588,170.8028,-36.1648,5,,
55597,170.8392,-64.9547,5.09,,
55598,170.8412,-18.78,5.08,,λ Crt
55642,170.9811,10.5295,4,,ι Leo
55650,171.0097,1.4078,5.39,,79 Leo
55657,171.0464,-72.2566,5.55,,
55687,171.1525,-10.8593,4.81,,ε Crt
55705,171.2205,-17.684,4.06,,γ Crt
55716,171.2455,11.4303,5.8,,
55756,171.3727,-36.0631,5.21,,
55763,171.3879,-37.7476,5.87,,
55765,171.4016,16.4565,5.58,,81 Leo
55779,171.4298,-63.9725,5.18,,
55797,171.488,55.8505,5.73,,
55831,171.6476,-61.1152,5.22,,
55849,171.6969,-53.1599,5.8,,
55874,171.7897,-12.3567,5.93,,κ Crt
55945,171.9843,2.8563,4.95,,τ Leo
56000,172.1462,-42.6742,5.14,,
56034,172.2672,39.337,5.3,,57 UMa
56035,172.269,61.7784,5.83,,
56078,172.4109,-24.464,5.77,,
56080,172.4244,15.4133,5.74,,85 Leo
56127,172.5787,-3.0035,4.77,,e Leo
56146,172.621,18.4098,5.54,,86 Leo
56148,172.6297,43.1732,5.94,,58 UMa
56211,172.8509,69.3311,3.82,Giausar,λ Dra
56243,172.942,-59.4421,5.07,,ο1 Cen
56250,172.9533,-59.5156,5.12,,ο2 Cen
56280,173.0683,-29.261,4.93,,17 Crt
56287,173.0833,-66.9618,5.89,,
56290,173.0864,61.0825,5.46,,
56318,173.1981,-7.8275,5.94,,
56319,173.2003,-40.4362,5.64,,
56332,173.2255,-31.0872,5.13,,
56343,173.2505,-31.8576,3.54,,ξ Hya
56391,173.405,-40.5866,5.39,,
56445,173.5915,3.0602,5.76,,89 Leo
56452,173.6229,-32.8313,5.96,,
56473,173.677,16.7969,5.95,,90 Leo
56480,173.6902,-54.2641,4.62,,A Cen
56497,173.7369,-49.1365,5.5,,
56510,173.7704,54.7854,5.63,,
56518,173.8053,-47.3726,5.64,,C1 Cen
56561,173.9454,-63.0198,3.11,,λ Cen
56573,173.9816,-47.6416,5.26,,C2 Cen
56583,174.0117,69.323,5.19,,2 Dra
56601,174.0748,27.7814,5.8,,
56606,174.0932,-61.0524,5.84,,
56620,174.1456,-33.5701,5.71,,
56633,174.1705,-9.8022,4.7,,θ Crt
56647,174.2372,-0.8237,4.3,,υ Leo
56656,174.2522,-61.2834,5.14,,
56675,174.3151,-75.8965,5.64,,π Cha
56700,174.3916,-47.7473,5.46,,C3 Cen
56727,174.4516,-67.6204,5.94,,
56754,174.5304,-61.8266,5.15,,
56770,174.5857,43.6254,5.56,,59 UMa
56779,174.615,8.1343,5.24,,ω Vir
56802,174.6667,-13.2019,5.48,,ι Crt
56862,174.8733,-65.3978,5.01,,GT Mus
56922,175.0533,-34.7447,4.7,,ο Hya
56970,175.177,-53.9686,5.95,,V0914 Cen
56975,175.1961,21.3527,5.26,,92 Leo
56986,175.2235,-62.0901,4.93,,
56997,175.2626,34.2016,5.31,,61 UMa
57013,175.3325,-43.0957,5.54,,
57029,175.3927,31.7461,5.73,,62 UMa
57047,175.4331,-32.4994,5.2,,
57111,175.6182,66.7449,5.32,,3 Dra
57165,175.8633,-37.1902,5.98,,
57175,175.88,-62.4894,5,,V0810 Cen
57283,176.1907,-18.3507,4.71,,ζ Crt
57328,176.321,8.2581,4.84,,ξ Vir
57363,176.4017,-66.7288,3.63,,λ Mus
57371,176.4332,-45.6901,5.28,,
57380,176.4648,6.5294,4.04,,ν Vir
57399,176.5126,47.7794,3.69,Taiyangshou,χ UMa
57439,176.6284,-61.1784,4.11,,
57443,176.6295,-40.5004,4.89,,
57477,176.7318,55.6282,5.27,,
57512,176.8298,-57.6965,5.42,,V0918 Cen
57562,176.9788,8.2459,5.31,,A1 Vir
57565,176.9964,20.2189,4.5,,93 Leo
57581,177.0606,-66.8149,4.75,,μ Mus
57606,177.1613,14.2842,5.9,,
57613,177.1878,-26.7498,5.1,,II Hya
57632,177.2649,14.5721,2.14,Denebola,β Leo
57669,177.4211,-63.7885,4.3,,j Cen
57670,177.4238,34.9318,5.73,,
57696,177.4859,-70.2258,4.98,,
57741,177.6137,-62.6494,5.68,,
57757,177.6738,1.7647,3.59,Zavijava,β Vir
57791,177.7593,-5.3333,5.62,,
57803,177.7862,-45.1735,4.47,,B Cen
57841,177.9234,-30.8348,5.85,,
57851,177.9634,-65.2059,4.89,,
57870,178.0428,-56.9877,5.56,,
57936,178.2272,-33.9081,4.29,,β Hya
58001,178.4577,53.6948,2.41,Phecda,γ UMa
58082,178.6772,-25.7139,5.26,,
58103,178.75,-63.2792,5.89,,
58110,178.7631,8.4439,5.58,,A2 Vir
58158,178.9172,-28.4771,5.93,,
58159,178.9189,15.6468,5.53,,o Leo
58181,178.9934,56.5986,5.83,,66 UMa
58188,179.004,-17.1508,5.17,,η Crt
58326,179.4167,-62.4487,5.59,,
58379,179.5634,-56.3173,5.44,,
58427,179.6986,-64.3396,5.59,,
58460,179.8231,33.167,5.95,,
58484,179.9066,-78.2218,4.88,,ε Cha
58510,179.9871,3.6552,5.36,,b Vir
58576,180.1852,-10.446,5.54,,
58587,180.2132,-19.659,5.28,,31 Crv
58590,180.2183,6.6143,4.65,,π Vir
58654,180.4145,36.0421,5.59,,
58684,180.5283,43.0456,5.22,,67 UMa
58720,180.6571,-69.1923,5.89,,
58758,180.7563,-63.3129,4.32,,θ1 Cru
58803,180.9149,-42.4341,5.15,,
58858,181.0692,21.4592,5.89,,2 Com
58867,181.0801,-63.1657,4.72,,θ2 Cru
58884,181.162,-68.3289,5.34,,
58905,181.1936,-76.5191,5.04,,κ Cha
58921,181.2384,-60.9683,5.95,,
58948,181.3022,8.733,4.12,,ο Vir
58952,181.313,76.9057,5.78,Tonatiuh,
59050,181.5959,-65.7095,5.95,,
59072,181.7204,-64.6137,4.14,,η Cru
59151,181.9578,-75.367,5.17,,
59173,182.0218,-50.6613,4.46,,V0863 Cen
59184,182.0613,-48.6925,5.34,,E Cen
59196,182.0896,-50.7224,2.58,,δ Cen
59199,182.1034,-24.7289,4.02,Alchiba,α Crv
59229,182.2242,-44.326,5.75,,V0788 Cen
59232,182.2275,-41.2316,5.51,,V0817 Cen
59285,182.4221,1.8979,5.95,,10 Vir
59309,182.5142,5.807,5.72,,11 Vir
59316,182.5312,-22.6198,3.02,Minkar,ε Crv
59384,182.7499,81.7098,6,,
59394,182.766,-23.6024,5.45,,3 Crv
59449,182.913,-52.3685,3.97,,ρ Cen
59468,182.9632,25.8703,5.66,,4 Com
59501,183.0387,20.5421,5.6,,5 Com
59504,183.0498,77.6162,5.14,,CO Cam
59517,183.0916,-62.9508,5.91,,
59607,183.3543,-38.9292,5.77,,
59608,183.3581,10.2623,5.85,,12 Vir
59654,183.5112,-45.7239,5.31,,D Cen
59728,183.7483,-20.8442,5.82,,
59746,183.7854,70.2,5.72,,
59747,183.7863,-58.7489,2.79,Imai,δ Cru
59774,183.8565,57.0326,3.32,Megrez,δ UMa
59803,183.9515,-17.5419,2.58,Gienah,γ Crv
59819,184.0008,14.8991,5.09,,6 Com
59831,184.0315,40.6602,5.69,,2 CVn
59847,184.0856,23.9454,4.93,,7 Com
59856,184.1256,33.0615,4.99,,
59920,184.3733,53.1913,5.8,,
59923,184.3774,28.9372,5.71,,
59929,184.3928,-67.9607,4.06,,ε Mus
60000,184.5868,-79.3122,4.24,,β Cha
60009,184.6094,-64.0031,4.06,,ζ Cru
60030,184.668,-0.7872,5.9,,13 Vir
60044,184.7083,75.1606,5.47,,
60059,184.749,-55.143,5.01,,F Cen
60122,184.953,48.9841,5.28,,3 CVn
60129,184.9765,-0.6668,3.89,Zaniah,η Vir
60157,185.0449,-22.1757,5.94,,
60170,185.082,26.6195,5.52,,
60172,185.0874,3.3126,4.97,,c Vir
60189,185.1402,-22.2159,5.2,,ζ Crv
60202,185.1793,17.7929,4.72,,11 Com
60212,185.212,57.8641,5.54,,70 UMa
60221,185.2321,-13.5657,5.14,,
60260,185.34,-60.4011,3.59,Ginan,ε Cru
60308,185.4893,-56.3744,5.91,,
60320,185.5306,-67.5221,5.15,,ζ2 Mus
60329,185.5501,-68.3073,5.73,,ζ1 Mus
60351,185.6263,25.8462,4.78,,12 Com
60379,185.706,-57.6761,5.38,,
60425,185.8399,-24.8407,5.66,,6 Crv
60449,185.8976,-35.4127,5.32,,x1 Cen
60463,185.9364,-38.9114,5.79,,
60485,186.0062,51.5623,4.76,,5 CVn
60514,186.0772,26.0986,5.17,,13 Com
60584,186.2634,56.7778,5.82,,71 UMa
60595,186.299,-11.6106,5.95,,
60610,186.3406,-35.1864,5.71,,x2 Cen
60646,186.4622,39.0186,5.01,,6 CVn
60697,186.6003,27.2682,4.92,,14 Com
60710,186.6323,-51.4506,4.82,,G Cen
60718,186.6496,-63.0991,0.77,Acrux,α1 Cru
60735,186.7154,-32.8301,5.56,,
60742,186.7345,28.2684,4.35,Al Dafirah,γ Com
60746,186.7471,26.8257,4.98,,16 Com
60781,186.8702,-58.9918,5.38,,BL Cru
60795,186.8963,55.7127,5.68,,73 UMa
60823,187.0099,-50.2306,3.91,,σ Cen
60855,187.0936,-39.0412,5.45,,u Cen
60904,187.2279,25.9129,5.29,,17 Com
60941,187.3627,24.1089,5.47,,18 Com
60957,187.4302,20.8961,5.68,,20 Com
60965,187.4661,-16.5154,2.94,Algorab,δ Crv
60969,187.4758,-56.5249,5.78,,
60978,187.4889,58.4057,5.37,,74 UMa
60979,187.4912,-41.7359,6,,V0928 Cen
60998,187.5277,69.2011,5.01,,4 Dra
61015,187.5727,-23.6964,5.63,,
61071,187.7523,24.5672,5.47,Kissin,21 Com
61084,187.7915,-57.1132,1.59,Gacrux,γ Cru
61136,187.918,-59.4239,5.49,,35 Cru
61158,187.9838,-63.5058,5.96,,
61174,188.0176,-16.196,4.3,,η Crv
61181,188.0416,-73.0011,5.88,,
61199,188.1167,-72.133,3.84,,γ Mus
61212,188.15,-13.8591,5.74,,
61281,188.3706,69.7882,3.85,,κ Dra
61296,188.3927,-12.8302,5.58,,
61309,188.4122,33.2476,5.42,,
61317,188.4356,41.3575,4.24,Chara,β CVn
61318,188.4448,-9.4521,5.48,,q Vir
61359,188.5968,-23.3968,2.65,Kraz,β Crv
61379,188.6766,-44.673,5.76,,
61384,188.6834,70.0218,4.95,,6 Dra
61394,188.7128,22.6293,4.8,,23 Com
61418,188.7823,18.3771,5.03,,24 Com
61420,188.784,21.8814,5.86,,
61468,188.9397,-41.0219,5.12,,
61498,189.0043,-39.8695,5.78,,
61558,189.1973,-5.8319,5.88,,f Vir
61571,189.2431,17.0895,5.7,,25 Com
61585,189.2959,-69.1356,2.69,,α Mus
61621,189.4262,-27.1389,5.41,,
61622,189.4257,-48.5413,3.85,,τ Cen
61658,189.5934,1.8547,5.68,,FW Vir
61688,189.6859,-18.2501,6,,
61720,189.7644,-30.4224,5.86,,
61724,189.7805,21.0626,5.49,,26 Com
61740,189.8115,-7.9956,4.66,,χ Vir
61789,189.9689,-39.9873,4.63,,l Cen
61910,190.3165,-13.0139,5.17,,VV Crv
61916,190.3458,-46.1456,5.84,,
61932,190.3793,-48.9599,2.2,Muhlifain,γ Cen
61941,190.4152,-1.4494,2.74,Porrima,γ Vir
61960,190.4711,10.2356,4.88,,ρ Vir
61966,190.4857,-59.6858,4.91,,39 Cru
61968,190.488,6.8066,5.57,,d1 Vir
62012,190.6477,-48.8131,4.66,,w Cen
62027,190.7094,-63.0586,5.27,,BZ Cru
62058,190.7882,-56.1762,5.99,,
62103,190.9085,-1.577,5.91,,
62131,191.0022,-28.324,5.46,,
62207,191.2475,39.2789,5.95,,10 CVn
62223,191.2826,45.4403,5.42,La Superba,Y CVn
62267,191.4044,7.6733,5.22,,d2 Vir
62268,191.4085,-60.9813,4.69,,ι Cru
62322,191.57,-68.1081,3.04,,β Mus
62325,191.5939,9.5397,5.65,,33 Vir
62327,191.5946,-56.4888,4.62,,
62356,191.6615,16.5777,5.12,,27 Com
62360,191.6926,-33.3155,5.87,,
62402,191.829,62.7812,5.88,,
62423,191.8931,66.7903,5.43,Tianyi,7 Dra
62434,191.9303,-59.6888,1.25,Mimosa,β Cru
62500,192.1094,-27.5974,5.65,,
62512,192.1644,60.3198,5.83,,
62541,192.2259,14.1226,5.71,,29 Com
62561,192.2778,83.4178,5.92,,
62572,192.3069,83.4129,5.38,,
62576,192.3227,27.5524,5.76,,30 Com
62608,192.4374,-71.9863,5.55,,
62641,192.5448,37.5169,5.87,,DT CVn
62683,192.6715,-33.9993,4.9,,p Cen
62703,192.7412,-52.7874,5.7,,
62732,192.8249,-60.3298,5.71,,DS Cru
62763,192.9247,27.5407,4.93,Polaris Galacticus Borealis,31 Com
62786,192.9872,-39.6804,5.99,,
62861,193.2674,-54.9525,5.91,,
62867,193.2788,-48.9433,4.33,,e Cen
62886,193.3239,21.2449,4.89,,35 Com
62894,193.3412,-60.3285,5.75,,
62896,193.3592,-40.1789,4.25,,n Cen
62931,193.4538,-60.3762,5.89,,κ Cru
62956,193.5073,55.9598,1.76,Alioth,ε UMa
62983,193.5777,-11.6486,6,,
62985,193.5882,-9.539,4.77,,ψ Vir
63003,193.6484,-57.1779,4.03,,μ1 Cru
63005,193.6537,-57.1687,5.08,,μ2 Cru
63007,193.6633,-59.1467,4.62,,λ Cru
63024,193.7355,47.1967,5.75,,TU CVn
63031,193.745,-85.1234,5.45,,ι Oct
63033,193.7438,-44.152,5.89,,
63066,193.831,-42.9157,5.46,,
63076,193.869,65.4385,5.23,Taiyi,8 Dra
63090,193.9009,3.3975,3.39,Minelauva,δ Vir
63117,193.9881,-56.8358,5.34,,
63121,194.0019,38.3149,5.61,,α1 CVn
63125,194.0069,38.3184,2.89,Cor Caroli,α2 CVn
63143,194.0732,54.0995,5.84,,
63165,194.132,-72.1852,5.93,,
63210,194.2681,-51.1988,5.17,,H Cen
63340,194.6972,75.4725,6,,
63355,194.731,17.4094,4.76,,36 Com
63414,194.9147,-3.8119,5.79,,k Vir
63432,194.9795,66.5973,5.37,,9 Dra
63462,195.0686,30.785,4.88,,37 Com
63494,195.1498,-3.3685,5.99,,46 Vir
63503,195.1821,56.3663,4.93,,78 UMa
63533,195.2901,17.1231,5.97,,38 Com
63608,195.5442,10.9592,2.85,Vindemiatrix,ε Vir
63613,195.5678,-71.5489,3.61,,δ Mus
63688,195.7722,-71.4757,5.93,,
63724,195.8888,-49.5273,4.83,,ξ1 Cen
63738,195.9421,-20.5835,5.58,,
63901,196.4351,35.7989,5.2,,14 CVn
63916,196.4678,45.2685,5.64,,
63945,196.5696,-48.4633,4.71,,f Cen
63948,196.5885,21.1534,6,,39 Com
63950,196.5942,22.6162,5.53,,40 Com
63972,196.6462,-41.5884,5.59,,
64003,196.7261,-35.862,5.63,,
64004,196.7277,-49.9062,4.27,,ξ2 Cen
64022,196.7947,27.6247,4.8,,41 Com
64033,196.8512,-59.8605,5.98,,
64053,196.9095,-53.4598,5.7,,
64078,196.9742,-10.7404,5.15,,49 Vir
64094,197.0298,-65.306,5.44,,θ Mus
64122,197.1353,-8.9844,5.57,,g Vir
64166,197.2636,-23.1181,4.94,,ψ Hya
64179,197.3018,10.0225,5.79,,
64224,197.4387,-10.3293,5.95,,50 Vir
64226,197.4494,16.8486,5.91,,
64238,197.4875,-5.539,4.38,Apami-Atsa,θ Vir
64241,197.497,17.5294,4.32,Diadem,α Com
64246,197.5134,38.499,5.91,,17 CVn
64332,197.787,-42.2329,5.78,,
64348,197.8467,-43.3686,5.24,,
64390,197.9643,-69.942,5.92,,
64394,197.9683,27.8782,4.23,,β Com
64407,198.0148,-16.1986,5.04,,53 Vir
64408,198.0133,-37.803,4.85,,
64425,198.0733,-59.9206,4.58,,V0831 Cen
64445,198.1372,11.5561,5.76,,
64466,198.2033,-66.2267,5.91,,
64515,198.3473,-50.6998,5.9,,
64540,198.4289,40.1529,4.94,,
64577,198.5454,-19.9309,5.31,,55 Vir
64580,198.5504,-58.6839,5.91,,
64583,198.5631,-59.1032,4.9,,
64587,198.5722,-78.4475,5.84,,
64607,198.6303,11.3317,5.64,,LN Vir
64623,198.6803,-48.957,5.84,,
64661,198.8123,-67.8946,4.79,,η Mus
64692,198.8831,40.8552,5.77,,19 CVn
64725,198.9949,-19.9431,5.21,,57 Vir
64792,199.1938,9.4242,5.19,,e Vir
64803,199.2214,-31.5062,5.1,,r Cen
64820,199.3042,-66.7834,4.86,,
64822,199.308,-43.9795,5.82,,
64823,199.3151,13.6758,5.33,,
64844,199.3856,40.5726,4.72,,20 CVn
64852,199.4012,5.4699,4.78,,σ Vir
64906,199.5605,49.6821,5.14,,21 CVn
64924,199.6013,-18.3112,4.74,,61 Vir
64927,199.6155,34.0983,5.81,,
64962,199.7304,-23.1715,2.99,,γ Hya
65072,200.079,40.1505,5.6,,23 CVn
65109,200.1492,-36.7123,2.75,,ι Cen
65112,200.1576,-52.7478,5.47,,V0964 Cen
65129,200.2014,-55.8007,6,,
65144,200.2404,-46.88,5.76,,
65198,200.4235,2.0872,5.69,,
65241,200.5404,5.1548,5.89,,64 Vir
65247,200.5679,-52.183,5.81,,
65271,200.6581,-60.9884,4.52,,J Cen
65301,200.7546,-17.7353,5.36,,63 Vir
65323,200.8287,-4.9244,5.88,,65 Vir
65378,200.9814,54.9254,2.23,Mizar,ζ UMa
65387,201.002,-64.5357,4.52,,m Cen
65420,201.1385,-5.164,5.76,,66 Vir
65466,201.2778,23.8544,5.75,,
65468,201.2797,-74.8878,5.04,,ι1 Mus
65474,201.2982,-11.1613,0.98,Spica,α Vir
65477,201.3064,54.988,3.99,Alcor,g UMa
65479,201.308,-64.4851,5.32,,
65522,201.4596,-70.6272,5.65,,
65535,201.5324,-39.7551,5.11,,
65536,201.5336,72.3915,5.82,,
65545,201.5476,-1.1925,5.97,,
65550,201.5692,46.0281,5.88,,
65581,201.6799,-12.7077,5.27,,i Vir
65593,201.7338,-41.4976,5.69,,
65595,201.7367,78.6439,5.74,,
65639,201.8632,-15.9736,4.76,,69 Vir
65721,202.1075,13.7788,4.97,,70 Vir
65728,202.1129,59.9458,5.4,,
65790,202.3042,10.8183,5.65,,71 Vir
65810,202.3552,-51.1651,5.04,,K Cen
65936,202.7611,-39.4073,3.9,,d Cen
66006,202.9912,-6.2558,4.68,,l Vir
66065,203.1496,-28.6928,5.69,,
66091,203.2152,-15.363,5.52,,75 Vir
66098,203.242,-10.165,5.21,,h Vir
66198,203.5304,55.3484,5.6,,81 UMa
66200,203.533,3.659,4.92,,o Vir
66234,203.6136,49.016,4.68,,24 CVn
66247,203.6685,-13.2143,5.92,,y Vir
66249,203.6733,-0.5958,3.38,Heze,ζ Vir
66257,203.6992,37.1824,4.91,,BH CVn
66320,203.8804,-5.3962,5.7,,80 Vir
66400,204.2019,-26.4952,5.73,,
66417,204.2462,24.6133,5.72,,
66427,204.275,-44.1432,5.96,,
66435,204.2958,71.2423,5.5,,
66438,204.3016,-61.6919,5.63,,
66454,204.3478,-46.4279,5.91,,
66458,204.3651,36.2949,4.82,,25 CVn
66563,204.6753,-29.5609,5.81,,
66575,204.704,-57.6227,6,,
66634,204.8769,52.9212,5.46,,82 UMa
66640,204.8942,10.7463,5.57,,
66656,204.9523,-40.0517,5.61,,
66657,204.9719,-53.4664,2.29,,ε Cen
66666,204.9992,-49.95,5.74,,V0744 Cen
66681,205.0446,-64.5766,5.79,,
66727,205.1686,19.9557,5.73,,1 Boo
66738,205.1845,54.6816,4.63,,83 UMa
66753,205.2312,-85.786,5.56,,κ Oct
66763,205.2598,22.4958,5.63,,2 Boo
66798,205.3746,64.8224,5.85,,
66803,205.4032,-8.703,5.03,,m Vir
66821,205.4365,-54.5594,4.99,,Q Cen
66849,205.5045,-58.7871,5.38,,
66878,205.5962,82.7524,5.92,,
66903,205.6633,78.0644,5.91,,
66907,205.681,34.989,5.98,,
66924,205.7293,-41.401,5.96,,
66925,205.7338,-56.768,6,,
66936,205.7655,3.5379,5.35,,84 Vir
66984,205.917,-42.0675,5.96,,
67057,206.1243,-16.1791,5.55,,83 Vir
67143,206.4037,-26.116,5.81,,
67153,206.4219,-33.0437,4.23,,i Cen
67172,206.4847,-12.4265,5.5,,86 Vir
67194,206.5564,41.0887,5.88,,
67210,206.5794,38.5036,5.92,,
67231,206.6486,54.4327,5.68,,84 UMa
67234,206.6641,-51.4328,4.64,,M Cen
67239,206.6805,25.7022,5.97,,3 Boo
67244,206.7348,-36.2519,5.15,,z Cen
67250,206.7491,38.5427,5.51,,
67275,206.8156,17.4569,4.5,,τ Boo
67288,206.8558,-17.8598,5.41,,87 Vir
67292,206.8652,-50.2493,5.92,,
67301,206.8852,49.3133,1.85,Alkaid,η UMa
67304,206.9106,-50.3207,5.46,,
67384,207.1614,31.1902,5.61,,
67457,207.3613,-34.4508,4.19,,g Cen
67459,207.3693,15.7979,4.05,,υ Boo
67464,207.3762,-41.6877,3.41,,ν Cen
67472,207.4041,-42.4737,3.47,,μ Cen
67480,207.4285,21.2641,4.92,,e Boo
67485,207.4396,61.4893,5.97,,
67494,207.4678,-18.1342,4.96,,89 Vir
67545,207.6028,5.4972,6,,
67605,207.7884,34.6644,5.89,,
67627,207.8581,64.7233,4.58,,i Dra
67663,207.9467,-46.8987,5.77,,
67664,207.9476,-69.4013,5.73,,
67665,207.9478,34.4442,4.76,,AW CVn
67669,207.9567,-32.9941,4.32,,k Cen
67703,208.0203,-52.8115,5.26,,N Cen
67782,208.2928,28.6481,5.91,,
67786,208.3022,-31.9276,4.75,,h Cen
67787,208.3039,17.9329,5.71,,7 Boo
67819,208.3865,-35.6642,5.53,,y Cen
67836,208.4296,-53.3733,5.87,,
67848,208.4626,53.7287,5.7,,86 UMa
67861,208.4885,-47.1282,5.83,,V0767 Cen
67927,208.6712,18.3977,2.68,Muphrid,η Boo
67929,208.6756,-1.5031,5.16,,p Vir
67942,208.7046,-67.6521,5.74,,
67973,208.8006,-52.1608,5.66,,
68002,208.8849,-47.2884,2.55,Alnair,ζ Cen
68009,208.912,-82.6662,5.95,,
68079,209.0824,-46.5929,5.82,,
68092,209.1162,1.0506,5.9,,92 Vir
68101,209.1373,-54.7047,6,,
68103,209.1424,27.4921,5.02,,9 Boo
68191,209.412,-63.6867,4.71,,
68245,209.5678,-42.1008,3.83,,φ Cen
68269,209.6298,-24.9722,5.2,,47 Hya
68276,209.6622,21.6962,5.76,,10 Boo
68282,209.6698,-44.8036,3.87,,υ1 Cen
68333,209.8228,-50.3696,5.92,,
68390,210.0005,-25.0104,5.77,,48 Hya
68455,210.2185,-66.2689,5.96,,
68498,210.3351,8.8949,5.98,,
68520,210.4116,1.5445,4.23,,τ Vir
68523,210.4312,-45.6034,4.34,,υ2 Cen
68581,210.5949,-27.4298,5.47,,
68670,210.8604,-56.2134,5.93,,
68702,210.9559,-60.373,0.61,Hadar,β Cen
68756,211.0973,64.3759,3.67,Thuban,α Dra
68815,211.3328,-76.7968,5.69,,θ Aps
68862,211.5115,-41.1796,4.36,,χ Cen
68895,211.5929,-26.6824,3.25,,π Hya
68933,211.6706,-36.37,2.06,Menkent,θ Cen
68940,211.6784,-9.3135,5.46,,95 Vir
69038,211.9823,43.8545,5.13,,BY Boo
69068,212.0721,49.4582,5.26,,13 Boo
69112,212.2122,77.5475,4.8,,4 UMi
69174,212.396,-51.5047,5.96,,V0869 Cen
69191,212.4784,-53.4389,4.74,,
69226,212.5997,25.0917,4.82,,d Boo
69269,212.7104,-16.302,4.93,,ET Vir
69373,213.0167,69.4325,5.18,,
69389,213.0659,2.4094,4.99,,CU Vir
69415,213.1918,-27.2612,5.07,,50 Hya
69427,213.2239,-10.2737,4.18,Kang,κ Vir
69462,213.3184,-53.6657,5.53,,
69483,213.3709,51.79,4.53,Asellus Tertius,κ2 Boo
69493,213.42,-0.8455,5.89,,
69536,213.5216,12.9594,5.53,,14 Boo
69598,213.6778,-41.8375,5.61,,
69612,213.7119,10.1006,5.29,,15 Boo
69618,213.7381,-57.0861,5.03,,V0795 Cen
69658,213.8504,-18.2007,5.53,,
69673,213.9153,19.1824,-0.05,Arcturus,α Boo
69701,214.0036,-6.0005,4.07,Syrma,ι Vir
69713,214.0414,51.3672,4.75,Asellus Secundus,ι Boo
69732,214.0959,46.0883,4.18,Xuange,λ Boo
69763,214.1613,-66.5879,5.72,,
69829,214.3685,15.2634,5.84,,101 Boo
69879,214.4992,35.5095,4.8,,A Boo
69896,214.5579,-81.0078,4.89,,η Aps
69929,214.6594,-18.716,5.86,,CS Vir
69965,214.7537,-25.8154,5.87,,
69974,214.7775,-13.3711,4.52,Khambaliya,λ Vir
69989,214.8178,13.0043,5.41,,18 Boo
69995,214.8495,-37.0029,5.93,,
69996,214.8509,-46.0581,3.55,,ι Lup
70012,214.8853,-2.2655,5.14,,υ Vir
70027,214.9385,16.3069,4.84,,20 Boo
70035,214.9646,-61.273,5.22,,
70054,215.0404,-43.0588,5.55,,
70069,215.0814,-56.3865,4.3,,v Cen
70090,215.1393,-37.8853,4.05,,ψ Cen
70104,215.1774,-45.1871,4.78,,
70243,215.5822,-34.7868,5.57,,
70248,215.5965,-80.1089,5.06,,ε Aps
70264,215.6545,-58.4591,4.76,,
70300,215.7593,-39.5118,4.41,Bidelman's Helium Variable Star,a Cen
70306,215.7741,-27.754,4.78,,k Hya
70327,215.8446,8.4466,4.86,,
70363,215.9524,-53.1762,5.99,,
70384,216.0037,8.244,5.94,,
70400,216.0473,5.8201,5.1,,
70469,216.2026,-24.8063,5.34,,
70492,216.2764,-68.1953,5.56,,
70497,216.2992,51.8507,4.04,Asellus Primus,θ Boo
70574,216.5343,-45.2214,4.56,,τ1 Lup
70576,216.5451,-45.3793,4.33,,τ2 Lup
70602,216.614,19.2269,5.4,,f Boo
70638,216.7301,-83.6679,4.31,,δ Oct
70657,216.7795,-65.8216,5.87,,
70663,216.8007,-46.1343,5.83,,
70692,216.8814,75.696,4.25,,5 UMi
70753,217.0434,-29.4916,4.97,,l Hya
70755,217.0506,-2.228,4.81,Elgafar,φ Vir
70791,217.1576,49.8449,5.58,,g Boo
70794,217.1738,-6.9005,5.42,,106 Vir
70894,217.4605,0.8289,5.96,,
70915,217.536,-45.3214,5.51,,
70931,217.5873,-49.519,5.38,,
70987,217.7952,-38.8697,5.99,,
71002,217.8185,-67.7172,5.84,,
71053,217.9575,30.3714,3.57,,ρ Boo
71075,218.0195,38.3083,3.04,Seginus,γ Boo
71094,218.0843,26.6773,6,,
71111,218.1289,55.398,5.74,,
71115,218.1356,22.2601,5.91,,26 Boo
71121,218.1544,-50.4572,4.44,,σ Lup
71182,218.3749,-52.6795,5.86,,
71184,218.3849,-54.9986,5.86,,
71280,218.6651,49.3684,5.74,,CH Boo
71284,218.6701,29.7451,4.47,,σ Boo
71352,218.8768,-42.1578,2.33,,η Cen
71353,218.8812,-41.5174,5.88,,
71419,219.0793,-46.2455,5.55,,
71453,219.1839,-40.2116,5.74,,
71500,219.334,-46.1334,5.39,,a Lup
71536,219.4718,-49.4258,4.05,,ρ Lup
71568,219.5525,43.6421,5.74,,
71571,219.5583,18.2984,5.9,,
71573,219.5634,54.0233,5.83,,
71618,219.7093,44.4045,5.39,,33 Boo
71681,219.8962,-60.8372,1.35,Toliman,α2 Cen
71683,219.9021,-60.834,-0.01,Rigil Kentaurus,α1 Cen
71759,220.1766,13.5343,5.93,,
71762,220.1815,16.4183,4.49,,π1 Boo
71783,220.2558,-36.1349,5.67,,
71795,220.2873,13.7283,3.78,,ζ Boo
71832,220.4115,8.1618,4.86,,31 Boo
71837,220.4313,11.6607,5.55,,32 Boo
71860,220.4823,-47.3882,2.3,Men,α Lup
71865,220.49,-37.7935,4.01,,b Cen
71908,220.6267,-64.9751,3.18,,α Cir
71957,220.7651,-5.6582,3.87,Rijl al Awwa,μ Vir
71974,220.8065,-24.9978,5.7,,4 Lib
71995,220.8557,26.5279,4.8,,34 Boo
72010,220.9143,-35.1737,4.06,,c1 Cen
72012,220.9351,40.4593,5.72,,
72104,221.2467,-35.1918,4.92,,c2 Cen
72105,221.2467,27.0742,2.35,Izar,ε Boo
72125,221.3103,16.9643,4.6,,ο Boo
72131,221.3222,-62.8756,5.36,,
72154,221.3759,0.7173,5.68,,108 Vir
72197,221.5003,-25.4432,5.15,,m Hya
72208,221.5248,15.1318,5.78,,EK Boo
72210,221.5282,-23.153,5.8,,
72220,221.5622,1.8929,3.73,,109 Vir
72250,221.6208,-47.4411,5.74,,
72290,221.7554,-52.3835,5.22,,b Lup
72296,221.7712,-38.2906,5.9,,
72323,221.844,-25.6243,5.61,,55 Hya
72357,221.9367,-26.0875,5.23,,56 Hya
72370,221.9655,-79.0448,3.83,,α Aps
72378,221.9898,-26.6462,5.76,,57 Hya
72432,222.1585,-36.6347,5.89,,V0768 Cen
72438,222.1856,-66.5936,5.91,,CO Cir
72487,222.3278,46.1162,5.76,Merga,h Boo
72488,222.3281,-24.2515,5.68,,
72489,222.3294,-14.149,5.32,,μ Lib
72524,222.4221,48.7208,5.68,,39 Boo
72552,222.4933,28.6158,5.8,,
72567,222.5659,23.9118,5.86,,HP Boo
72571,222.5721,-27.9604,4.42,,E Hya
72573,222.5851,82.5119,5.63,,
72582,222.6235,37.272,5.47,,
72603,222.6716,-15.9972,5.15,Zubenelgenubi,α1 Lib
72607,222.6764,74.1555,2.07,Kochab,β UMi
72622,222.7196,-16.0418,2.75,Zubenelgenubi,α2 Lib
72631,222.7545,-2.2992,4.93,,11 Lib
72659,222.8474,19.1005,4.54,,ξ Boo
72664,222.8602,59.294,5.48,,
72683,222.9096,-43.5754,4.32,,ο Lup
72773,223.1469,-63.8098,5.91,,AX Cir
72800,223.2128,-37.8032,5.02,,V1019 Cen
72833,223.3066,-73.1901,5.59,,
72848,223.349,19.1528,6,,DE Boo
72929,223.5839,-24.6422,5.27,,12 Lib
72934,223.5953,-11.8983,5.78,,ξ1 Lib
72959,223.658,-33.3006,5.85,,
73036,223.894,-60.1142,5.18,,
73049,223.9363,-33.8558,5.32,,
73087,224.0551,14.4463,5.9,,
73095,224.0719,-52.8095,5.38,,c Lup
73100,224.096,49.6284,5.63,,
73111,224.1336,-47.8792,5.62,,
73129,224.1833,-62.781,5.08,,θ Cir
73133,224.1921,-11.4097,5.48,,ξ2 Lib
73165,224.2958,-4.3465,4.47,,16 Lib
73166,224.2987,16.3881,5.72,,
73184,224.3667,-21.4155,5.72,,KX Lib
73193,224.3885,-0.1676,5.51,,M Ser
73199,224.3959,65.9325,4.63,,RR UMi
73223,224.4708,-76.6627,5.37,,R Aps
73273,224.633,-43.134,2.68,KeKouan,β Lup
73284,224.6636,-27.6573,5.65,,59 Hya
73310,224.7233,-11.144,5.88,,18 Lib
73334,224.7904,-42.1042,3.13,Ke Kwan,κ Cen
73350,224.8463,4.5678,5.91,,
73369,224.9039,39.2653,5.64,,40 Boo
73415,225.0471,-77.1606,5.92,,
73473,225.2431,-8.5189,4.91,Zuben Elakribi,δ Lib
73493,225.3046,-38.0584,5.88,,
73497,225.3326,-2.7549,5.52,,
73507,225.3629,60.2045,5.91,,
73536,225.4538,-0.1403,5.71,,2 Ser
73540,225.4617,-83.2276,5.65,,π1 Oct
73555,225.4865,40.3906,3.49,Nekkar,β Boo
73566,225.5268,-28.0606,5.83,,60 Hya
73568,225.5271,25.0081,4.8,,ω Boo
73620,225.7252,2.0913,4.39,,110 Vir
73624,225.747,-32.6433,5.45,,
73634,225.7752,35.2058,5.52,,
73695,225.9471,47.6541,4.83,,i Boo
73714,226.0176,-25.282,3.25,Brachium,σ Lib
73745,226.1114,26.9476,4.52,Aulad Alnathlat,ψ Boo
73771,226.1955,-83.0383,5.65,,π2 Oct
73776,226.2008,-64.0314,5.16,,η Cir
73807,226.2795,-47.0512,3.91,,π Lup
73826,226.3299,-41.0672,5.13,,
73841,226.3576,48.151,5.59,,k Boo
73909,226.5697,54.5563,5.24,,
73937,226.6383,-30.9185,5.97,,HZ Lup
73945,226.6567,-16.2568,5.19,Zuben Hakrabi,ν Lib
73996,226.8253,24.8692,4.93,,c Boo
74006,226.8581,-49.0886,5.77,,
74066,227.0505,-40.5839,5.75,,HR Lup
74087,227.0991,26.3012,5.67,,b Boo
74096,227.1482,25.1086,5.82,,
74100,227.1633,-42.8679,5.85,,
74117,227.2109,-45.2799,4.07,,λ Lup
74184,227.3746,-67.0841,5.76,,
74224,227.5305,-38.7925,5.98,,
74239,227.5776,-26.3326,5.75,,
74296,227.7867,-84.7878,5.88,,ω Oct
74305,227.8166,-55.346,5.45,,
74376,227.9836,-48.7378,3.88,,κ1 Lup
74380,227.9903,-48.7437,5.7,,κ2 Lup
74386,228.0178,18.976,5.9,,FL Ser
74392,228.0554,-19.7917,4.54,,ι Lib
74395,228.0712,-52.0992,3.41,,ζ Lup
74449,228.2066,-44.5004,4.83,,e Lup
74539,228.4721,-26.1936,5.84,,
74561,228.5252,31.7878,5.98,,
74582,228.5799,-70.0795,5.75,,X TrA
74596,228.6215,29.1643,5.28,,χ Boo
74604,228.6555,-31.5191,4.91,,i Lup
74605,228.6597,67.3467,5.15,,
74649,228.7973,4.9394,5.32,,3 Ser
74666,228.8757,33.3148,3.46,Thiba,δ Boo
74689,228.9545,0.3721,5.62,,4 Ser
74696,228.9736,-48.0737,5.96,,
74707,229.0168,-41.4912,5.15,,
74732,229.0959,-22.3994,5.52,,
74750,229.1529,-60.904,5.74,,
74778,229.2371,-60.9573,5.04,,δ Cir
74785,229.2517,-9.3829,2.61,Zubeneschamali,β Lib
74793,229.2745,71.8239,5.02,Pherkad Minor,11 UMi
74824,229.3785,-58.8012,4.07,,β Cir
74837,229.412,-63.6105,4.85,,ε Cir
74857,229.4577,-30.1487,4.35,,f Lup
74896,229.6021,20.5728,5.68,,
74901,229.6089,-0.4612,5.88,,
74911,229.6334,-47.8753,4.27,,μ Lup
74941,229.7048,-60.4963,5.43,,
74946,229.7274,-68.6795,2.87,,γ TrA
74950,229.7349,-40.7882,5.59,,GG Lup
74975,229.8283,1.7654,5.04,,5 Ser
75043,230.0215,51.9585,5.65,,
75049,230.0357,29.6162,5.51,,ο CrB
75097,230.1821,71.834,3,Pherkad,γ UMi
75119,230.2583,0.7153,5.35,,6 Ser
75127,230.2817,-5.8249,5.54,,
75141,230.343,-40.6475,3.22,,δ Lup
75177,230.4515,-36.2614,3.57,,φ1 Lup
75178,230.4524,32.9337,5.38,,50 Boo
75181,230.4506,-48.3176,5.65,,ν2 Lup
75206,230.5345,-47.9278,4.99,,ν1 Lup
75256,230.6552,62.0471,5.99,,
75257,230.6557,39.5815,5.56,,
75260,230.6601,63.3414,5.72,,
75264,230.6703,-44.6896,3.37,,ε Lup
75304,230.789,-36.8585,4.54,,φ2 Lup
75308,230.7938,-60.6572,5.65,,
75312,230.8013,30.2878,4.99,,η CrB
75323,230.8444,-59.3208,4.48,,γ Cir
75352,230.9677,-12.3695,5.72,,
75379,231.0495,-10.3223,4.92,,ε Lib
75411,231.1226,37.3772,4.31,Alkalurops,μ1 Boo
75439,231.1875,-39.7103,5.36,,υ Lup
75458,231.2324,58.9661,3.29,Edasich,ι Dra
75501,231.3342,-38.7336,4.6,,k Lup
75530,231.4475,15.428,5.16,,τ1 Ser
75565,231.5613,-68.3092,5.89,,
75572,231.5724,34.336,5.46,,
75647,231.8255,-36.7676,5.46,,
75665,231.8878,-64.5315,5.71,,LX TrA
75695,231.9572,29.1057,3.66,Nusakan,β CrB
75696,231.9643,60.6702,5.9,,
75730,232.0642,-16.7165,5.64,,32 Lib
75761,232.1593,1.8421,5.15,,10 Ser
75828,232.3511,-46.7327,5.26,,
75944,232.6683,-16.6095,5.82,,34 Lib
75973,232.7323,40.833,5.04,,ν1 Boo
75974,232.7324,64.2087,5.74,,
76008,232.8539,77.3494,5,,θ UMi
76013,232.8784,-73.3896,5.4,,κ1 Aps
76041,232.9458,40.8993,4.98,,ν2 Boo
76106,233.1529,-19.6705,5.5,,
76126,233.2301,-16.8528,5.53,,ζ Lib
76127,233.2324,31.3591,4.14,,θ CrB
76133,233.2414,-1.1864,5.5,,A1 Ser
76207,233.5071,-40.0664,5.82,,
76219,233.5446,-10.0645,4.61,,37 Lib
76243,233.6105,-9.1834,5.16,,
76259,233.6555,-28.047,5.13,,36 Lib
76267,233.672,26.7147,2.22,Alphecca,α CrB
76276,233.7006,10.5389,3.8,Nasak Yamani,δ Ser
76297,233.7852,-41.1668,2.8,,γ Lup
76307,233.8122,39.0101,5.14,,μ CrB
76311,233.8175,53.9221,5.97,,
76333,233.8816,-14.7895,3.91,Zubenelhakrabi,γ Lib
76371,233.9719,-44.9584,4.55,,d Lup
76376,233.9877,54.6306,5.77,,
76397,234.0504,-44.3968,5.44,,
76424,234.1218,16.1191,5.93,,τ5 Ser
76425,234.1232,10.0102,5.26,,16 Ser
76440,234.1801,-66.317,4.11,,ε TrA
76470,234.256,-28.1351,3.6,,υ Lib
76509,234.3834,54.5087,5.85,,
76519,234.413,69.2833,5.65,,
76532,234.4502,-23.1417,5.79,,
76534,234.4567,40.3534,5.25,Ceginus,φ Boo
76552,234.5134,-42.5673,4.34,,ω Lup
76568,234.5676,46.7978,5.76,,
76569,234.5678,-21.0163,5.82,,
76594,234.6425,50.4233,5.84,,
76600,234.664,-29.7778,3.66,,τ Lib
76618,234.7061,-52.3727,5.43,,
76628,234.7273,-19.3019,5.36,,41 Lib
76669,234.8445,36.6358,4.64,,ζ1 CrB
76705,234.9416,-34.4119,4.66,,ψ1 Lup
76716,234.9856,-59.9083,5.95,,
76742,235.0704,-23.8181,4.97,,42 Lib
76750,235.0889,-73.4467,5.64,,κ2 Aps
76810,235.2463,16.0246,6,,τ6 Ser
76829,235.2974,-44.6612,4.64,,g Lup
76852,235.3877,19.6704,4.51,,ι Ser
76866,235.4476,12.8475,5.34,,χ Ser
76877,235.4778,-76.082,5.95,,
76878,235.478,18.464,5.8,,τ7 Ser
76880,235.4867,-19.6788,4.75,,κ Lib
76939,235.6596,-37.4249,5.23,,h Lup
76945,235.6709,-34.7104,4.75,,ψ2 Lup
76952,235.6857,26.2956,3.81,,γ CrB
76957,235.7115,52.3609,5.48,,BP Boo
76996,235.8205,-84.4653,5.57,,ρ Oct
77048,235.9971,32.5158,5.57,,π CrB
77052,236.0076,2.5152,5.86,,ψ Ser
77055,236.0147,77.7945,4.29,Akfa Farkadain,ζ UMi
77060,236.0183,-15.6728,5.41,,η Lib
77070,236.067,6.4256,2.63,Unukalhai,α Ser
77086,236.0945,-41.8191,5.93,,
77163,236.3478,5.4473,5.57,,
77227,236.5235,-1.8042,5.39,,A2 Ser
77233,236.5469,15.4218,3.65,Nasak Shamiya,β Ser
77257,236.6109,7.3531,4.42,,λ Ser
77272,236.6448,55.4748,5.94,,
77277,236.6667,62.5996,5.19,,
77286,236.6842,-34.6825,5.61,,
77336,236.8222,14.1153,5.71,,υ Ser
77370,236.908,55.3766,5.85,,
77390,236.9711,-65.4423,5.54,,
77412,237.0554,13.7891,5.98,,
77442,237.1434,28.1567,5.89,Variabilis Coronae,R CrB
77450,237.1849,18.1416,4.09,Gudja,κ Ser
77464,237.2367,-3.8185,5.53,,30 Ser
77512,237.3985,26.0684,4.59,,δ CrB
77516,237.405,-3.4302,3.54,,μ Ser
77541,237.4896,-48.9124,5.86,,
77562,237.5295,-53.2098,5.78,,
77578,237.5731,2.1965,5.21,,ω Ser
77622,237.704,4.4777,3.71,,ε Ser
77634,237.7397,-33.6272,3.97,,χ Lup
77635,237.7448,-25.7513,4.63,,b Sco
77645,237.7784,-55.0555,5.74,,V0360 Nor
77655,237.808,35.6574,4.79,,κ CrB
77660,237.815,-3.0905,5.09,,b Ser
77661,237.8163,20.9779,4.74,,ρ Ser
77678,237.8809,-47.0608,6,,
77738,238.069,55.8267,5.81,,
77760,238.1689,42.4515,4.6,,χ Her
77811,238.3336,-20.167,5.04,,λ Lib
77840,238.403,-25.3271,4.59,,A Sco
77853,238.4564,-16.7293,4.13,,θ Lib
77858,238.4746,-24.5332,5.38,,
77859,238.4828,-23.9781,5.41,,V1040 Sco
77902,238.6442,20.311,5.45,,QY Ser
77907,238.6577,43.1386,5.35,,2 Her
77909,238.6647,-25.2437,5.87,,3 Sco
77939,238.7515,-19.3829,5.95,,47 Lib
77952,238.7857,-63.4307,2.83,,β TrA
77982,238.8733,-68.603,5.11,,κ TrA
77984,238.8753,-26.266,5.63,,4 Sco
77986,238.8775,42.5662,5.73,,4 Her
77990,238.8849,-60.1776,5.78,,
78012,238.9483,37.947,5.43,,λ CrB
78045,239.0246,-60.4825,5.76,,
78072,239.1133,15.6616,3.85,,γ Ser
78104,239.2212,-29.2141,3.87,Iklil,ρ Sco
78105,239.2229,-33.9661,5.14,,ξ1 Lup
78106,239.2255,-33.9643,5.59,,ξ2 Lup
78132,239.3107,14.4145,5.54,,φ Ser
78142,239.3389,-36.1853,5.78,,
78159,239.3969,26.8779,4.14,,ε CrB
78168,239.4186,-20.9831,5.84,,
78180,239.4477,54.7498,4.96,,CL Dra
78207,239.5474,-14.2794,4.95,,48 Lib
78246,239.6453,-24.8315,5.43,,V0913 Sco
78265,239.713,-26.1141,2.89,Fang,π Sco
78276,239.7405,36.6438,5.61,,
78279,239.7423,-65.0376,5.74,,
78323,239.8761,-41.7444,4.99,,
78384,240.0305,-38.3967,3.42,,η Lup
78400,240.0816,-16.5334,5.47,,49 Lib
78401,240.0834,-22.6217,2.29,Dschubba,δ Sco
78436,240.1985,-8.4114,5.53,,50 Lib
78442,240.2131,4.4274,5.82,,
78459,240.2611,33.3035,5.39,,ρ CrB
78481,240.3097,17.8184,5.1,,r Her
78493,240.3607,29.8511,4.98,,ι CrB
78527,240.4723,58.5653,4.01,,θ Dra
78542,240.5232,52.9159,5.93,,
78554,240.5737,22.8045,4.82,,π Ser
78592,240.6996,46.0367,4.72,,υ Her
78639,240.8037,-49.2297,4.65,,η Nor
78649,240.8307,36.6318,5.79,,
78650,240.8359,-25.8652,4.96,,
78655,240.8508,-38.6025,4.9,,
78661,240.8806,76.7939,5.73,,18 UMi
78662,240.8837,-57.7751,4.63,,ι1 Nor
78665,240.8932,-32.0005,6,,
78727,241.0901,-11.3736,4.16,Grafias,
78747,241.1534,-37.863,5.91,,
78820,241.3593,-19.8055,2.56,Acrab,β1 Sco
78821,241.3606,-19.8019,4.9,,β2 Sco
78868,241.4826,-72.4009,5.7,,
78877,241.5266,-23.6063,5.9,,V0929 Sco
78893,241.582,67.8101,5.44,,
78914,241.6227,-45.1732,4.73,,δ Nor
78918,241.6481,-36.8023,4.22,,θ Lup
78933,241.7018,-20.6692,3.93,Jabhat Acrabi,ω1 Sco
78970,241.8176,-36.7557,5.72,,
78990,241.8514,-20.8688,4.31,,ω2 Sco
79005,241.9017,-12.7454,5.75,,11 Sco
79007,241.9064,9.8917,5.63,,45 Ser
79043,242.0189,17.047,5,Marsic,κ Her
79050,242.0316,-26.3267,5.35,,
79072,242.117,8.5343,5.69,,47 Ser
79098,242.1822,-23.6854,5.86,,
79101,242.1924,44.9349,4.23,,φ Her
79119,242.2429,36.4909,4.73,,τ CrB
79120,242.2453,3.4545,5.93,,
79137,242.2967,6.3787,5.93,,
79153,242.3273,-57.9343,5.57,,ι2 Nor
79195,242.4605,-3.4667,5.39,,
79199,242.4691,-33.5458,5.5,,
79280,242.7064,75.8776,5.48,,19 UMi
79302,242.7586,-29.4162,5.09,,
79320,242.8238,-41.1198,5.86,,
79349,242.9085,23.4948,5.74,,10 Her
79357,242.9483,42.3746,5.89,,
79358,242.9502,36.4251,5.62,,
79374,242.9989,-19.4607,4,Jabbah,ν Sco
79375,243,-10.0643,4.93,,ψ Sco
79387,243.0305,-8.5476,5.43,,16 Sco
79399,243.0668,-28.4173,5.67,,c1 Sco
79404,243.0759,-27.9264,4.58,,c2 Sco
79488,243.3143,5.0211,5.46,,9 Her
79497,243.3446,-55.5409,5.78,,ζ Nor
79509,243.3697,-54.6305,4.95,,κ Nor
79540,243.4621,-11.8377,5.24,,χ Sco
79593,243.5864,-3.6943,2.73,Yed Prior,δ Oph
79596,243.5932,-33.0111,5.91,,
79607,243.6702,33.8586,5.23,,σ CrB
79653,243.8138,-47.372,5.13,,θ Nor
79664,243.8595,-63.6857,3.86,,δ TrA
79666,243.8693,18.8081,5.72,,16 Her
79672,243.9053,-8.3694,5.49,,18 Sco
79689,243.9575,-57.9123,5.61,,
79754,244.1803,-53.8111,5.45,,V0368 Nor
79757,244.1866,29.1503,5.8,,υ CrB
79790,244.2539,-50.0681,4.97,,γ1 Nor
79797,244.2726,-67.9413,5.95,,
79804,244.3139,59.755,5.37,,AT Dra
79822,244.3762,75.7553,4.95,Anwa Farkadain,η UMi
79881,244.5746,-28.614,4.8,,d Sco
79882,244.5804,-4.6925,3.23,Yed Posterior,ε Oph
79938,244.7518,-14.8728,5.97,,
79953,244.7967,49.0382,5.93,,
79963,244.8235,-42.674,5.44,,λ Nor
79980,244.8864,-30.9067,5.53,,
79992,244.9352,46.3134,3.91,,τ Her
80000,244.9601,-50.1555,4.01,,γ2 Nor
80008,244.9798,39.7086,5.48,,
80047,245.0867,-78.6957,4.68,,δ1 Aps
80054,245.1052,-55.1397,5.76,,
80057,245.1119,-78.6675,5.27,,δ2 Aps
80079,245.1591,-24.1693,4.55,,ο Sco
80112,245.2972,-25.5928,2.9,Alniyat,σ Sco
80161,245.453,69.1094,5.26,,
80170,245.4801,19.1531,3.74,,γ Her
80179,245.5181,1.029,4.82,,σ Ser
80181,245.5243,30.892,4.86,,ξ CrB
80197,245.5893,33.7991,5.2,,ν1 CrB
80208,245.6166,-49.5724,5.32,,
80212,245.6211,-43.9121,5.89,,
80214,245.6217,33.7035,5.4,,ν2 CrB
80309,245.9465,61.6965,5.67,,
80331,245.9979,61.5142,2.73,Athebyne,η Dra
80337,246.0054,-39.193,5.37,,
80343,246.0258,-20.0373,4.48,,ψ Oph
80351,246.0451,6.9482,5.83,,o Her
80375,246.1056,55.2051,5.75,,DQ Dra
80390,246.1323,-37.566,5.42,,
80399,246.1657,-29.7047,5.4,,
80460,246.3507,37.3941,5.53,,25 Her
80463,246.354,14.0333,4.57,Cujam,ω Her
80473,246.3963,-23.4472,4.57,,ρ Oph
80480,246.4299,78.9639,5.55,,
80569,246.756,-18.4563,4.22,,χ Oph
80582,246.796,-47.5548,4.46,,ε Nor
80620,246.9311,-7.5979,5.24,,V2105 Oph
80628,246.9508,-8.3717,4.62,,υ Oph
80645,246.9889,-64.0579,5.28,,ι TrA
80650,246.9959,68.7681,4.94,,A Dra
80672,247.0603,-37.1799,5.79,,
80675,247.0632,-58.5998,5.67,,
80686,247.1173,-70.0844,4.9,,ζ TrA
80693,247.1416,0.665,5.41,,
80704,247.1606,41.8817,4.83,,g Her
80763,247.3519,-26.432,1.06,Antares,α Sco
80782,247.4264,-46.2432,5.35,,QU Nor
80793,247.4455,-14.5509,5.66,,
80815,247.552,-25.1152,4.79,,i Sco
80816,247.555,21.4896,2.78,Kornephoros,β Her
80843,247.6398,20.4792,5.24,,s Her
80874,247.7057,-61.6335,5.19,,
80883,247.7284,1.9839,3.82,Marfik,λ Oph
80894,247.7849,-16.6127,4.29,,φ Oph
80898,247.806,22.1955,5.76,,
80911,247.8456,-34.7044,4.24,,N Sco
80945,247.924,-41.8171,5.31,,V1058 Sco
80953,247.9468,45.5983,5.61,,
80975,248.0342,-21.4664,4.45,,ω Oph
80991,248.107,60.8233,5.92,,
81007,248.1487,5.5212,5.63,,n Her
81008,248.1512,11.488,4.84,,h Her
81065,248.3628,-78.8971,3.86,,γ Aps
81122,248.5209,-44.0453,4.86,,μ Nor
81126,248.5258,42.437,4.2,,σ Her
81141,248.5806,-70.9881,5.5,,
81252,248.9367,-65.4954,5.5,,θ TrA
81266,248.9706,-28.216,2.82,Paikauhale,τ Sco
81289,249.0467,46.6133,5.83,,
81290,249.0476,52.9,5.53,,16 Dra
81292,249.0572,52.9244,5.07,,17 Dra
81300,249.0894,-2.3246,5.77,,12 Oph
81304,249.0936,-35.2553,4.18,,H Sco
81305,249.094,-42.8589,5.46,,V0918 Sco
81377,249.2897,-10.5671,2.54,Saik,ζ Oph
81437,249.5019,56.0155,5.28,,
81472,249.6095,-43.3984,5.83,,V1003 Sco
81497,249.6869,48.9283,4.86,,42 Her
81523,249.7718,-37.2174,5.93,,
81641,250.1612,4.2198,5.77,,37 Her
81660,250.2297,64.589,4.84,,g Dra
81693,250.3215,31.6027,2.81,Rutilicus,ζ Her
81702,250.3351,-48.763,5.57,,
81710,250.3463,-68.2961,5.89,,η1 TrA
81724,250.3933,-17.7422,4.91,,24 Sco
81729,250.4029,26.9169,5.92,,39 Her
81733,250.4176,-49.6516,5.62,,
81734,250.427,1.1812,5.74,,14 Oph
81741,250.4394,-33.1458,5.84,,
81754,250.4737,-19.9244,5.55,,
81833,250.724,38.9223,3.48,,η Her
81852,250.7694,-77.5174,4.23,,β Aps
81854,250.7762,77.514,5.99,,
81966,251.1656,-53.1523,5.96,,
81972,251.1775,-40.8397,5.64,,
81992,251.2508,-28.5097,5.99,,
82020,251.3242,56.7819,4.84,,
82028,251.3438,15.7453,5.6,,
82073,251.4579,8.5826,5.15,,i Her
82080,251.4927,82.0373,4.21,Circitores,ε UMi
82110,251.5884,-58.5036,5.74,,
82129,251.6666,-67.1097,5.1,,LP TrA
82135,251.6998,-39.377,5.48,,
82171,251.8319,-58.3414,5.55,,
82172,251.8323,42.2389,5.86,,V0636 Her
82216,251.9434,5.2467,5.22,,l Her
82273,252.1662,-69.0277,1.91,Atria,α TrA
82321,252.3092,45.9833,4.82,,52 Her
82350,252.3944,13.2611,5.91,,
82363,252.4465,-59.0414,3.77,,η Ara
82369,252.4585,-10.783,4.64,,20 Oph
82396,252.5409,-34.2932,2.29,Larawag,ε Sco
82402,252.5808,7.2477,5.48,,k Her
82422,252.6623,29.8065,5.73,,50 Her
82480,252.8539,1.2159,5.51,,21 Oph
82493,252.8905,-41.2305,5.23,,V0973 Sco
82504,252.9386,24.6564,5.03,,51 Her
82514,252.9676,-38.0474,3,Xamidimura,μ1 Sco
82545,253.0839,-38.0175,3.56,Pipirima,μ2 Sco
82587,253.2419,31.7017,5.34,,53 Her
82611,253.3232,47.4167,5.99,,
82621,253.3551,-20.4156,5.86,,
82650,253.4268,-43.051,5.95,,V1068 Sco
82671,253.4989,-42.362,4.7,,ζ1 Sco
82672,253.5015,-57.9095,5.91,,
82673,253.502,10.1654,4.39,,ι Oph
82676,253.5077,-41.8064,5.46,,
82716,253.6123,-42.4789,5.84,,
82729,253.6459,-42.3613,3.62,Grafias,ζ2 Sco
82730,253.6487,-6.154,5.23,,23 Oph
82764,253.7299,20.9585,5.39,,
82775,253.7438,-41.1509,5.78,,
82802,253.8424,18.4332,5.35,,54 Her
82806,253.8529,-63.2697,5.99,,
82860,254.007,65.1348,4.88,,h Dra
82902,254.1199,-52.2837,5.94,,
82925,254.2002,-23.1503,5.57,,24 Oph
82960,254.2966,-33.2595,5.48,,27 Sco
83000,254.4171,9.375,3.19,,κ Oph
83057,254.5747,-50.6412,5.53,,
83081,254.655,-55.9901,3.12,,ζ Ara
83150,254.8915,-69.2682,5.79,,MX TrA
83153,254.896,-53.1604,4.06,,ε1 Ara
83176,254.9904,-25.0922,5.88,,
83187,255.0262,-54.5972,5.64,,
83196,255.0396,-24.9891,5.74,,26 Oph
83207,255.0724,30.9264,3.92,,ε Her
83216,255.1123,-48.6478,5.98,,
83235,255.1541,-35.9341,5.95,,
83254,255.2422,22.6321,5.69,,
83262,255.265,-4.2226,4.82,,30 Oph
83313,255.4015,33.5683,5.27,,d Her
83336,255.4693,-32.1435,5.03,,
83367,255.5779,25.5056,5.76,,
83430,255.7828,14.0919,4.97,,32 Oph
83431,255.7863,-53.237,5.27,,ε2 Ara
83478,255.9138,13.6053,5.91,,
83491,255.9623,-38.1526,5.91,,V0923 Sco
83535,256.103,-57.7122,5.73,,
83574,256.2056,-34.1229,4.83,,k Sco
83601,256.3201,0.7026,6,,V2213 Oph
83608,256.3338,54.47,4.91,Alrakis,μ Dra
83613,256.3445,12.7408,4.89,,60 Her
83635,256.3844,-0.8921,5.63,,
83692,256.5752,22.0842,5.56,,
83693,256.5841,-37.2276,5.98,,
83838,257.0086,35.9352,5.41,,c Her
83854,257.0619,-17.6091,5.98,,
83895,257.1966,65.7147,3.17,Aldhibah,ζ Dra
83896,257.1981,-30.4037,5.93,,
83947,257.3885,40.777,5.07,,
83962,257.4498,-10.5233,5.43,,
84012,257.5945,-15.7249,2.43,Sabik,η Oph
84033,257.6763,-44.5577,5.06,,
84105,257.9112,-48.8734,5.94,,V0854 Ara
84143,258.0383,-43.2392,3.32,,η Sco
84150,258.0675,-39.5069,5.66,,
84177,258.1159,10.5852,5.32,,37 Oph
84183,258.1357,62.8743,5.54,,
84226,258.244,-32.4383,5.95,,
84248,258.3245,-67.1966,5.87,,
84345,258.6619,14.3903,2.78,Rasalgethi,α1 Her
84379,258.758,24.8392,3.12,Sarin,δ Her
84380,258.7618,36.8092,3.16,,π Her
84401,258.8302,-33.5484,5.6,,V1075 Sco
84402,258.8345,-14.5841,5.98,,
84405,258.8374,-26.6028,4.33,Guniibuu,A Oph
84425,258.8998,-38.5939,5.95,,
84431,258.9228,23.7428,5.99,,
84500,259.1321,1.2105,5.89,,38 Oph
84514,259.1529,-0.4453,4.72,,41 Oph
84551,259.2652,-32.6628,5.53,,
84573,259.3315,33.1001,4.8,,u Her
84606,259.4177,37.2915,4.64,,e Her
84626,259.5028,-24.2869,5.14,,ο Oph
84631,259.5206,17.3179,6,,
84656,259.597,38.8114,5.97,,
84671,259.6541,10.8645,5.03,,e Oph
84690,259.6993,-44.1297,5.76,,
84691,259.7022,28.823,5.68,,
84709,259.7382,-34.9898,5.91,,NSV 8 482
84720,259.766,-46.6362,5.47,,NSV 21 372
84731,259.8021,-59.6946,5.93,,
84769,259.9046,80.1364,5.74,,
84821,260.041,25.5376,5.36,,
84833,260.0786,18.0571,5.01,,V0656 Her
84835,260.088,46.2408,5.51,,74 Her
84862,260.1649,32.4677,5.38,,w Her
84880,260.2069,-12.8469,4.32,,ν Ser
84887,260.2259,24.4994,5.13,,70 Her
84893,260.2516,-21.1129,4.39,Aggia,ξ Oph
84949,260.4317,39.9746,5.55,,V0819 Her
84950,260.439,53.4204,5.69,,
84969,260.4978,-67.7707,4.76,,ζ Aps
84970,260.5024,-24.9995,3.27,Garafsa,θ Oph
84979,260.5245,-70.1232,5.39,,ι Aps
85048,260.7281,-37.2208,5.91,,
85049,260.7301,-58.0103,5.86,,
85068,260.7797,-56.5255,5.76,,
85079,260.817,-47.4682,5.21,,ι Ara
85084,260.84,-28.1428,5.3,,43 Oph
85112,260.9206,37.1459,4.15,,ρ Her
85139,260.9901,8.8526,5.77,,
85147,261.0045,-62.8642,5.69,,
85157,261.0274,22.9603,5.7,,73 Her
85162,261.0545,-44.1626,5.1,,
85169,261.0783,-60.6738,5.76,,
85185,261.1314,16.301,5.75,,
85207,261.1751,-21.4415,5.82,,
85258,261.325,-55.5299,2.84,,β Ara
85267,261.3486,-56.3777,3.31,,γ Ara
85290,261.4223,60.0484,5.65,,
85312,261.5002,-50.6335,5.19,,κ Ara
85340,261.5926,-24.1753,4.16,,b Oph
85355,261.6287,4.1404,4.34,,σ Oph
85365,261.6578,-5.0866,4.53,,47 Oph
85379,261.6843,48.2601,5.83,,x Her
85382,261.6923,34.6958,5.94,,
85385,261.7047,20.081,5.52,,
85389,261.7166,-45.843,5.28,,
85409,261.8019,-50.6304,5.9,,
85423,261.8386,-29.867,4.28,,d Oph
85442,261.9065,-29.7246,5.98,,
85470,261.99,-52.2972,5.72,,
85520,262.1621,-55.1697,5.93,,
85537,262.2069,0.3306,5.41,,
85543,262.2337,-36.7783,5.98,,
85667,262.5992,-1.0629,5.31,,
85670,262.6082,52.3014,2.79,Rastaban,β Dra
85693,262.6846,26.1106,4.41,Maasym,λ Her
85696,262.691,-37.2958,2.7,Lesath,υ Sco
85699,262.6983,86.968,5.78,,24 UMi
85715,262.7307,31.1581,5.63,,
85727,262.7746,-60.6838,3.6,,δ Ara
85749,262.8389,2.7245,5.57,,
85751,262.847,-56.921,5.99,,V0862 Ara
85755,262.854,-23.9626,4.78,,c Oph
85760,262.8644,-80.8591,5.83,,NO Aps
85790,262.9566,28.4075,5.66,,78 Her
85792,262.9604,-49.8761,2.84,Choo,α Ara
85805,262.9911,68.135,5.07,Adfar Aldib,f Dra
85819,263.044,55.1842,4.89,Kuma,ν1 Dra
85822,263.0542,86.5865,4.35,Yildun,δ UMi
85829,263.0668,55.173,4.86,Kuma,ν2 Dra
85888,263.2802,41.2434,5.72,,
85889,263.2808,-41.1731,5.84,,
85912,263.3451,19.2567,5.65,,
85922,263.3744,-5.7448,5.61,,
85927,263.4022,-37.1038,1.62,Shaula,λ Sco
85930,263.4141,16.3176,5.68,,
85998,263.6529,9.5867,5.8,,f Oph
86011,263.6771,-32.5817,5.69,,V1036 Sco
86019,263.6931,-11.242,5.54,,
86032,263.7336,12.56,2.08,Rasalhague,α Oph
86036,263.7483,61.8746,5.23,,26 Dra
86092,263.915,-46.5057,4.56,,σ Ara
86170,264.1368,-38.6353,4.26,,Q Sco
86182,264.1569,48.5856,5.35,,y Her
86201,264.2379,68.758,4.77,Al Dhih,ω Dra
86219,264.287,72.4558,5.87,,
86228,264.3297,-42.9978,1.86,Sargas,θ Sco
86248,264.3638,-50.0597,5.89,,
86254,264.3796,24.31,5.76,,79 Her
86263,264.3967,-15.3986,3.54,,ξ Ser
86266,264.4009,-15.571,5.94,,
86284,264.4613,-8.1188,4.58,,μ Oph
86305,264.523,-54.5004,5.25,,π Ara
86313,264.5396,-10.9263,5.74,,
86414,264.8662,46.0063,3.82,,ι Her
86486,265.0993,-49.4156,4.76,,λ Ara
86552,265.3177,-46.9218,5.78,,
86561,265.3407,51.8182,6,,
86565,265.3536,-12.8753,4.24,,ο Ser
86575,265.3847,6.3132,5.97,,
86614,265.4848,72.1488,4.57,Dziban,ψ Dra
86620,265.4921,72.1569,5.81,Dsiban,ψ Dra
86623,265.4943,15.9524,5.54,,
86667,265.6182,24.5641,5.56,,83 Her
86670,265.622,-39.03,2.39,Mula,κ Sco
86698,265.7129,-36.9456,5.53,,
86731,265.8399,24.3278,5.73,,84 Her
86736,265.8575,-21.6832,4.86,,58 Oph
86742,265.8681,4.5673,2.76,Cebalrai,β Oph
86782,265.9966,53.8017,5.75,Alruba,
86796,266.0363,-51.8341,5.12,Cervantes,μ Ara
86847,266.175,-42.7293,5.87,,
86871,266.2328,-57.5455,5.97,,
86929,266.4333,-64.7239,3.61,,η Pav
86974,266.6147,27.7207,3.42,,μ Her
87044,266.7835,17.697,5.61,,
87072,266.8901,-27.8308,4.53,,3 Sgr
87073,266.8962,-40.127,2.99,Girtab,ι1 Sco
87074,266.9032,-14.7258,5.93,,
87108,266.9732,2.7073,3.75,Muliphen,γ Oph
87158,267.1032,20.5654,5.69,,
87194,267.2048,25.6229,5.09,,87 Her
87212,267.2679,50.7811,5.02,,30 Dra
87220,267.2937,-31.7032,4.79,,
87234,267.3626,76.9629,5.02,,35 Dra
87261,267.4645,-37.0433,3.19,Fuyue,G Sco
87294,267.5463,-40.0904,4.78,Vanant,ι2 Sco
87308,267.5954,29.3221,5.51,,
87314,267.6183,-53.6124,5.68,,υ1 Ara
87390,267.8856,-40.7725,5.94,,
87393,267.8978,-60.1641,5.78,,
87460,268.0569,-34.7992,5.88,,V0957 Sco
87472,268.0823,-34.4168,5.84,,
87491,268.1477,1.305,5.91,,
87558,268.3091,6.1014,5.77,,
87563,268.3251,40.008,5.17,,f Her
87569,268.3478,-34.8951,5.58,,
87585,268.3822,56.8726,3.73,Grumium,ξ Dra
87616,268.4782,-34.7527,6,,V0906 Sco
87728,268.7965,72.0051,5.43,,34 Dra
87747,268.855,26.05,5.47,,89 Her
87777,268.9617,22.4642,5.62,,
87808,269.0633,37.2505,3.86,,θ Her
87812,269.0767,0.6704,5.82,,V2052 Oph
87813,269.0793,-15.8125,5.93,,
87833,269.1515,51.4889,2.24,Eltanin,γ Dra
87836,269.1743,-28.0654,5.76,,
87846,269.1976,-44.3422,4.85,,
87847,269.1989,-4.0818,5.44,,
87875,269.268,0.0667,5.95,,
87933,269.4412,29.2479,3.7,,ξ Her
87936,269.4492,-41.7163,4.88,,
87998,269.6256,30.1893,4.41,,ν Her
88012,269.6627,-28.7591,5.99,,
88038,269.732,-36.8584,5.74,,
88048,269.7566,-9.7736,3.32,Sinistra,ν Oph
88060,269.772,-30.253,5,,
88101,269.9032,-4.8211,5.86,,
88116,269.9481,-23.8161,4.74,,4 Sgr
88122,269.9842,45.5014,5.69,,
88128,270.0142,16.7509,4.67,,93 Her
88136,270.0384,80.0041,5.74,,41 Dra
88149,270.0658,4.3686,4.79,,66 Oph
88175,270.1209,-3.6903,4.62,Alava,ζ Ser
88192,270.1613,2.9316,3.93,,67 Oph
88267,270.3767,21.5958,4.26,,95 Her
88290,270.4383,1.3051,4.42,,68 Oph
88298,270.4766,-22.7803,5.72,,
88331,270.596,20.8336,5.25,,96 Her
88380,270.7129,-24.2825,5.37,,7 Sgr
88404,270.7705,-8.1803,4.77,,τ Oph
88469,270.9685,-24.3607,5.89,,9 Sgr
88550,271.2099,-35.9014,5.98,,
88567,271.2551,-29.5801,4.66,Nash,W Sgr
88601,271.3637,2.5001,4.03,,p Oph
88635,271.452,-30.4241,2.98,Alnasl,γ2 Sgr
88636,271.4567,32.2307,5.72,,
88657,271.5079,22.2189,4.96,,98 Her
88670,271.5308,-8.324,5.84,,
88684,271.5633,-4.7513,5.74,,
88694,271.5988,-36.0198,5.94,,
88714,271.6578,-50.0915,3.65,,θ Ara
88726,271.7079,-43.4252,4.92,,
88745,271.7564,30.5621,5.05,,b Her
88765,271.8265,8.7339,4.64,,71 Oph
88771,271.8374,9.5638,3.71,,72 Oph
88788,271.8697,43.4619,5,,
88794,271.8856,28.7625,3.84,,ο Her
88816,271.9514,-17.1542,5.52,,
88817,271.9563,26.0973,5.79,,100 Her
88818,271.9565,26.1013,5.83,,100 Her
88836,272.0093,36.4013,5.49,,
88839,272.0207,-28.4571,4.55,,
88866,272.1451,-63.6686,4.33,,π Pav
88886,272.1895,20.8146,4.37,,102 Her
88899,272.2203,20.0452,5.1,,101 Her
88964,272.3912,3.9933,5.71,,73 Oph
89000,272.4751,3.1198,5.67,,
89008,272.4958,36.4663,5.57,,
89020,272.5242,-30.7287,5.53,,
89042,272.609,-62.0022,5.47,,ι Pav
89047,272.6318,54.2866,5.97,,
89065,272.6679,3.3243,5.5,,
89099,272.7732,-41.3591,5.86,,
89112,272.8073,-45.9544,4.52,,ε Tel
89115,272.8158,-75.8915,5.86,,
89153,272.9306,-23.7012,4.96,,11 Sgr
89156,272.938,33.4471,5.98,,
89172,272.9757,31.4053,4.96,,A Her
89234,273.1419,-73.6724,5.86,,
89290,273.3029,-41.3361,5.47,,V0692 CrA
89341,273.4409,-21.0588,3.84,Polis,μ Sgr
89348,273.4743,64.3973,4.99,,36 Dra
89369,273.5663,-21.7132,5.49,,14 Sgr
89439,273.8038,-20.7283,5.29,,15 Sgr
89440,273.804,-20.388,5.96,,16 Sgr
89448,273.8212,68.7558,5.96,,37 Dra
89482,273.9116,42.1593,5.56,,
89487,273.9192,-63.0554,5.58,,
89507,273.9727,-44.2065,5.45,,
89587,274.2213,-3.0074,5.99,,
89605,274.2814,-56.0234,5.36,,QV Tel
89609,274.2985,-17.3739,5.81,,
89642,274.4068,-36.7617,3.1,Hamalwarid,η Sgr
89678,274.5133,-27.0426,4.66,,
89772,274.7897,7.2598,5.41,,
89773,274.7945,24.4461,5.3,,105 Her
89826,274.9655,36.0645,4.33,,κ Lyr
89851,275.0366,-15.8317,5.39,,
89861,275.0746,21.9613,4.92,,106 Her
89908,275.1893,71.3378,4.22,Aldhiba,φ Dra
89918,275.2169,3.3772,4.85,,74 Oph
89925,275.2374,29.8589,5.61,,108 Her
89931,275.2485,-29.8281,2.72,Kaus Media,δ Sgr
89935,275.2543,28.87,5.12,,t Her
89937,275.2641,72.7328,3.55,Alahakan,χ Dra
89962,275.3275,-2.8988,3.23,,η Ser
89968,275.3458,-18.86,5.76,,Y Sgr
89981,275.3861,49.1216,5.02,,
90023,275.5363,23.2852,5.41,,
90037,275.5774,-38.6569,5.09,,
90052,275.6472,12.0297,5.99,,
90067,275.7043,17.8266,5.25,,
90074,275.7212,-36.6696,5.33,,V4050 Sgr
90096,275.8007,-12.0148,5.71,,
90098,275.8068,-61.4939,4.35,,ξ Pav
90124,275.8701,-36.238,5.52,,
90133,275.9019,-75.0443,5.47,,φ Oct
90135,275.9149,-8.9344,4.66,,ζ Sct
90139,275.9245,21.7698,3.85,,109 Her
90156,275.9775,58.8007,4.98,,b Dra
90185,276.043,-34.3846,1.79,Kaus Australis,ε Sgr
90191,276.0574,39.5072,5.11,Al Athfar,μ Lyr
90200,276.076,-44.1103,5.24,,
90260,276.2559,-30.7566,5.58,,18 Sgr
90289,276.3377,-20.5417,4.81,,21 Sgr
90313,276.4117,8.032,5.64,,
90342,276.4949,29.8289,5.81,,
90344,276.4964,65.5635,4.82,Fafnir,42 Dra
90414,276.7251,-48.1172,5.44,,
90422,276.7434,-45.9685,3.49,,α Tel
90441,276.8021,0.1961,5.2,,d Ser
90485,276.9562,-29.8169,5.9,,
90496,276.9927,-25.4217,2.82,Kaus Borealis,λ Sgr
90497,276.9949,6.1941,5.71,,
90541,277.113,-38.9957,5.63,,
90568,277.2077,-49.0706,4.1,,ζ Tel
90595,277.2994,-14.5658,4.67,,γ Sct
90606,277.3331,-80.2327,5.95,,
90637,277.3988,23.8662,5.87,,
90642,277.4207,-1.9853,5.38,,c Ser
90647,277.4374,77.5471,5.65,,
90662,277.4831,-47.2205,5.69,,
90664,277.4864,-57.5231,5.74,,
90687,277.5494,-18.7288,5.63,,
90762,277.7685,16.9286,5.76,,
90763,277.7702,-32.9891,5.37,,
90797,277.8434,-62.2783,4.63,,ν Pav
90804,277.8571,-10.7958,5.77,,
90806,277.8596,-18.4027,5.12,,
90830,277.9393,-45.9148,4.92,,δ1 Tel
90842,277.9843,-43.5074,5.71,,
90844,277.9875,-1.003,5.93,,61 Ser
90853,278.0081,-45.7574,5.07,,δ2 Tel
90887,278.0889,-39.704,5.16,,
90905,278.1438,57.0456,4.77,,d Dra
90913,278.1805,-14.8657,5.47,,V0450 Sct
90915,278.1923,23.6168,5.88,,
90923,278.2082,30.5542,5.47,,
90930,278.2306,-73.9656,5.88,,
90968,278.3464,-38.726,5.67,,κ2 CrA
90982,278.3758,-42.3125,4.62,,θ CrA
90991,278.4126,-14.8536,5.74,,
91004,278.4729,-24.0323,5.49,,24 Sgr
91013,278.4862,52.3535,5.38,,
91014,278.4907,-33.0166,5.28,,
91105,278.76,-10.9772,5.12,,
91117,278.8018,-8.2441,3.85,,α Sct
91118,278.8025,18.2034,5.79,,
91139,278.8767,23.6055,5.62,,
91217,279.116,9.1225,5.38,,
91235,279.1556,33.469,5.41,,
91237,279.1628,6.6718,5.43,,
91262,279.2347,38.7837,0.03,Vega,α Lyr
91315,279.3896,62.5266,5.74,,
91322,279.3998,-0.3095,5.76,,e Ser
91347,279.4768,-21.3977,5.93,,
91405,279.628,-23.5049,5.78,,
91438,279.7225,-21.0519,5.85,,
91461,279.8096,-47.9098,5.84,,
91494,279.8965,-43.1859,5.42,,V0718 CrA
91525,279.9701,52.1961,6,,
91532,280.0016,-7.7908,5.82,,
91726,280.5684,-9.0525,4.7,,δ Sct
91755,280.6581,55.5395,5.03,,c Dra
91792,280.7589,-71.4281,4.01,,ζ Pav
91845,280.8802,-8.2752,4.88,,ε Sct
91854,280.9056,-64.5514,5.76,,
91875,280.9456,-38.3234,5.11,,λ CrA
91883,280.965,31.9266,5.68,,
91918,281.0807,-35.642,4.86,,
91919,281.0848,39.6701,4.67,Double Double,ε1 Lyr
91926,281.0949,39.6127,4.59,,ε2 Lyr
91971,281.1932,37.6051,4.34,Nasr Alwaki,ζ1 Lyr
91973,281.2008,37.5946,5.73,,ζ2 Lyr
91974,281.2067,-25.0109,5.82,,
91975,281.2081,2.06,5.02,,4 Aql
91989,281.2382,-39.6862,5.4,,
92024,281.3621,-64.8713,4.78,,
92027,281.3682,5.5001,5.82,,
92041,281.4141,-26.9908,3.17,Namalsadirah,φ Sgr
92043,281.4155,20.5463,4.19,,110 Her
92056,281.4449,74.0856,5.25,,
92088,281.5187,26.6621,4.83,,
92111,281.5859,-22.3922,5.37,,28 Sgr
92112,281.5926,75.434,5.37,,50 Dra
92117,281.6191,-0.9617,5.89,,5 Aql
92133,281.6795,52.988,5.91,,CX Dra
92136,281.6805,-10.125,5.69,,
92161,281.7553,18.1815,4.34,,111 Her
92175,281.7936,-4.7479,4.22,,β Sct
92202,281.8706,-5.7051,5.38,,R Sct
92226,281.9359,-40.4062,5.2,,μ CrA
92294,282.1579,-65.0777,5.71,,θ Pav
92308,282.2104,-43.68,5.46,,η1 CrA
92312,282.2224,19.3287,5.89,,
92367,282.3639,-45.8101,5.8,,
92382,282.3958,-43.4341,5.6,,η2 CrA
92390,282.4171,-20.3247,5.22,,29 Sgr
92391,282.4206,-5.9129,5.99,,
92398,282.4413,32.8128,5.93,,ν1 Lyr
92405,282.4705,32.5511,5.22,,ν Lyr
92420,282.52,33.3627,3.52,Sheliak,β Lyr
92488,282.7438,-9.7741,5.82,,
92512,282.8004,59.3884,4.63,,ο Dra
92549,282.8956,52.9751,5.51,,
92609,283.0543,-62.1876,4.22,,λ Pav
92614,283.0685,21.4251,5.43,,112 Her
92630,283.1135,-46.5951,5.51,,
92646,283.1652,-52.1074,5.18,,κ Tel
92689,283.3064,50.7082,4.92,,
92728,283.4315,36.9717,5.58,,δ1 Lyr
92747,283.5004,-21.3598,5.68,,33 Sgr
92761,283.5424,-22.7448,4.86,Ainalrami,ν1 Sgr
92768,283.5552,27.9095,5.64,,
92782,283.5994,71.2972,4.82,Athafi,υ Dra
92791,283.6262,36.8986,4.22,,δ2 Lyr
92814,283.6796,-15.603,5.08,,
92818,283.687,22.6451,4.57,,113 Her
92822,283.6964,48.8594,5.84,,
92824,283.6964,-87.6058,5.29,,χ Oct
92831,283.7174,41.6027,5.46,,
92833,283.7188,33.9686,5.99,,
92845,283.7798,-22.6713,5,,ν2 Sgr
92855,283.8164,-26.2967,2.05,Nunki,σ Sgr
92862,283.8338,43.9461,4.08,,13 Lyr
92872,283.8644,6.6153,5.58,,62 Ser
92882,283.8792,-16.3766,5.56,,
92931,284.0028,-23.1738,5.91,,
92937,284.0255,18.1054,5.69,,
92946,284.0549,4.2036,4.62,Alya,θ1 Ser
92951,284.061,4.2021,4.98,,θ2 Ser
92953,284.0706,-42.7107,5.35,,
92969,284.1072,65.2581,5.62,,
92989,284.1687,-37.3432,5.36,,V0686 CrA
92997,284.1877,57.8149,5.67,,48 Dra
93015,284.2376,-67.2335,4.4,,κ Pav
93017,284.2567,32.9013,5.2,,
93026,284.2653,-5.8463,4.83,,η Sct
93051,284.3191,2.5353,5.56,,64 Ser
93057,284.3353,-20.6563,5.02,,ξ1 Sgr
93085,284.4325,-21.1067,3.52,,ξ2 Sgr
93104,284.5079,38.2662,5.89,,
93124,284.5614,17.3609,5.33,,FF Aql
93148,284.6157,-52.9386,4.85,,λ Tel
93163,284.6519,-60.2005,5.14,,ω Pav
93174,284.6807,-37.1074,4.83,,ε CrA
93179,284.6955,13.9066,5.91,,10 Aql
93194,284.7359,32.6896,3.25,Sulafat,γ Lyr
93203,284.7739,13.6222,5.27,,11 Aql
93225,284.8492,-12.8405,5.51,,
93244,284.9057,15.0683,4.02,Deneb al Okab Borealis,ε Aql
93256,284.9395,26.2304,5.26,,
93279,285.0034,32.1455,4.94,,λ Lyr
93287,285.0149,-66.6536,5.98,,
93299,285.057,50.5335,5.39,,LV Dra
93340,285.1811,55.6583,5.51,,49 Dra
93393,285.3223,26.2914,5.69,,
93408,285.3599,46.9348,5,,16 Lyr
93429,285.4201,-5.7391,4.02,,i Aql
93498,285.6153,-24.8468,5.63,,
93506,285.653,-29.8801,2.6,Ascella,ζ Sgr
93526,285.7271,-3.699,5.4,,g Aql
93537,285.7659,-19.2457,5.96,,
93542,285.7787,-42.0951,4.74,,ζ CrA
93552,285.8237,-38.2531,5.73,,V0701 CrA
93574,285.8735,-68.7555,5.89,,
93580,285.8844,1.8188,5.82,,
93624,285.9898,-51.0186,5.93,,
93667,286.1044,-31.0471,5.49,,
93683,286.1708,-21.7415,3.76,Manubrij,ο Sgr
93713,286.2299,53.3967,5.4,,51 Dra
93717,286.2403,-4.0314,5.4,,h Aql
93718,286.2411,31.7441,5.63,,
93747,286.3525,13.8635,2.99,Okab,ζ Aql
93763,286.4216,-15.6604,5.93,,
93805,286.5622,-4.8826,3.43,Al Thalimain Prior,λ Aql
93815,286.5831,-52.3409,5.17,,ρ Tel
93825,286.6046,-37.0634,4.23,,γ CrA
93843,286.6572,28.6286,5.53,,
93845,286.66,24.2508,5.78,,
93855,286.7172,-16.2293,6,,
93862,286.7317,-48.2991,5.95,,
93864,286.735,-27.6704,3.32,,τ Sgr
93867,286.7442,11.0712,5.07,,18 Aql
93903,286.8255,36.1002,5.25,,ι Lyr
93917,286.8566,32.5017,5.2,,17 Lyr
93996,287.0696,-19.2903,5.56,,V4024 Sgr
94005,287.0874,-40.4967,4.57,,δ CrA
94013,287.1075,52.4257,5.88,,V1762 Cyg
94068,287.2496,6.0732,5.23,,19 Aql
94083,287.2912,76.5605,5.11,,59 Dra
94114,287.3681,-37.9045,4.11,Meridiana,α CrA
94141,287.441,-21.0236,2.88,Albaldah,π Sgr
94150,287.4703,-68.4244,5.31,,
94157,287.4902,-41.8923,5.86,,
94160,287.5073,-39.3408,4.1,,β CrA
94302,287.9191,56.8592,5.13,,53 Dra
94311,287.9417,31.2835,5.93,,19 Lyr
94336,288.021,49.8558,5.85,,
94376,288.1388,67.6615,3.07,Altais,δ Dra
94385,288.1696,-7.9395,5.35,,20 Aql
94434,288.307,-25.9068,5.79,,
94437,288.3147,-12.2826,5.51,,
94477,288.4279,2.2937,5.14,,21 Aql
94481,288.4395,39.146,4.43,Aladfar,η Lyr
94490,288.4798,57.7051,5,,54 Dra
94556,288.6648,-45.1935,5.91,,
94620,288.8223,21.2321,5.65,,1 Sge
94624,288.8337,15.0837,5.58,,
94630,288.8536,30.5264,5.88,,
94643,288.8851,-25.2567,4.86,Al Kiladah,ψ Sgr
94648,288.8877,73.3555,4.45,,τ Dra
94703,289.0543,21.3904,4.76,,1 Vul
94712,289.0906,-45.466,5.38,,
94713,289.0921,38.1337,4.35,,θ Lyr
94720,289.1116,14.5446,5.65,,
94727,289.1293,4.8348,5.59,,22 Aql
94779,289.2757,53.3685,3.8,Fawaris,κ Cyg
94789,289.301,-66.661,5.52,,
94820,289.4087,-18.9529,4.88,,d Sgr
94827,289.4318,23.0255,5.46,,2 Vul
94834,289.4542,11.5954,5.28,,ω1 Aql
94885,289.6354,1.0851,5.1,,23 Aql
94982,289.914,12.3747,5.53,,A Aql
94986,289.9166,-35.4215,5.59,,
95038,290.0668,57.6451,5.91,,
95066,290.1371,-5.4158,4.98,,f Aql
95073,290.1487,-0.8922,5.46,,d Aql
95077,290.159,-22.4025,5.59,,
95081,290.167,65.7145,4.6,Tais,π Dra
95168,290.4182,-17.8472,3.92,,ρ1 Sgr
95176,290.4318,-15.955,4.52,,υ Sgr
95188,290.4621,-18.3084,5.84,,ρ2 Sgr
95222,290.5898,-0.2523,5.81,,
95241,290.6596,-44.459,3.96,Arkab Prior,β1 Sgr
95260,290.712,26.2624,5.22,,3 Vul
95261,290.7134,-54.4239,5.03,,η Tel
95294,290.8047,-44.7998,4.27,Arkab Posterior,β2 Sgr
95347,290.9716,-40.6159,3.96,Rukbat,α Sgr
95352,290.9854,43.3882,5.85,,
95372,291.0316,29.6213,4.99,,2 Cyg
95447,291.2425,11.9444,5.17,,b Aql
95456,291.2668,-29.3094,5.91,,
95477,291.3187,-24.5086,5.02,,χ1 Sgr
95485,291.34,-13.8971,5.72,,
95498,291.3692,19.7984,5.14,,4 Vul
95501,291.3746,3.1148,3.36,Almizan,δ Aql
95503,291.3736,-23.9625,5.45,,χ3 Sgr
95556,291.538,36.3179,5.17,,4 Cyg
95557,291.546,-15.0533,5.71,,
95560,291.5552,20.0977,5.6,,5 Vul
95564,291.5798,-21.7767,5.57,,50 Sgr
95572,291.6006,13.0238,5.76,,
95582,291.6195,19.8915,5.84,,
95585,291.6295,0.3386,4.64,,ν Aql
95619,291.7353,-29.7432,5.66,,
95656,291.8582,52.3204,5.73,,7 Cyg
95690,291.9505,-54.3253,5.7,,
95732,292.0867,2.93,5.84,,
95771,292.1764,24.6649,4.44,Anser,α Vul
95785,292.2378,24.7687,5.82,,8 Vul
95793,292.2541,1.9504,5.79,,c Aql
95822,292.3423,14.596,5.57,,
95823,292.3494,-43.4452,5.7,,
95853,292.4265,51.7298,3.76,,ι Cyg
95865,292.4674,-26.9856,5.46,,
95937,292.666,-2.7889,5.03,,e Aql
95947,292.6803,27.9597,3.05,Albireo,β1 Cyg
95951,292.6891,27.9653,5.12,,β2 Cyg
95999,292.7957,-68.4339,5.98,,
96014,292.8305,50.3067,5.55,,
96016,292.8401,26.6172,5.89,,
96052,292.943,34.453,4.74,,8 Cyg
96100,293.09,69.6612,4.67,Alsafi,σ Dra
96141,293.2243,-53.1856,5.76,,
96178,293.3401,-45.2717,5.59,,PW Tel
96198,293.4234,49.2623,6,,V1743 Cyg
96229,293.5223,7.3789,4.45,,μ Aql
96234,293.5354,-40.0346,5.89,,V4089 Sgr
96258,293.5825,51.2366,5.71,,NSV 24 820
96275,293.6454,19.7734,5,,9 Vul
96288,293.6719,42.4125,5.34,,
96302,293.7122,29.463,5.39,,9 Cyg
96327,293.7802,-10.5604,5.12,,37 Aql
96341,293.8041,-48.0992,4.88,,ι Tel
96406,294.0069,-24.7191,5.64,,h1 Sgr
96441,294.1106,50.2211,4.49,,θ Cyg
96459,294.1582,44.6949,5.17,,
96465,294.1768,-24.8836,4.59,,h2 Sgr
96468,294.1803,-1.2866,4.36,Al Thalimain Posterior,ι Aql
96481,294.2186,11.2732,5.98,,
96483,294.2227,-7.0275,4.93,,κ Aql
96496,294.2639,-18.2311,5.66,,
96516,294.3225,16.4628,5.67,,ε Sge
96536,294.3934,-14.3018,5.46,,
96556,294.4472,-4.6476,5.45,,42 Aql
96620,294.6716,54.9738,5.89,,V1143 Cyg
96665,294.7985,5.3978,5.18,,σ Aql
96683,294.8442,30.1533,4.68,,φ Cyg
96693,294.8604,42.8183,5.41,,14 Cyg
96757,295.0241,18.0139,4.39,Sham,α Sge
96760,295.0299,-23.4291,5.97,,
96807,295.1805,-0.6212,5.64,,45 Aql
96808,295.1808,-16.2933,5.3,,e1 Sgr
96825,295.2091,45.5249,5.06,,
96837,295.2622,17.476,4.39,,β Sge
96840,295.273,13.8157,5.98,,QS Aql
96895,295.454,50.5251,5.99,,c Cyg
96950,295.6297,-16.124,5.06,,e2 Sgr
96957,295.6417,11.8266,5.28,,χ Aql
96977,295.6859,32.4267,5.93,,
97063,295.8897,-15.4701,5.49,,
97077,295.9289,25.7719,5.5,,10 Vul
97081,295.9379,41.7731,5.86,,
97118,296.0692,37.3544,4.89,,15 Cyg
97122,296.0767,69.3371,5.9,,
97165,296.2437,45.1308,2.86,Fawaris,δ Cyg
97229,296.4164,7.6132,5.89,,υ Aql
97260,296.5051,-31.9086,5.51,,
97278,296.5649,10.6133,2.72,Tarazed,γ Aql
97290,296.5906,-19.7611,4.87,,f Sgr
97295,296.6067,33.7276,5,,17 Cyg
97365,296.8469,18.5343,3.68,,δ Sge
97376,296.8657,38.4076,5.83,,
97402,296.9523,25.3841,6,,
97421,297.005,-56.3626,5.33,,ν Tel
97433,297.0431,70.2679,3.84,Tyl,ε Dra
97473,297.1752,11.8159,5.75,,π Aql
97496,297.2444,19.142,5.01,,ζ Sge
97499,297.2592,-10.8708,6,,
97534,297.3554,-72.5034,5.39,,
97598,297.5586,-47.5574,5.91,,
97630,297.6416,38.7224,5.18,,19 Cyg
97634,297.6555,40.5998,5.68,,V0380 Cyg
97635,297.6572,52.988,5.03,,d Cyg
97646,297.6867,-59.1937,5.41,,
97649,297.6958,8.8683,0.76,Altair,α Aql
97650,297.6949,-10.7635,5.38,,51 Aql
97675,297.7568,10.4157,5.12,,ο Aql
97679,297.7671,22.61,4.9,,12 Vul
97749,297.9609,-39.8744,5.32,,V3961 Sgr
97757,297.9961,47.0273,5.6,,
97765,298.0066,24.9922,5.54,,
97774,298.0299,47.9318,5.91,,
97783,298.05,-19.045,5.88,,57 Sgr
97804,298.1182,1.0057,3.87,Tarazed,η Aql
97816,298.1572,-54.971,5.76,,
97870,298.3224,57.5235,5.14,,23 Cyg
97871,298.3281,-3.1145,5.63,,V1291 Aql
97886,298.3654,24.0796,4.57,,13 Vul
97928,298.5345,-8.5742,5.76,,56 Aql
97938,298.562,8.4615,4.71,Libertas,ξ Aql
97961,298.6295,24.3194,5.56,,
97966,298.6569,-8.2273,5.7,,57 Aql
97980,298.6867,0.2736,5.6,,58 Aql
97985,298.701,36.9957,5.79,,
98032,298.8154,-41.8683,4.12,,ι Sgr
98036,298.8283,6.4068,3.71,Alshain,β Aql
98055,298.9074,52.4389,4.91,,ψ Cyg
98066,298.9598,-26.2995,4.7,Terebellum,ω Sgr
98068,298.9657,38.4867,4.95,,22 Cyg
98073,298.9807,58.846,4.98,,
98085,299.0053,16.6348,5.71,,10 Sge
98103,299.0594,11.4237,5.28,,φ Aql
98110,299.0765,35.0834,3.89,,η Cyg
98162,299.2368,-27.1699,4.54,Terebellum,b1 Sgr
98174,299.2763,-58.9014,5.24,,
98194,299.3078,40.3678,5.46,,
98234,299.4394,16.7892,5.54,,11 Sge
98258,299.4876,-15.4915,5.01,,g Sgr
98325,299.6583,30.9837,5.51,,
98332,299.672,-69.164,5.74,,
98337,299.6893,19.4921,3.51,,γ Sge
98353,299.7383,-26.1958,4.84,Terebellum,A Sgr
98375,299.7939,23.1013,5.68,,14 Vul
98383,299.8351,45.7725,5.92,,
98412,299.9341,-35.2763,4.37,,θ1 Sgr
98416,299.9473,-9.9582,5.87,,
98421,299.964,-34.6978,5.3,,θ2 Sgr
98425,299.98,37.0429,5.15,,25 Cyg
98438,300.0138,17.5165,5.33,,13 Sge
98461,300.0664,-37.7017,5.95,,
98470,300.0844,-33.7035,5.65,,
98478,300.0963,-66.9494,5.75,,μ1 Pav
98495,300.1481,-72.9105,3.97,,ε Pav
98512,300.2014,-45.1129,5.8,,
98526,300.2457,8.5577,5.9,,
98543,300.2752,27.7536,4.66,,15 Vul
98571,300.3398,50.1047,5.06,,e Cyg
98583,300.3689,64.821,5.22,,e Dra
98608,300.4364,-59.3759,4.95,,NU Pav
98609,300.4363,24.8004,5.88,,
98624,300.4686,-66.944,5.32,,μ2 Pav
98633,300.4942,-13.6372,5.69,,63 Sgr
98636,300.506,24.938,5.23,,16 Vul
98688,300.6645,-27.7098,4.43,Terebellum,c Sgr
98702,300.7045,67.8736,4.51,,ρ Dra
98738,300.8183,18.501,5.99,,
98754,300.8751,16.0313,5.73,,14 Sge
98761,300.8894,-37.9407,4.77,,
98767,300.9059,29.8968,5.73,,
98819,301.0259,17.0702,5.8,,15 Sge
98823,301.0346,7.278,5.51,,τ Aql
98842,301.0816,-32.0563,4.99,,
98844,301.0965,-0.7093,5.67,,62 Aql
98863,301.1507,32.2186,5.62,,V1768 Cyg
98920,301.2896,19.9911,5.09,,η Sge
98962,301.387,61.9954,5.4,,66 Dra
99026,301.5577,53.1657,5.81,,
99031,301.5907,35.9725,5.38,,b1 Cyg
99080,301.7225,23.6144,5.08,,17 Vul
99120,301.8465,-52.8808,4.93,,ξ Tel
99171,302.0076,-0.6782,5.97,,64 Aql
99240,302.1817,-66.1821,3.55,,δ Pav
99255,302.2223,77.7114,4.38,Al Aghnam,κ Cep
99303,302.3567,36.8396,4.93,,b2 Cyg
99404,302.6397,26.9042,5.51,,18 Vul
99461,302.7997,-36.1012,5.32,,
99473,302.8262,-0.8215,3.24,,θ Aql
99500,302.8955,62.0785,5.7,,68 Dra
99518,302.9499,26.809,5.51,,19 Vul
99531,303.0029,26.4788,5.91,,20 Vul
99572,303.1078,-12.6175,5.84,,ξ Cap
99631,303.3078,-1.0093,5.44,,66 Aql
99639,303.3252,46.8157,4.8,,30 Cyg
99655,303.3494,56.5677,4.28,,33 Cyg
99663,303.3651,60.6406,5.81,,
99675,303.4079,46.7413,3.8,,ο1 Cyg
99738,303.5605,28.6948,5.19,,21 Vul
99742,303.5692,15.1976,4.94,,ρ Aql
99747,303.5793,-52.4458,5.65,,
99770,303.6335,36.8063,4.93,,b3 Cyg
99824,303.8162,25.592,4.79,,QR Vul
99825,303.8225,-27.033,5.73,,
99841,303.849,33.7291,5.7,,
99848,303.868,47.7142,3.96,,ο2 Cyg
99853,303.876,23.5089,5.18,,22 Vul
99874,303.9422,27.8142,4.5,,23 Vul
99889,304.0026,45.5795,5.87,,
99951,304.1962,24.6711,5.3,,24 Vul
99968,304.2304,40.3651,5.27,,
100017,304.3805,66.8537,5.91,,
100027,304.412,-12.5082,4.3,Prima Giedi,α1 Cap
100044,304.4467,38.0329,4.77,Revenant of the Swan,P Cyg
100062,304.5058,-21.81,5.86,,4 Cap
100064,304.5136,-12.5449,3.58,Algedi,α2 Cap
100069,304.5291,40.7321,5.83,,
100097,304.6031,55.3971,5.76,,
100108,304.6194,36.9998,5.58,,36 Cyg
100122,304.6628,34.9828,5.14,,35 Cyg
100195,304.8484,-19.1185,5.28,,σ Cap
100221,304.903,62.2575,5.71,,71 Dra
100256,305.0008,13.5481,5.96,,
100261,305.0251,68.8803,5.59,,
100276,305.0892,17.7929,5.82,,
100310,305.1659,-12.7591,4.77,Alshat,ν Cap
100345,305.2528,-14.7814,3.05,Dabih,β Cap
100357,305.298,63.9801,5.69,,
100435,305.5143,24.4461,5.5,,25 Vul
100437,305.5224,45.795,5.58,,
100453,305.5571,40.2567,2.23,Sadr,γ Cyg
100469,305.6146,-42.0495,5.6,,κ1 Sgr
100501,305.6887,41.026,5.95,,
100541,305.7946,5.343,5.3,,
100574,305.9349,37.4764,5.87,,
100587,305.9651,32.1902,4.43,,39 Cyg
100591,305.9716,-42.4229,5.64,,κ2 Sgr
100738,306.3618,-28.6633,5.86,,
100751,306.4119,-56.7351,1.94,Peacock,α Pav
100754,306.4189,21.4096,5.68,,
100859,306.7594,49.3834,5.73,,43 Cyg
100881,306.83,-18.2117,5.08,Okul,π Cap
100907,306.8927,38.4403,5.63,,40 Cyg
100965,307.0608,81.4227,5.38,,75 Dra
101027,307.2151,-17.8137,4.77,,ρ Cap
101067,307.335,36.4547,5.9,,42 Cyg
101076,307.3489,30.3686,4.01,,41 Cyg
101082,307.3649,81.0913,5.96,,74 Dra
101084,307.363,56.0682,5.89,,
101093,307.3954,62.9941,4.21,Al Kidr,θ Cep
101101,307.4125,-2.8855,4.91,,69 Aql
101123,307.4746,-18.5832,5.94,,ο Cap
101138,307.5148,48.9516,4.94,Ruchba,ω1 Cyg
101243,307.8284,49.2203,5.44,Ruchba,ω2 Cyg
101260,307.8767,74.9546,5.18,,73 Dra
101345,308.0987,-9.8534,5.66,,
101421,308.3032,11.3033,4.03,Aldulfin,ε Del
101427,308.3235,-80.9649,5.76,,
101474,308.4758,35.2509,4.61,,47 Cyg
101475,308.4785,46.6939,5.78,,V2015 Cyg
101477,308.4795,-44.516,5.12,,ν Mic
101483,308.4877,13.0273,5.39,,η Del
101589,308.8272,14.6742,4.64,,ζ Del
101612,308.8952,-60.5817,4.75,,φ1 Pav
101692,309.1818,-2.55,4.91,,70 Aql
101716,309.2695,26.4619,5.59,,27 Vul
101769,309.3873,14.5951,3.64,Rotanev,β Del
101772,309.3918,-47.2915,3.11,Persian,α Ind
101773,309.3971,-61.5299,4.86,,ρ Pav
101800,309.4547,11.3777,5.42,,ι Del
101843,309.5775,-81.2891,5.89,,
101847,309.5845,-1.1051,4.31,,l Aql
101867,309.6306,21.2012,4.81,,29 Vul
101868,309.633,24.116,5.06,,28 Vul
101870,309.6458,23.6805,5.91,,
101882,309.6833,13.3151,5.69,,θ Del
101899,309.748,30.3343,5.68,,
101909,309.7707,15.8382,5.99,,
101916,309.7824,10.0862,5.07,,κ Del
101923,309.818,-14.9548,5.24,,τ Cap
101936,309.8537,0.4864,5.15,,1 Aqr
101958,309.9095,15.9121,3.77,Sualocin,α Del
101983,310.011,-60.5489,5.11,,φ2 Pav
101984,310.0123,-18.1387,5.15,,υ Cap
101986,310.0132,43.4589,5.97,,
102014,310.0826,-33.4318,5.47,,
102026,310.1355,-16.1242,5.79,,
102066,310.2606,32.3073,5.53,,49 Cyg
102092,310.3486,-31.5983,5.75,,
102098,310.358,45.2803,1.25,Deneb,α Cyg
102155,310.4854,41.7169,5.68,,
102157,310.4878,-66.7607,5.14,,υ Pav
102162,310.5124,-76.1806,5.99,,μ1 Oct
102177,310.5526,50.34,5.41,,51 Cyg
102208,310.6468,82.5312,5.75,,76 Dra
102253,310.7959,66.6574,5.59,,4 Cep
102281,310.8647,15.0746,4.43,Al Ukud,δ Del
102333,311.0097,-51.921,4.51,,η Ind
102358,311.0919,56.4884,5.91,,V0414 Cep
102388,311.2188,25.2706,4.92,,30 Vul
102395,311.2396,-66.2032,3.42,,β Pav
102422,311.3224,61.8388,3.41,Kabalfird,η Cep
102431,311.338,57.5797,4.52,,υ1 Cep
102453,311.4156,30.7197,4.22,,52 Cyg
102485,311.5239,-25.2709,4.13,Wei,ψ Cap
102487,311.5416,-21.514,5.91,,17 Cap
102488,311.5528,33.9703,2.48,Aljanah,ε Cyg
102497,311.5836,-39.1993,5.48,,
102531,311.6619,16.1241,5.15,,γ1 Del
102532,311.6646,16.1243,4.27,Al Salib,γ2 Del
102571,311.7948,34.3741,4.93,,T Cyg
102589,311.8522,36.4907,4.53,,λ Cyg
102599,311.8894,80.5523,5.36,,
102618,311.919,-9.4958,3.78,Albali,ε Aqr
102624,311.9343,-5.0277,4.43,,k Aqr
102633,311.9514,6.0082,5.57,,13 Del
102635,311.9554,47.8319,5.6,,
102693,312.1214,-43.9885,5.11,,ι Mic
102724,312.2345,46.1141,4.81,,55 Cyg
102772,312.3234,-25.7812,5.86,,
102773,312.3257,-68.7765,5.41,,σ Pav
102790,312.3707,-46.2268,4.9,,ζ Ind
102831,312.492,-33.7797,4.89,,α Mic
102843,312.5205,44.0593,5.06,,56 Cyg
102891,312.6741,-12.5449,5.87,,
102916,312.7532,-37.9133,5.52,,
102945,312.8573,-5.6266,5.99,,4 Aqr
102949,312.8677,28.2505,5.66,,T Vul
102950,312.8752,-51.6082,5.06,,ι Ind
102962,312.9104,-62.4293,5.67,,
102978,312.9554,-26.9191,4.12,,ω Cap
103004,313.032,27.097,4.56,,31 Vul
103005,313.0362,-5.5071,5.55,,5 Aqr
103045,313.1635,-8.9833,4.73,Albulan,μ Aqr
103089,313.3115,44.3873,4.8,,57 Cyg
103094,313.3274,45.1817,5.48,,
103127,313.4174,-39.8099,5.34,,
103145,313.4746,33.4379,5.47,,
103200,313.6402,28.0576,5.03,,32 Vul
103219,313.6848,75.9256,5.99,,
103226,313.6992,-17.9229,5.78,,19 Cap
103227,313.7025,-58.4542,3.67,,β Ind
103294,313.9029,13.7215,5.19,,17 Del
103298,313.9107,12.5686,5.54,,16 Del
103312,313.9575,47.4177,5.68,,
103359,314.1062,50.7286,5.83,,
103360,314.1079,49.1958,5.92,,
103371,314.1449,44.9247,5.96,,
103389,314.1972,-26.2964,5.7,,
103401,314.2251,-9.6975,5.49,,7 Aqr
103413,314.2934,41.1671,3.94,,ν Cyg
103460,314.4194,-16.0315,5.89,,
103511,314.5681,22.3259,5.3,,33 Vul
103519,314.5811,44.4717,5.55,,
103527,314.6081,10.8393,5.51,Musica,18 Del
103530,314.6251,50.4618,5.59,,
103545,314.6743,-14.4831,5.95,,DV Aqr
103569,314.7687,4.2935,5.3,,ε Equ
103571,314.7713,4.2946,5.24,,
103598,314.8558,59.4386,5.54,,
103632,314.9565,47.521,4.74,,f1 Cyg
103652,315.0166,7.5162,5.98,,
103673,315.0895,-51.2653,5.76,,
103675,315.1154,19.3296,5.69,,
103732,315.2955,46.1558,5.38,,60 Cyg
103738,315.3228,-32.2578,4.67,,γ Mic
103810,315.5375,56.6696,5.83,,
103836,315.6132,-38.531,5.93,,
103882,315.7415,-38.6314,5.32,,ζ Mic
103956,315.9484,53.2859,5.93,,
103981,316.0197,-5.8231,5.53,,12 Aqr
104019,316.1013,-19.855,4.82,Arm,η Cap
104031,316.1444,5.5029,5.63,,3 Equ
104043,316.1794,-77.0238,5.13,,α Oct
104060,316.2328,43.9279,3.72,,ξ Cyg
104085,316.3094,-54.727,5.17,,μ Ind
104101,316.3613,5.9582,5.94,,4 Equ
104105,316.3719,78.1264,5.91,,77 Dra
104139,316.4868,-17.2329,4.08,,θ Cap
104148,316.5048,-30.1251,5.69,,δ Mic
104171,316.5971,71.4318,5.88,,
104174,316.6028,-32.3416,5.2,,2 PsA
104177,316.6063,-41.386,5.55,,η Mic
104185,316.626,31.1847,5.77,,DT Cyg
104194,316.6504,47.6484,4.56,,f2 Cyg
104214,316.7248,38.7494,5.2,,61 Cyg
104234,316.7819,-25.0059,4.49,,A Cap
104364,317.1362,-63.9283,5.75,,
104365,317.1401,-21.1937,5.3,,χ Cap
104371,317.162,30.2056,5.6,,V0389 Cyg
104382,317.1952,-88.9565,5.45,Polaris Australis,σ Oct
104440,317.3435,-73.173,5.67,,
104459,317.3985,-11.3717,4.5,Albulaan,ν Aqr
104516,317.5649,53.5631,5.75,,
104521,317.5854,10.1316,4.7,,γ Equ
104642,317.951,59.9866,5.64,,
104680,318.0571,-40.2694,5.83,,NSV 25 506
104732,318.2341,30.2269,3.21,,ζ Cyg
104738,318.2628,-39.4249,5.25,,
104750,318.3222,-27.6193,5.41,,3 PsA
104752,318.329,-36.4235,5.97,,
104755,318.3355,-70.1263,5.06,,ο Pav
104858,318.6201,10.007,4.47,,δ Equ
104887,318.6979,38.0453,3.74,,τ Cyg
104963,318.9079,-20.6517,5.17,,φ Cap
104968,318.9269,77.0123,5.92,,
104974,318.9368,-15.1715,5.31,,29 Cap
104978,318.9411,-53.2631,5.73,,
104987,318.956,5.2478,3.92,Kitalpha,α Equ
105080,319.3094,55.798,6,,
105102,319.354,39.3947,4.22,,σ Cyg
105138,319.4795,34.8969,4.41,,υ Cyg
105140,319.4845,-32.1725,4.71,,ε Mic
105143,319.4887,-17.9851,5.4,,30 Cap
105164,319.5461,-4.5195,5.83,,15 Aqr
105186,319.6133,43.9459,5.04,,A Cyg
105199,319.6449,62.5856,2.45,Alderamin,α Cep
105224,319.7168,11.2034,5.97,,
105259,319.8154,58.6235,5.51,,V0381 Cep
105268,319.8426,64.8719,5.19,,6 Cep
105269,319.8424,38.2375,5.89,,V1334 Cyg
105282,319.8698,49.5103,5.75,,
105319,319.9666,-53.4494,4.39,,θ Ind
105382,320.1902,-40.8095,4.8,,θ1 Mic
105411,320.2683,23.856,5.58,,34 Vul
105412,320.268,-4.5601,5.87,,16 Aqr
105413,320.2701,7.3545,5.81,,9 Equ
105497,320.5017,49.3888,5.68,,
105502,320.5217,19.8045,4.08,,1 Peg
105515,320.5617,-16.8345,4.28,,ι Cap
105570,320.7234,6.8111,5.16,,β Equ
105574,320.7344,-9.3193,5.99,,17 Aqr
105576,320.7521,-22.669,5.63,,
105652,320.9951,24.2741,5.7,,
105665,321.04,-20.8519,5.38,,33 Cap
105668,321.0479,-12.8781,5.48,,18 Aqr
105696,321.1034,-41.0067,5.76,,θ2 Mic
105703,321.1417,26.1746,5.67,,
105727,321.2065,80.5248,5.97,,
105761,321.3043,-9.7486,5.71,,19 Aqr
105767,321.3207,-3.5567,5.48,,21 Aqr
105769,321.3315,46.7143,5.59,,
105811,321.4459,36.6674,5.93,,69 Cyg
105854,321.5953,-37.8294,5.64,,
105858,321.6109,-65.3662,4.21,,γ Pav
105881,321.6668,-22.4113,3.77,Yen,ζ Cap
105898,321.7151,48.8352,5.29,,
105913,321.7568,-42.5479,5.5,,
105928,321.8117,-21.1962,5.78,,35 Cap
105942,321.839,37.1168,5.3,,70 Cyg
105966,321.9169,27.6086,5.39,,35 Vul
105972,321.9423,66.8091,5.42,,7 Cep
106003,322.0344,32.2253,5.75,,
106032,322.165,70.5607,3.23,Alfirk,β Cep
106039,322.1808,-21.8072,4.5,,b Cap
106044,322.1872,-69.5054,5.47,,SX Pav
106062,322.2491,22.1794,5.84,,NV Peg
106093,322.3623,46.5406,5.22,,g Cyg
106140,322.4871,23.6388,4.52,,2 Peg
106227,322.747,60.4594,5.53,,
106278,322.8897,-5.5712,2.9,Sadalsuud,β Aqr
106327,323.0245,-41.1793,5.29,,ξ Gru
106340,323.0607,-33.9446,5.97,,6 PsA
106393,323.2358,49.9776,5.77,,
106429,323.348,-44.8487,5.57,,
106481,323.4952,45.5918,3.98,,ρ Cyg
106551,323.694,38.5341,4.87,,72 Cyg
106559,323.7127,-20.0843,5.7,,37 Cap
106592,323.8234,-3.9833,5.79,,
106642,324.0104,45.3746,5.96,,W Cyg
106654,324.0457,-26.1715,5.73,,8 PsA
106711,324.2374,40.4135,5.04,,74 Cyg
106723,324.2701,-19.466,4.51,Kastra,ε Cap
106786,324.438,-7.8542,4.68,Bunda,ξ Aqr
106787,324.4393,19.3186,5.46,,5 Peg
106801,324.4801,62.0819,4.76,,9 Cep
106856,324.6331,5.7717,5.66,,4 Peg
106886,324.7401,57.489,5.74,,
106897,324.755,20.2655,5.77,,NZ Peg
106944,324.8886,2.2436,5.1,,d Aqr
106985,325.0227,-16.6623,3.69,Nashira,γ Cap
106999,325.0463,43.2738,5.09,,75 Cyg
107089,325.3694,-77.39,3.73,,ν Oct
107095,325.3869,-14.0476,5.16,,42 Cap
107119,325.4804,71.3114,4.55,,11 Cep
107128,325.5029,-23.2629,5.24,,41 Cap
107129,325.5045,35.5102,5.98,,V0460 Cyg
107136,325.5236,51.1896,4.69,Azelfafage,π1 Cyg
107144,325.5421,1.2853,5.66,,26 Aqr
107151,325.5644,5.6801,5.3,,7 Peg
107162,325.5957,41.077,5.73,,77 Cyg
107188,325.6646,-18.8663,4.72,,κ Cap
107230,325.7668,72.3201,5.18,,78 Dra
107232,325.7683,-14.3997,5.88,,44 Cap
107235,325.777,41.155,5.51,,
107253,325.8569,38.2836,5.69,,79 Cyg
107259,325.8769,58.78,4.23,The Garnet Star,μ Cep
107302,326.004,-14.7494,5.96,,45 Cap
107310,326.0357,28.7426,4.49,,μ1 Cyg
107315,326.0465,9.875,2.38,Enif,ε Peg
107348,326.1279,17.35,4.34,,9 Peg
107350,326.1305,14.7719,5.96,,HN Peg
107354,326.1614,25.645,4.14,,κ Peg
107374,326.222,62.4606,5.94,,
107380,326.2367,-33.0258,4.35,,ι PsA
107382,326.2511,-9.0824,5.1,,c Cap
107418,326.3622,61.1208,4.25,Castula,ν Cep
107472,326.5182,22.9489,5.29,,12 Peg
107487,326.5678,-9.2759,6,,47 Cap
107517,326.6337,-11.366,5.57,,λ Cap
107533,326.6984,49.3096,4.23,,π2 Cyg
107556,326.7602,-16.1273,2.85,Deneb Algedi,δ Cap
107575,326.8082,2.6861,5.63,,11 Peg
107586,326.8554,60.6927,5.53,,12 Cep
107608,326.934,-30.8983,5.02,,θ PsA
107649,327.0656,-47.3036,5.57,,
107763,327.4612,30.1742,5.07,,14 Peg
107773,327.5005,-64.7125,5.62,,
107788,327.5362,17.2859,5.34,,13 Peg
107835,327.6966,-69.6294,5.52,,ο Ind
107843,327.7273,-82.7189,5.27,,λ Oct
107887,327.8927,19.8267,5.78,,
107930,328.0043,55.7967,5.7,,
107975,328.1247,28.7935,5.52,,15 Peg
108022,328.2657,25.9251,5.09,,16 Peg
108036,328.324,-13.5518,5.08,,μ Cap
108060,328.4058,19.6684,5.69,,
108085,328.4822,-37.3649,3,Aldhanab,γ Gru
108102,328.5432,-4.2762,5.71,,
108165,328.7215,56.6112,5.74,,13 Cep
108195,328.7975,-61.8866,5.92,,
108226,328.8792,65.3208,5.84,,
108294,329.0949,-37.2537,5.45,,
108317,329.1631,63.6256,5.11,,VV Cep
108339,329.2349,12.0765,5.54,,17 Peg
108431,329.4795,-54.9926,4.4,,δ Ind
108505,329.723,62.698,5.96,,
108535,329.8124,73.1799,5.04,,16 Cep
108543,329.8246,-38.3951,5.5,,
108612,330.033,6.7174,6,,18 Peg
108661,330.2093,-28.4537,5.43,,η PsA
108691,330.2709,0.6047,5.6,,28 Aqr
108693,330.2723,13.1198,5.61,,20 Peg
108699,330.2885,8.2572,5.65,,19 Peg
108758,330.4608,52.8823,5.79,,
108772,330.5191,58.0004,5.55,,14 Cep
108845,330.7361,44.6499,5.57,,V1942 Cyg
108849,330.7659,-76.1184,5.94,,
108868,330.8186,-6.5224,5.55,,30 Aqr
108870,330.8402,-56.786,4.69,,ε Ind
108874,330.8285,-2.1554,4.74,Sadalmulk,ο Aqr
108875,330.8293,11.3866,5.83,,21 Peg
108917,330.9477,64.628,4.26,Kurhah,ξ Cep
108924,330.9707,63.1199,5.26,,18 Cep
108975,331.1532,-26.8224,5.97,,UU PsA
108991,331.1976,-0.9063,5.29,,32 Aqr
109005,331.2521,62.7857,5.27,,20 Cep
109017,331.2866,62.2798,5.07,,19 Cep
109023,331.2972,26.6737,5.75,,
109056,331.3945,28.964,5.69,,23 Peg
109068,331.4198,5.0585,4.86,Fum al Faras,ν Peg
109074,331.446,-0.3199,2.95,Sadalmelik,α Aqr
109081,331.4626,-59.6361,5.62,,κ Ind
109102,331.5081,45.0143,5.09,,
109111,331.5287,-39.5434,4.47,,λ Gru
109139,331.6093,-13.8697,4.29,,ι Aqr
109176,331.7528,25.3451,3.77,,ι Peg
109209,331.8691,19.4755,5.74,,
109240,331.9596,21.7029,5.79,,25 Peg
109268,332.0583,-46.961,1.73,Alnair,α Gru
109285,332.0959,-32.9885,4.5,,μ PsA
109289,332.1081,-34.0438,4.99,,υ PsA
109332,332.2458,-18.5196,5.8,,35 Aqr
109352,332.3068,33.1723,5.58,,π1 Peg
109400,332.4518,72.3412,4.79,,24 Cep
109404,332.4821,-34.015,5.37,,
109410,332.4969,33.1782,4.28,,π Peg
109422,332.5366,-32.5484,4.94,,τ PsA
109427,332.5499,6.1979,3.52,Biham,θ Peg
109466,332.6406,-4.2669,5.98,,
109471,332.656,11.6245,5.78,,
109472,332.6562,-11.5649,5.43,,e Aqr
109474,332.6616,70.1326,5.52,,
109492,332.7137,58.2013,3.39,,ζ Cep
109521,332.7912,50.8234,5.38,,
109556,332.8774,59.4145,5.05,,λ Cep
109572,332.9532,56.8394,5.24,,
109577,332.9639,16.0406,5.93,,
109592,333.0084,60.7591,5.37,,
109602,333.0337,24.9506,5.97,,
109620,333.0935,63.291,5.76,,
109654,333.1993,34.6046,5.34,,
109693,333.2942,86.108,5.27,,
109730,333.4112,28.608,5.87,,
109737,333.4351,-25.1809,5.58,,
109745,333.4552,45.4406,5.53,,
109754,333.4697,39.7149,4.5,,
109786,333.5751,-21.0746,5.33,,41 Aqr
109789,333.5781,-27.7669,5.45,,λ PsA
109831,333.6849,42.9539,5.72,,
109857,333.7591,57.0436,4.18,,ε Cep
109908,333.9038,-41.3467,4.79,,μ1 Gru
109937,333.9924,37.7487,4.14,,1 Lac
109972,334.1107,57.2202,5.88,,
109973,334.1107,-41.6272,5.11,,μ2 Gru
110000,334.2002,-12.8314,5.34,,42 Aqr
110003,334.2085,-7.7833,4.17,Ancha,θ Aqr
110009,334.219,-9.0401,5.8,,
110023,334.2771,-5.3872,5.75,,44 Aqr
110078,334.4608,-77.5116,5.49,,ψ Oct
110103,334.5527,62.8044,5.75,,25 Cep
110109,334.5651,-53.6271,5.36,,
110130,334.6254,-60.2596,2.87,,α Tuc
110179,334.7531,-13.305,5.96,,45 Aqr
110256,335.007,-80.4397,5.09,,ε Oct
110273,335.0497,-7.8211,5.35,,ρ Aqr
110298,335.1149,5.7895,5.37,,30 Peg
110351,335.2564,46.5366,4.55,,2 Lac
110371,335.3306,28.3305,4.78,,32 Peg
110386,335.3795,12.2052,4.82,,31 Peg
110391,335.3982,-21.5982,5.12,,47 Aqr
110395,335.4141,-1.3873,3.86,Sadachbia,γ Aqr
110506,335.7833,-45.9285,5.62,,π2 Gru
110529,335.8785,-24.7627,5.53,,49 Aqr
110532,335.884,-7.1944,5.92,,
110538,335.8901,52.229,4.42,,β Lac
110578,336.0287,-4.837,5.79,,51 Aqr
110602,336.1128,-13.5294,5.76,,50 Aqr
110609,336.1291,49.4764,4.55,,4 Lac
110618,336.1537,-72.2554,5.28,,ν Ind
110649,336.235,-57.7974,5.31,,
110668,336.2942,-70.4316,5.78,,
110672,336.3193,1.3774,4.8,Seat,π Aqr
110725,336.5034,70.7709,5.47,,
110778,336.6428,-16.7421,5.55,,f Aqr
110785,336.6558,4.3938,5.76,,34 Peg
110787,336.6767,78.7859,5.83,,28 Cep
110817,336.7721,65.1323,5.52,,26 Cep
110838,336.8332,-64.9664,4.51,,δ Tuc
110873,336.9427,31.84,6,,
110882,336.9647,4.6957,4.78,,35 Peg
110935,337.157,-67.4891,5.56,,
110936,337.1634,-39.1318,5.47,,ν Gru
110960,337.208,-0.02,3.65,Sadaltager,ζ1 Aqr
110986,337.2833,9.129,5.6,,36 Peg
110991,337.2928,58.4152,4.07,,δ Cep
110992,337.2926,26.7632,5.79,,
110997,337.3174,-43.4956,3.97,,δ1 Gru
111022,337.3826,47.7069,4.34,,5 Lac
111043,337.4393,-43.7492,4.12,,δ2 Gru
111045,337.4417,-27.1073,5.95,,
111056,337.4707,78.8243,5.45,Al Kalb al Rai,ρ Cep
111062,337.4914,4.4317,5.51,,37 Peg
111068,337.5076,32.5726,5.64,,38 Peg
111104,337.6219,43.1234,4.52,,6 Lac
111123,337.6617,-10.678,4.82,,σ Aqr
111169,337.8229,50.2825,3.76,,α Lac
111188,337.8764,-32.3461,4.29,Fum al Hui,β PsA
111196,337.9063,-85.9673,5.76,,υ Oct
111242,338.0676,76.2264,5.7,,
111259,338.1099,39.7797,5.88,,
111310,338.2503,-61.9821,4.91,,ν Tuc
111362,338.4194,56.6247,5.72,,
111394,338.5121,-1.5743,5.88,,60 Aqr
111449,338.6735,-20.7082,5.21,,υ Aqr
111497,338.8391,-0.1175,4.04,,η Aqr
111515,338.9016,-23.9911,5.97,,
111532,338.9422,73.6432,5.08,,31 Cep
111546,338.9679,39.6343,5.73,,8 Lac
111600,339.1477,-31.6638,5.82,,
111643,339.2452,-40.591,5.85,,σ2 Gru
111660,339.304,75.3718,5.8,,
111674,339.3434,51.5451,4.64,,9 Lac
111710,339.4391,-4.2281,5.04,Situla,κ Aqr
111795,339.658,56.7956,5.11,,
111797,339.6627,63.5845,5.19,,30 Cep
111809,339.7144,-33.0813,5.66,,VZ PsA
111810,339.7191,19.5223,5.84,,40 Peg
111841,339.8153,39.0503,4.89,,10 Lac
111925,340.0767,53.8459,5.94,,
111934,340.0929,-30.6589,5.88,,
111944,340.1286,44.2763,4.5,,11 Lac
111954,340.1639,-27.0436,4.18,,ε PsA
111967,340.2038,-57.4223,5.98,,
111974,340.2195,14.5492,5.72,,
112029,340.3655,10.8314,3.41,Homam,ζ Peg
112031,340.3694,40.2254,5.25,,12 Lac
112041,340.4002,41.5491,5.93,,
112051,340.4392,29.3076,4.8,Sadalmatar,ο Peg
112067,340.4894,14.5164,5.92,,
112117,340.6537,-47.2108,5.99,,
112122,340.6669,-46.8846,2.07,Tiaki,β Gru
112158,340.7506,30.2212,2.93,Matar,η Peg
112203,340.8749,-41.4143,4.84,,ρ Gru
112211,340.8968,-18.8304,4.68,,g Aqr
112241,341.0217,39.4653,5.93,,
112242,341.0228,41.8192,5.11,,13 Lac
112374,341.4078,-53.5001,4.84,,η Gru
112381,341.4199,-46.5473,5.52,,
112405,341.5146,-81.3816,4.13,,β Oct
112417,341.5426,44.5461,5.84,,
112440,341.6328,23.5657,3.97,Sadalnazi,λ Peg
112447,341.6733,12.1729,4.2,Suudalnujum,ξ Peg
112519,341.8711,83.1538,4.77,,
112529,341.888,-19.6134,5.24,,68 Aqr
112542,341.9282,-14.0564,5.68,,τ1 Aqr
112590,342.046,37.4167,5.82,,
112623,342.1387,-51.3169,3.49,,ε Gru
112716,342.3979,-13.5926,4.05,,τ2 Aqr
112724,342.4201,66.2004,3.5,,ι Cep
112731,342.443,55.9028,5.43,,
112748,342.5008,24.6016,3.51,Sadalbari,μ Peg
112778,342.5907,41.9534,5.91,,14 Lac
112781,342.5951,-80.1238,5.32,,ξ Oct
112832,342.759,-39.1568,5.43,,
112833,342.7626,85.3737,5.89,,
112862,342.8372,-29.5363,5.99,,21 PsA
112864,342.8443,61.6967,5.61,,
112917,343.0085,43.3124,4.95,,15 Lac
112935,343.1003,9.8357,5.16,,σ Peg
112948,343.1314,-32.8755,4.46,,γ PsA
112961,343.1536,-7.5796,3.73,Hydor,λ Aqr
112997,343.2594,16.8412,5.86,,IM Peg
113031,343.3696,-11.6165,5.8,,74 Aqr
113048,343.4173,44.7492,5.79,,
113084,343.5291,40.3769,5.82,,
113116,343.604,84.3462,4.7,,
113136,343.6626,-15.8208,3.27,Skat,δ Aqr
113148,343.6895,-16.272,5.53,,77 Aqr
113174,343.761,37.0768,5.91,,
113184,343.7957,-4.9879,5.72,,
113186,343.807,8.8162,4.91,,ρ Peg
113222,343.9354,36.3514,5.73,,
113246,343.9871,-32.5396,4.2,,δ PsA
113281,344.0985,41.6039,5.6,,16 Lac
113288,344.1083,49.7335,4.99,,
113307,344.1992,-47.9692,5.72,,τ3 Gru
113327,344.2688,48.6841,5.34,,EW Lac
113357,344.3666,20.7688,5.45,Helvetios,51 Peg
113368,344.4127,-29.6222,1.17,Fomalhaut,α PsA
113503,344.7992,11.7288,5.76,,52 Peg
113521,344.8644,0.9629,5.43,,2 Psc
113532,344.899,-29.4623,5.51,,WX PsA
113561,345.0213,56.9454,5.1,,V0509 Cas
113562,345.0241,-25.1642,5.66,,
113622,345.1788,3.0118,5.85,,
113638,345.22,-52.7541,4.11,,ζ Gru
113657,345.2816,-50.95,5.68,,
113669,345.3308,-28.854,5.55,,
113686,345.3821,-4.7115,5.94,,
113726,345.4803,42.326,3.62,,ο And
113788,345.6516,42.7578,5.09,,2 And
113801,345.6844,-20.8707,5.97,,
113860,345.8742,-34.7494,5.12,,π PsA
113864,345.887,67.2092,5.25,,
113881,345.9436,28.0828,2.44,Scheat,β Peg
113889,345.9692,3.82,4.48,Fumalsamakah,β Psc
113902,345.9985,-41.4789,5.79,,
113919,346.0458,50.0521,4.64,,3 And
113957,346.1651,-53.9649,5.37,,κ Gru
113963,346.1902,15.2053,2.49,Markab,α Peg
113969,346.2176,-68.8202,5.53,,
113996,346.2908,-7.6938,5.44,,h Aqr
114104,346.6534,59.4198,4.84,,1 Cas
114119,346.6702,-23.7431,4.48,,c1 Aqr
114131,346.7197,-43.5204,4.28,,θ Gru
114132,346.7234,-38.8923,5.62,,υ Gru
114144,346.7511,9.4095,4.54,,55 Peg
114155,346.7781,25.4683,4.76,,56 Peg
114167,346.8116,-50.6867,5.81,,
114189,346.8696,21.1343,5.97,,V0342 Peg
114200,346.9136,46.3872,5.3,,4 And
114210,346.9391,49.2958,5.68,,5 And
114222,346.9744,75.3875,4.41,,π Cep
114254,347.0878,-28.8237,5.6,,
114273,347.1705,2.1279,5.42,,A Psc
114341,347.3617,-21.1724,3.68,,c2 Aqr
114347,347.3811,8.6772,5.05,,57 Peg
114365,347.4339,59.3327,5.68,,2 Cas
114366,347.436,-28.0886,5.88,,
114375,347.4787,-22.4576,4.71,,c3 Aqr
114382,347.489,-42.8613,5.83,,
114389,347.5061,9.8221,5.39,,58 Peg
114407,347.5406,-40.5915,5.9,,
114421,347.5897,-45.2467,3.88,,ι Gru
114430,347.6133,43.5442,5.91,,6 And
114449,347.6777,17.5944,5.68,,
114520,347.9341,8.7201,5.15,,59 Peg
114570,348.1375,49.4062,4.53,,7 And
114622,348.3207,57.1684,5.57,,
114641,348.3604,11.065,5.85,,
114724,348.5807,-6.049,4.22,,φ Aqr
114745,348.6546,74.2313,5.89,,
114775,348.7443,-41.1054,5.77,,
114822,348.8927,-3.4964,5.56,,
114831,348.9072,70.8881,5.55,,V0388 Cep
114855,348.9729,-9.0877,4.24,,ψ1 Aqr
114921,349.1658,-44.4892,5.92,,
114924,349.1763,53.2135,5.58,,
114939,349.2122,-7.7265,4.93,,χ Aqr
114948,349.2404,-62.0012,5.64,,
114971,349.2914,3.2823,3.7,,γ Psc
114996,349.3574,-58.2357,3.99,,γ Tuc
115022,349.436,49.0153,4.82,,8 And
115033,349.4759,-9.1825,4.41,,ψ2 Aqr
115054,349.5412,-40.8244,5.54,,φ Gru
115065,349.5972,41.7737,5.98,,9 And
115088,349.6562,68.1114,4.75,,ο Cep
115102,349.706,-32.532,4.41,,γ Scl
115115,349.7403,-9.6107,4.99,,ψ3 Aqr
115125,349.7765,-13.4547,5.19,,
115126,349.7778,-13.4586,5.2,,94 Aqr
115142,349.8499,-5.1244,5.56,,96 Aqr
115144,349.8504,-18.0754,5.96,,
115152,349.8742,48.6253,5.44,,11 And
115191,349.9684,42.078,5.81,,10 And
115227,350.0858,5.3813,5.05,,b Psc
115250,350.1593,23.7403,4.58,Salm,τ Peg
115271,350.2065,30.4149,5.58,,63 Peg
115280,350.2219,38.1823,5.77,,12 And
115312,350.3146,-26.9868,5.65,,
115355,350.4789,31.8125,5.35,,64 Peg
115395,350.6356,60.1335,5.56,,
115404,350.6632,-15.0393,5.19,,97 Aqr
115438,350.7426,-20.1006,3.96,,b1 Aqr
115444,350.769,12.3139,5.09,,66 Peg
115537,351.0553,-51.8912,5.75,,
115590,351.2094,62.2828,4.96,,4 Cas
115591,351.2118,32.3849,5.56,,67 Peg
115620,351.3311,-56.849,5.6,,
115623,351.3449,23.4041,4.42,Alkarab,υ Peg
115669,351.5116,-20.642,4.38,,b2 Aqr
115713,351.6524,-52.7216,5.53,,ο Gru
115738,351.7331,1.2556,4.95,,κ Psc
115746,351.7536,87.3075,5.56,,
115755,351.7808,42.912,5.75,,13 And
115769,351.8125,-58.4761,5.63,,
115770,351.8193,70.3598,5.6,,
115806,351.9183,25.1673,5.99,,69 Peg
115830,351.9921,6.379,4.27,,θ Psc
115836,352.0158,-87.4822,5.5,,τ Oct
115908,352.2541,-63.1107,5.66,,CG Tuc
115919,352.2887,12.7606,4.54,,70 Peg
115990,352.5081,58.5489,4.89,,AR Cas
116076,352.8226,39.2362,5.22,Veritate,14 And
116231,353.2427,-37.8183,4.38,,β Scl
116247,353.3193,-20.9145,4.7,,b3 Aqr
116250,353.3316,-77.3853,5.82,,
116264,353.3671,22.4988,5.33,,71 Peg
116310,353.4883,31.3253,4.97,,72 Peg
116323,353.5376,-1.2476,5.91,,14 Psc
116354,353.6564,40.2364,5.55,,15 And
116355,353.6592,33.4973,5.63,,73 Peg
116368,353.7057,-15.246,5.95,,
116380,353.746,71.642,5.86,,
116389,353.769,-42.6151,4.69,,ι Phe
116495,354.097,2.1022,5.68,,16 Psc
116582,354.3835,44.429,5.81,,
116584,354.391,46.4582,3.81,,λ And
116591,354.4148,-13.0602,5.66,,
116602,354.4625,-45.4924,4.74,,
116611,354.4867,18.4007,5.49,,75 Peg
116631,354.5342,43.2681,4.29,,ι And
116653,354.5995,-76.8696,5.99,,
116709,354.7847,50.4717,5.35,,18 And
116714,354.7924,75.2929,5.95,,
116727,354.8369,77.6323,3.21,Errai,γ Cep
116728,354.8381,74.0026,5.98,,
116758,354.9461,-14.2222,4.97,,ω1 Aqr
116768,354.9793,9.6773,5.99,,
116771,354.9877,5.6263,4.13,,ι Psc
116805,355.1021,44.3339,4.15,,κ And
116820,355.159,-32.0731,5.3,,μ Scl
116853,355.2871,-11.6807,5.89,,
116889,355.3937,-18.0271,5.36,,A1 Aqr
116901,355.4409,-17.8165,4.82,,A2 Aqr
116918,355.4862,7.2505,5.89,,
116928,355.5117,1.78,4.49,,λ Psc
116957,355.6159,-15.448,5.27,,
116971,355.6806,-14.5449,4.49,,ω2 Aqr
117020,355.8432,10.3315,5.09,,77 Peg
117073,355.9979,29.3615,4.93,,78 Peg
117088,356.0502,-64.4045,5.73,,
117089,356.0503,-18.2769,5.24,,i1 Aqr
117125,356.1702,-78.7914,5.74,,
117218,356.5038,-18.6783,5.28,,i2 Aqr
117221,356.5085,46.4203,4.97,,ψ And
117245,356.598,3.4868,4.95,,19 Psc
117265,356.6531,66.7822,5.95,,
117299,356.758,57.4514,5.55,,
117301,356.7644,58.652,4.88,,τ Cas
117314,356.8163,-11.9111,5.74,,
117315,356.8166,-50.2265,5.18,,σ Phe
117371,356.9782,67.8068,5.05,,
117375,356.9856,-2.7616,5.49,,20 Psc
117447,357.209,62.2145,5.43,,6 Cas
117452,357.2314,-28.1303,4.59,,δ Scl
117491,357.3645,1.0761,5.77,,21 Psc
117500,357.4141,28.8424,5.95,,79 Peg
117503,357.4207,36.4253,5.86,,OU And
117541,357.5614,-9.9741,5.93,,
117567,357.6387,-14.4015,5.7,,
117628,357.8385,9.3134,5.77,,80 Peg
117629,357.8389,-18.9092,5.17,,i3 Aqr
117683,357.991,2.9304,5.59,,22 Psc
117689,358.027,-82.0188,5.1,,γ1 Oct
117718,358.122,19.1203,5.06,,φ Peg
117722,358.125,-14.2512,5.85,,
117730,358.1546,10.9473,5.3,,82 Peg
117756,358.2105,-8.9968,5.76,,h Aqr
117761,358.2315,-3.1555,5.93,,24 Psc
117863,358.596,57.4994,4.51,,ρ Cas
117887,358.6943,0.1093,5.78,,XZ Psc
118077,359.2853,55.7057,5.57,,V1022 Cas
118092,359.3329,-62.9566,5.95,,
118114,359.387,-82.1698,5.72,,γ2 Oct
118121,359.3962,-64.2982,5,,η Tuc
118131,359.4397,25.1414,4.63,,ψ Peg
118209,359.6682,-3.556,4.88,,27 Psc
118234,359.7324,-52.7458,5.13,,π Phe
118243,359.7522,55.7549,4.88,,σ Cas
118268,359.8279,6.8633,4.03,,ω Psc
118277,359.8662,-29.4852,5.59,,BU Scl
118281,359.8721,33.7239,5.81,,
118322,359.9791,-65.5771,4.49,,ε Tuc
